DateCrawled,Price,VehicleType,RegistrationYear,Gearbox,Power,Model,Kilometer,RegistrationMonth,FuelType,Brand,Repaired,DateCreated,NumberOfPictures,PostalCode,LastSeen
2016-03-30 13:43:51,8691,other,1996,auto,176,,150000,1,other,toyota,,2016-03-30,0,86075,2016-04-05 13:54:03
2016-03-09 14:06:15,6906,,2009,manual,58,3_reihe,150000,9,other,mazda,no,2016-03-09,0,27465,2016-03-15 11:04:42
2016-03-03 08:51:52,5510,sedan,2011,manual,162,qashqai,90000,7,petrol,nissan,yes,2016-03-03,0,82853,2016-03-06 20:51:14
2016-03-23 18:23:42,18918,sedan,2016,manual,190,s_klasse,100000,3,gasoline,mercedes_benz,no,2016-03-23,0,4151,2016-04-13 20:08:54
2016-03-17 03:29:43,11767,small,2008,manual,242,,90000,10,,mercedes_benz,no,2016-03-17,0,4412,2016-04-10 12:42:26
2016-03-15 15:53:54,14938,wagon,2000,manual,137,500,150000,2,gasoline,fiat,no,2016-03-15,0,12722,2016-03-20 03:15:16
2016-03-19 02:39:13,20971,,2014,manual,119,,150000,2,petrol,smart,no,2016-03-19,0,60292,2016-03-28 04:54:42
2016-03-28 00:48:59,12834,small,1995,auto,190,6_reihe,50000,3,petrol,mazda,no,2016-03-28,0,70356,2016-04-16 23:34:13
2016-03-17 13:39:05,25083,other,2006,auto,228,berlingo,150000,6,cng,citroen,no,2016-03-17,0,66864,2016-04-01 21:22:01
2016-03-05 22:22:00,18979,,2000,auto,137,punto,150000,0,gasoline,fiat,no,2016-03-05,0,67292,2016-03-13 13:44:53
2016-03-27 13:29:14,18668,sedan,1995,auto,240,yaris,150000,1,gasoline,toyota,no,2016-03-27,0,44786,2016-03-28 08:58:55
2016-03-03 05:03:08,12731,sedan,2003,manual,48,c_klasse,80000,2,gasoline,mercedes_benz,no,2016-03-03,0,40671,2016-03-03 10:46:03
2016-04-01 00:20:35,25638,suv,2012,manual,207,x_reihe,150000,0,petrol,bmw,no,2016-04-01,0,92706,2016-04-21 14:57:15
2016-03-22 22:57:31,14909,other,2003,manual,147,mondeo,150000,4,gasoline,ford,no,2016-03-22,0,94159,2016-03-29 00:09:58
2016-04-03 14:38:02,16311,wagon,1996,,258,berlingo,80000,2,gasoline,citroen,no,2016-04-03,0,21802,2016-04-11 11:08:12
2016-03-06 14:30:08,24634,wagon,2013,manual,92,2_reihe,125000,7,gasoline,peugeot,,2016-03-06,0,53678,2016-03-13 14:48:11
2016-03-22 10:15:40,17975,other,2009,manual,115,corolla,150000,8,gasoline,toyota,no,2016-03-22,0,45715,2016-03-29 04:24:51
2016-03-25 21:43:56,22211,small,2016,auto,61,fortwo,150000,8,gasoline,smart,no,2016-03-25,0,6244,2016-04-03 00:51:04
2016-04-04 00:03:14,11485,sedan,1997,auto,142,corsa,125000,6,other,opel,no,2016-04-04,0,89003,2016-04-13 06:09:13
2016-03-19 10:31:18,7595,coupe,2001,manual,220,,150000,7,gasoline,mercedes_benz,yes,2016-03-19,0,47400,2016-04-16 01:54:33
2016-04-04 01:28:49,9509,small,2002,manual,98,,30000,9,petrol,toyota,no,2016-04-04,0,65681,2016-04-18 07:43:01
2016-03-20 09:30:08,20877,sedan,2014,auto,156,a1,150000,2,other,audi,no,2016-03-20,0,31805,2016-04-03 06:46:50
2016-03-23 22:20:06,26533,,2009,auto,244,forfour,150000,8,cng,smart,no,2016-03-23,0,72851,2016-04-15 17:38:21
2016-04-04 14:02:36,18264,other,2007,manual,122,corolla,100000,7,,toyota,no,2016-04-04,0,95112,2016-04-13 00:24:21
2016-03-03 05:31:08,20418,wagon,2002,auto,189,leon,150000,3,,seat,no,2016-03-03,0,40059,2016-03-23 18:52:28
2016-04-07 13:57:38,48859,sedan,2016,auto,221,2_reihe,150000,8,hybrid,peugeot,no,2016-04-07,0,79025,2016-04-26 21:03:10
2016-03-17 20:31:08,9541,sedan,1997,manual,119,c_klasse,125000,11,gasoline,mercedes_benz,no,2016-03-17,0,12722,2016-03-18 07:51:57
2016-03-29 00:54:15,4436,coupe,1999,manual,72,v70,70000,3,petrol,volvo,yes,2016-03-29,0,66014,2016-04-07 04:46:52
2016-03-16 05:10:55,16514,other,2009,manual,109,leon,60000,9,,seat,no,2016-03-16,0,17264,2016-04-14 18:21:46
2016-03-13 11:20:57,33848,sedan,2010,auto,204,fortwo,150000,7,gasoline,smart,no,2016-03-13,0,1356,2016-04-10 04:24:34
2016-03-05 23:52:04,28202,coupe,2001,manual,245,,150000,8,hybrid,bmw,,2016-03-05,0,30712,2016-03-10 21:27:33
2016-03-14 15:41:03,17174,wagon,2005,,233,c_klasse,50000,9,other,mercedes_benz,no,2016-03-14,0,93471,2016-03-28 06:03:43
2016-04-04 15:54:39,34104,suv,2005,auto,218,cooper,20000,3,petrol,mini,no,2016-04-04,0,54107,2016-04-08 02:11:49
2016-03-01 05:32:39,3454,small,2010,manual,126,e_klasse,10000,11,other,mercedes_benz,yes,2016-03-01,0,47690,2016-03-08 12:27:23
2016-04-09 01:47:41,21133,bus,2011,manual,153,forfour,70000,4,lpg,smart,no,2016-04-09,0,40719,2016-04-16 22:26:20
2016-03-14 02:48:54,33715,sedan,2016,manual,67,fiesta,10000,6,hybrid,ford,no,2016-03-14,0,45954,2016-04-06 00:32:38
2016-03-22 17:27:30,8843,sedan,2002,manual,215,micra,150000,10,,nissan,,2016-03-22,0,51414,2016-04-10 17:18:35
2016-03-06 12:22:10,8375,bus,1998,manual,69,leon,150000,7,petrol,seat,,2016-03-06,0,63735,2016-03-27 11:18:23
2016-03-29 21:55:05,22311,other,2012,manual,139,a3,20000,6,gasoline,audi,no,2016-03-29,0,46235,2016-04-12 19:01:53
2016-04-01 13:14:42,27560,wagon,2000,auto,221,,125000,1,gasoline,skoda,no,2016-04-01,0,13541,2016-04-07 17:56:13
2016-03-11 19:35:23,4481,suv,1995,manual,51,3er,150000,7,petrol,bmw,,2016-03-11,0,72312,2016-04-04 14:41:02
2016-03-30 21:43:31,10273,,2008,manual,80,fiesta,150000,10,petrol,ford,no,2016-03-30,0,1514,2016-04-25 06:33:11
2016-04-08 17:03:08,51667,convertible,2013,auto,128,avensis,80000,0,gasoline,toyota,,2016-04-08,0,4375,2016-04-20 02:34:29
2016-03-19 10:33:50,21151,other,2014,,195,7er,150000,8,gasoline,bmw,no,2016-03-19,0,71813,2016-03-26 21:37:58
2016-04-04 23:46:08,8119,sedan,2007,manual,185,a1,50000,4,gasoline,audi,yes,2016-04-04,0,59984,2016-04-10 01:21:06
2016-03-17 15:48:29,5520,other,2005,manual,0,panda,90000,11,petrol,fiat,yes,2016-03-17,0,63731,2016-03-27 20:28:30
2016-03-07 13:43:37,13284,sedan,2008,manual,60,v40,80000,4,cng,volvo,,2016-03-07,0,49128,2016-03-12 01:44:45
2016-03-04 07:46:27,36857,coupe,2011,auto,207,berlingo,150000,5,petrol,citroen,no,2016-03-04,0,20314,2016-03-12 03:34:24
2016-03-04 01:06:00,34301,convertible,2015,manual,210,clubman,150000,6,gasoline,mini,,2016-03-04,0,53526,2016-03-15 15:35:28
2016-03-30 03:28:17,36025,,1999,auto,193,octavia,150000,1,hybrid,skoda,no,2016-03-30,0,9042,2016-04-07 11:10:09
2016-03-30 21:10:57,11144,small,2007,manual,98,ibiza,125000,11,hybrid,seat,no,2016-03-30,0,7705,2016-04-11 14:59:38
2016-03-18 23:48:25,14028,other,1997,auto,210,a_klasse,150000,5,cng,mercedes_benz,no,2016-03-18,0,98277,2016-04-16 03:18:26
2016-03-28 06:08:38,7218,sedan,1996,manual,101,500,150000,7,gasoline,fiat,no,2016-03-28,0,21484,2016-04-06 18:10:10
2016-03-11 13:45:26,12357,wagon,2003,manual,122,forfour,150000,6,gasoline,smart,,2016-03-11,0,71804,2016-04-04 07:38:27
2016-04-02 06:48:41,10470,sedan,1998,auto,160,ka,150000,2,cng,ford,no,2016-04-02,0,83370,2016-04-22 11:19:22
2016-04-05 19:55:09,10632,small,2007,manual,173,c3,150000,4,cng,citroen,,2016-04-05,0,94342,2016-04-20 19:16:24
2016-04-07 01:26:55,15069,wagon,2004,auto,44,a3,150000,11,gasoline,audi,no,2016-04-07,0,64875,2016-04-16 03:04:53
2016-04-05 02:55:48,9470,sedan,2000,manual,137,andere,150000,12,petrol,sonstige_autos,no,2016-04-05,0,92382,2016-04-07 01:51:02
2016-03-17 10:49:18,15016,sedan,2008,,141,v40,125000,8,petrol,volvo,no,2016-03-17,0,21735,2016-04-04 22:52:16
2016-03-27 02:52:16,21186,other,2012,auto,224,2_reihe,150000,7,other,mazda,,2016-03-27,0,30936,2016-03-28 19:30:20
2016-04-01 07:20:10,33725,sedan,2009,manual,94,panda,20000,9,,fiat,no,2016-04-01,0,1362,2016-04-09 13:19:08
2016-03-18 14:24:26,11073,wagon,1995,auto,94,octavia,125000,8,petrol,skoda,no,2016-03-18,0,33926,2016-04-11 10:52:56
2016-03-02 12:53:37,7712,other,2003,manual,107,tiguan,150000,5,other,volkswagen,no,2016-03-02,0,51391,2016-03-07 19:30:29
2016-03-27 18:13:42,14416,bus,2007,manual,54,500,150000,11,gasoline,fiat,no,2016-03-27,0,42361,2016-04-11 01:31:18
2016-03-19 21:33:01,6666,wagon,1996,manual,109,golf,100000,9,other,volkswagen,no,2016-03-19,0,82144,2016-04-05 16:08:44
2016-03-27 22:10:39,12648,sedan,2002,auto,97,3_reihe,150000,8,petrol,peugeot,no,2016-03-27,0,91691,2016-04-08 23:10:02
2016-04-09 09:54:00,19267,wagon,2005,auto,135,fabia,150000,11,other,skoda,no,2016-04-09,0,27962,2016-05-02 20:35:40
2016-04-07 14:19:25,11909,wagon,1996,manual,95,zafira,60000,10,petrol,opel,no,2016-04-07,0,77270,2016-04-10 10:03:09
2016-03-08 00:46:42,6095,,2004,auto,163,a3,125000,2,gasoline,audi,,2016-03-08,0,62986,2016-04-05 23:22:11
2016-03-07 12:26:18,22544,,2011,manual,135,3_reihe,60000,4,other,peugeot,,2016-03-07,0,70671,2016-03-21 05:07:24
2016-03-27 23:55:56,20543,coupe,2013,auto,142,2_reihe,100000,7,gasoline,peugeot,,2016-03-27,0,65638,2016-03-30 20:49:44
2016-03-13 16:04:25,36185,bus,2006,manual,170,c_klasse,5000,1,gasoline,mercedes_benz,no,2016-03-13,0,23492,2016-04-04 03:49:45
2016-03-31 11:56:29,36867,other,2012,auto,213,5_reihe,70000,9,petrol,peugeot,no,2016-03-31,0,81501,2016-04-21 12:46:37
2016-03-09 10:46:38,14213,other,2010,manual,61,,150000,5,petrol,mercedes_benz,no,2016-03-09,0,89708,2016-03-25 23:34:53
2016-04-07 10:27:31,7561,other,1995,manual,181,astra,150000,6,petrol,opel,no,2016-04-07,0,5131,2016-05-05 22:07:36
2016-03-05 07:30:21,8389,sedan,1996,manual,88,yaris,125000,6,gasoline,toyota,no,2016-03-05,0,21725,2016-04-03 12:43:07
2016-03-26 03:07:09,14765,coupe,1999,manual,239,passat,125000,9,lpg,volkswagen,no,2016-03-26,0,62955,2016-04-04 16:34:10
2016-03-18 02:33:05,10202,bus,2000,manual,74,insignia,80000,10,gasoline,opel,no,2016-03-18,0,29783,2016-03-28 21:20:10
2016-04-05 08:19:42,22945,sedan,2010,manual,141,7er,125000,2,hybrid,bmw,no,2016-04-05,0,73575,2016-04-11 02:10:30
2016-03-03 14:55:00,35984,suv,2013,manual,256,polo,80000,6,other,volkswagen,no,2016-03-03,0,25740,2016-03-29 03:34:55
2016-03-09 06:02:50,30284,coupe,2013,manual,161,astra,150000,1,,opel,,2016-03-09,0,39687,2016-04-02 03:57:18
2016-04-05 19:21:29,13033,,1998,manual,237,forfour,150000,8,gasoline,smart,no,2016-04-05,0,96443,2016-04-18 00:25:36
2016-03-21 03:56:35,14998,bus,2012,auto,61,7er,150000,10,,bmw,no,2016-03-21,0,76742,2016-04-08 10:53:37
2016-03-22 19:09:22,19845,sedan,2007,auto,255,polo,100000,8,petrol,volkswagen,no,2016-03-22,0,32289,2016-03-31 01:38:19
2016-03-15 09:28:33,16872,other,2010,,245,corolla,150000,4,petrol,toyota,no,2016-03-15,0,91830,2016-03-30 01:52:14
2016-03-26 23:01:20,16556,wagon,2000,auto,125,2_reihe,150000,6,gasoline,mazda,no,2016-03-26,0,39015,2016-04-11 14:23:06
2016-03-26 16:39:16,16933,wagon,2003,auto,127,passat,70000,4,petrol,volkswagen,no,2016-03-26,0,44601,2016-04-07 12:17:03
2016-03-11 17:20:36,13690,small,2011,manual,101,golf,50000,5,,volkswagen,no,2016-03-11,0,76504,2016-03-25 03:11:39
2016-04-03 04:41:13,23787,sedan,2011,manual,101,fabia,20000,7,gasoline,skoda,no,2016-04-03,0,8303,2016-04-08 17:29:55
2016-04-02 18:05:25,31794,sedan,2015,manual,115,2_reihe,100000,4,hybrid,peugeot,,2016-04-02,0,57619,2016-04-12 21:26:18
2016-04-04 05:58:37,20962,,2016,manual,82,andere,150000,9,gasoline,sonstige_autos,no,2016-04-04,0,49199,2016-05-01 07:39:32
2016-03-16 06:18:29,27393,wagon,2005,auto,152,,5000,6,petrol,hyundai,no,2016-03-16,0,59069,2016-03-31 14:27:52
2016-03-09 14:43:55,6387,other,2010,manual,162,,150000,8,petrol,hyundai,yes,2016-03-09,0,20083,2016-03-13 13:24:33
2016-03-28 19:04:32,23772,wagon,2000,manual,0,fabia,10000,11,gasoline,skoda,no,2016-03-28,0,50283,2016-04-15 10:59:40
2016-03-13 01:01:20,12032,,2002,manual,160,a3,80000,2,,audi,no,2016-03-13,0,23494,2016-04-09 06:15:00
2016-03-11 05:28:32,25166,other,2016,manual,153,note,125000,6,gasoline,nissan,no,2016-03-11,0,6364,2016-03-24 02:50:27
2016-04-09 17:43:36,2960,sedan,1996,manual,49,qashqai,150000,1,cng,nissan,no,2016-04-09,0,52330,2016-04-14 09:31:24
2016-04-08 04:38:31,9199,sedan,2007,manual,78,,150000,4,other,mercedes_benz,no,2016-04-08,0,64120,2016-04-12 14:36:41
2016-03-06 11:17:35,23262,sedan,2006,auto,173,5_reihe,125000,11,petrol,peugeot,no,2016-03-06,0,83057,2016-03-24 11:33:11
2016-03-31 03:39:30,37291,convertible,2011,auto,104,a4,90000,1,gasoline,audi,no,2016-03-31,0,7951,2016-04-24 01:29:27
2016-03-09 09:13:28,3888,coupe,2001,manual,43,,150000,11,petrol,fiat,yes,2016-03-09,0,48183,2016-03-20 14:37:39
2016-03-29 17:21:55,15887,wagon,2006,manual,151,corolla,125000,6,petrol,toyota,no,2016-03-29,0,40355,2016-03-31 19:05:18
2016-03-07 14:31:39,18277,small,2004,manual,186,corsa,60000,10,hybrid,opel,no,2016-03-07,0,14953,2016-03-11 03:14:44
2016-04-01 09:40:45,16327,sedan,2010,manual,212,andere,100000,0,other,sonstige_autos,,2016-04-01,0,63886,2016-04-23 00:16:53
2016-03-21 17:58:57,0,sedan,2010,manual,115,golf,100000,0,petrol,volkswagen,,2016-03-21,0,99968,2016-03-28 22:43:50
2016-03-16 16:23:12,13213,sedan,1995,manual,155,2_reihe,100000,6,gasoline,peugeot,no,2016-03-16,0,26729,2016-04-07 21:40:52
2016-03-20 07:28:12,14057,sedan,2016,manual,137,c_klasse,125000,0,other,mercedes_benz,no,2016-03-20,0,57903,2016-04-12 06:09:17
2016-03-09 21:44:20,3283,sedan,2001,manual,109,7er,150000,6,lpg,bmw,yes,2016-03-09,0,67152,2016-04-07 21:15:57
2016-03-20 16:36:28,12596,small,2002,manual,42,insignia,40000,3,electric,opel,no,2016-03-20,0,87735,2016-03-21 22:38:08
2016-04-08 02:45:06,15126,wagon,1999,manual,97,c_klasse,125000,3,gasoline,mercedes_benz,no,2016-04-08,0,23253,2016-04-13 16:45:14
2016-03-27 15:22:20,13315,other,2001,manual,180,c3,80000,3,cng,citroen,,2016-03-27,0,40348,2016-04-21 21:17:23
2016-03-21 00:14:51,16852,other,1995,manual,189,golf,150000,4,,volkswagen,,2016-03-21,0,74694,2016-03-22 05:55:52
2016-03-11 01:58:02,17555,sedan,2009,manual,161,zafira,150000,0,petrol,opel,no,2016-03-11,0,85743,2016-03-30 15:00:06
2016-03-11 00:29:57,16357,,2010,manual,64,transporter,90000,8,petrol,volkswagen,no,2016-03-11,0,33275,2016-04-09 13:24:28
2016-04-04 02:38:53,19347,suv,2005,manual,51,v70,125000,12,petrol,volvo,,2016-04-04,0,13533,2016-04-18 12:10:51
2016-04-06 11:30:35,15479,other,2000,manual,121,,40000,4,petrol,citroen,,2016-04-06,0,66750,2016-04-24 00:16:00
2016-03-10 14:28:51,13955,,2016,manual,135,corolla,70000,12,,toyota,no,2016-03-10,0,61313,2016-03-26 00:38:31
2016-03-15 16:10:07,27221,,2015,manual,134,forfour,70000,0,petrol,smart,no,2016-03-15,0,20095,2016-03-29 14:27:38
2016-03-12 18:37:40,12727,sedan,2006,manual,233,qashqai,150000,8,other,nissan,,2016-03-12,0,81375,2016-03-17 05:17:57
2016-03-08 04:35:47,13784,sedan,1997,manual,209,transporter,10000,12,petrol,volkswagen,no,2016-03-08,0,38133,2016-03-16 23:05:09
2016-03-29 22:46:08,7436,small,2005,manual,126,v70,150000,4,petrol,volvo,no,2016-03-29,0,12368,2016-04-13 04:05:39
2016-04-05 14:36:01,4883,sedan,1996,manual,68,leon,100000,12,other,seat,no,2016-04-05,0,87116,2016-04-23 03:39:53
2016-03-20 09:18:11,22548,,2005,auto,132,cooper,20000,9,hybrid,mini,no,2016-03-20,0,99019,2016-03-21 18:57:21
2016-03-15 13:47:34,7032,small,2014,manual,107,c4,150000,4,petrol,citroen,no,2016-03-15,0,83601,2016-03-29 05:40:39
2016-03-03 05:56:06,13930,other,2000,manual,258,megane,150000,4,gasoline,renault,,2016-03-03,0,78563,2016-03-25 01:11:44
2016-03-08 21:36:35,10499,wagon,1996,,143,fabia,50000,7,other,skoda,no,2016-03-08,0,82752,2016-03-28 18:52:54
2016-03-17 02:27:10,20427,small,2010,manual,162,i30,80000,10,electric,hyundai,,2016-03-17,0,45135,2016-04-06 18:24:34
2016-04-05 00:35:14,23138,sedan,2006,manual,149,fabia,50000,4,,skoda,no,2016-04-05,0,2421,2016-04-06 16:57:55
2016-03-19 03:50:03,22481,other,2014,auto,187,e_klasse,125000,8,other,mercedes_benz,no,2016-03-19,0,90530,2016-04-04 23:13:37
2016-04-07 05:14:16,38457,coupe,2012,manual,189,panda,150000,1,,fiat,,2016-04-07,0,38582,2016-05-06 16:40:52
2016-03-06 22:04:29,15051,suv,2005,manual,148,transporter,100000,12,other,volkswagen,no,2016-03-06,0,40595,2016-03-31 18:47:03
2016-03-13 04:47:10,9132,wagon,1995,manual,133,altea,150000,4,petrol,seat,no,2016-03-13,0,96554,2016-04-06 14:39:18
2016-03-23 00:28:31,10477,small,2013,manual,238,a4,80000,12,other,audi,no,2016-03-23,0,79393,2016-04-19 23:19:17
2016-04-04 07:49:07,9388,convertible,1997,,70,fabia,150000,8,gasoline,skoda,,2016-04-04,0,8033,2016-04-06 06:12:17
2016-03-07 04:47:45,18387,sedan,1998,,200,v40,90000,9,,volvo,no,2016-03-07,0,89095,2016-03-31 23:15:20
2016-03-22 04:36:59,4690,sedan,1996,manual,50,andere,100000,0,petrol,sonstige_autos,no,2016-03-22,0,96599,2016-03-27 02:06:49
2016-03-08 11:00:19,24080,sedan,2016,manual,115,,80000,0,gasoline,bmw,no,2016-03-08,0,94362,2016-03-14 17:44:34
2016-03-25 06:30:13,23216,other,2013,manual,58,twingo,80000,4,gasoline,renault,no,2016-03-25,0,58556,2016-04-11 08:18:50
2016-03-11 05:11:46,6096,small,2006,manual,152,ka,150000,9,gasoline,ford,,2016-03-11,0,43585,2016-03-25 18:04:47
2016-03-03 14:41:22,21332,convertible,2001,manual,197,twingo,125000,5,petrol,renault,no,2016-03-03,0,82243,2016-03-13 04:50:46
2016-03-22 15:18:03,10650,small,2015,manual,95,i20,150000,5,lpg,hyundai,no,2016-03-22,0,88302,2016-04-18 01:26:55
2016-03-10 08:54:50,16290,sedan,2007,manual,196,ibiza,5000,12,other,seat,no,2016-03-10,0,72669,2016-03-21 23:41:57
2016-04-09 23:49:44,26036,coupe,2009,,187,5_reihe,150000,5,lpg,peugeot,no,2016-04-09,0,52744,2016-04-27 08:46:55
2016-03-29 03:01:22,0,suv,1998,manual,239,c4,150000,2,other,citroen,no,2016-03-29,0,29028,2016-04-23 16:10:32
2016-04-01 17:20:06,12290,other,2011,,0,5_reihe,150000,9,petrol,peugeot,,2016-04-01,0,70797,2016-04-03 01:54:15
2016-03-14 04:49:55,37392,wagon,2008,auto,181,cooper,150000,10,gasoline,mini,,2016-03-14,0,85213,2016-03-15 10:49:40
2016-03-20 19:03:47,5425,sedan,1995,,229,golf,80000,11,petrol,volkswagen,yes,2016-03-20,0,81999,2016-03-25 16:49:01
2016-04-05 19:19:29,0,other,2008,manual,104,twingo,150000,12,petrol,renault,no,2016-04-05,0,7245,2016-04-29 20:29:29
2016-03-16 19:14:35,11191,small,1996,manual,234,forfour,60000,1,gasoline,smart,no,2016-03-16,0,28875,2016-03-20 00:30:43
2016-03-17 18:11:50,6118,coupe,2007,manual,78,qashqai,80000,10,other,nissan,,2016-03-17,0,12922,2016-04-13 07:48:05
2016-03-20 10:08:17,29513,wagon,2011,manual,107,3_reihe,20000,0,,mazda,,2016-03-20,0,75520,2016-03-23 11:41:28
2016-04-06 19:41:36,13163,wagon,2003,manual,181,twingo,70000,1,hybrid,renault,yes,2016-04-06,0,10533,2016-04-24 02:28:13
2016-03-23 04:20:41,15623,wagon,2005,manual,210,a1,150000,5,petrol,audi,no,2016-03-23,0,52231,2016-04-09 01:15:30
2016-03-27 21:15:38,19620,bus,2003,manual,144,yaris,100000,9,,toyota,no,2016-03-27,0,23282,2016-04-19 17:17:30
2016-03-28 06:03:11,21975,sedan,2010,,241,clubman,125000,9,other,mini,,2016-03-28,0,75758,2016-04-11 23:16:20
2016-04-04 15:12:57,9270,wagon,1998,manual,152,fortwo,150000,12,petrol,smart,no,2016-04-04,0,9231,2016-05-03 20:58:01
2016-03-25 19:55:00,6096,small,1999,manual,164,v40,150000,2,lpg,volvo,no,2016-03-25,0,7367,2016-04-02 01:05:14
2016-03-11 11:44:47,23787,coupe,1997,auto,138,astra,60000,2,gasoline,opel,,2016-03-11,0,98679,2016-03-31 08:25:26
2016-04-03 06:06:56,6879,sedan,1996,manual,122,forfour,150000,1,petrol,smart,no,2016-04-03,0,25427,2016-04-14 06:13:56
2016-04-02 03:12:59,29524,bus,2015,auto,171,clubman,80000,1,gasoline,mini,no,2016-04-02,0,71209,2016-04-06 00:51:56
2016-03-26 01:58:30,10511,small,2004,manual,54,c4,30000,5,,citroen,,2016-03-26,0,4030,2016-04-01 10:42:58
2016-03-22 20:15:12,7187,small,2003,manual,104,c3,150000,2,gasoline,citroen,no,2016-03-22,0,58464,2016-04-14 13:09:20
2016-04-04 05:27:59,27349,coupe,2005,manual,187,forfour,80000,4,gasoline,smart,no,2016-04-04,0,18552,2016-05-02 00:04:54
2016-04-09 15:42:46,13327,wagon,2003,auto,63,fortwo,125000,5,other,smart,no,2016-04-09,0,51601,2016-04-28 04:02:18
2016-03-15 03:58:35,0,small,1996,manual,207,andere,150000,0,other,sonstige_autos,no,2016-03-15,0,7370,2016-03-31 20:30:05
2016-04-08 13:06:03,8517,sedan,2014,manual,67,forfour,90000,9,gasoline,smart,,2016-04-08,0,85198,2016-05-02 06:40:00
2016-04-04 10:45:57,18942,wagon,2015,manual,122,5_reihe,125000,10,petrol,peugeot,no,2016-04-04,0,53792,2016-04-27 00:08:03
2016-03-19 12:47:46,12474,small,2004,manual,218,a1,5000,4,petrol,audi,no,2016-03-19,0,54513,2016-04-16 22:29:28
2016-03-26 16:56:17,8190,sedan,2005,manual,42,andere,125000,5,petrol,sonstige_autos,no,2016-03-26,0,88079,2016-04-20 03:11:22
2016-04-04 15:57:00,11005,wagon,2003,,230,andere,150000,1,other,sonstige_autos,,2016-04-04,0,18780,2016-04-12 19:28:49
2016-03-23 09:19:54,13706,wagon,2000,manual,238,andere,150000,3,other,sonstige_autos,no,2016-03-23,0,77101,2016-04-20 19:25:23
2016-03-09 09:40:04,2812,small,1995,manual,78,7er,150000,1,gasoline,bmw,no,2016-03-09,0,69835,2016-04-03 02:26:42
2016-04-09 11:00:21,6070,other,1999,manual,107,,40000,11,gasoline,audi,yes,2016-04-09,0,94698,2016-05-01 02:23:03
2016-04-02 03:58:27,20069,wagon,2008,auto,171,,150000,2,petrol,volkswagen,no,2016-04-02,0,44846,2016-04-18 03:36:26
2016-03-20 18:25:22,9833,small,2000,manual,180,vectra,150000,6,gasoline,opel,no,2016-03-20,0,65758,2016-04-06 12:18:16
2016-03-20 04:08:42,19670,sedan,2009,,216,forfour,100000,4,,smart,no,2016-03-20,0,11779,2016-04-16 08:15:12
2016-03-27 12:09:55,10146,sedan,2006,manual,89,6_reihe,150000,4,petrol,mazda,no,2016-03-27,0,16312,2016-04-08 11:44:35
2016-03-28 14:58:45,17709,sedan,2009,manual,145,fortwo,150000,4,gasoline,smart,no,2016-03-28,0,63781,2016-04-23 04:56:47
2016-03-28 12:56:44,22568,other,2011,manual,153,cooper,90000,1,gasoline,mini,no,2016-03-28,0,31911,2016-04-08 06:49:19
2016-03-17 01:07:09,23331,suv,2006,manual,236,corsa,125000,0,lpg,opel,no,2016-03-17,0,32689,2016-04-05 14:05:53
2016-03-05 16:14:42,17689,suv,2003,manual,0,i30,40000,9,petrol,hyundai,,2016-03-05,0,47097,2016-03-31 17:10:15
2016-03-02 20:19:17,14470,small,2012,auto,79,c3,150000,12,petrol,citroen,no,2016-03-02,0,45062,2016-03-17 16:32:09
2016-03-16 03:05:05,5218,wagon,1996,auto,59,,150000,2,,peugeot,no,2016-03-16,0,48660,2016-04-08 08:04:20
2016-03-12 08:05:08,11727,other,2014,manual,52,5er,80000,3,other,bmw,no,2016-03-12,0,50747,2016-04-06 01:10:07
2016-04-01 14:21:05,34625,convertible,2004,auto,177,c_klasse,60000,7,other,mercedes_benz,no,2016-04-01,0,78530,2016-04-21 08:08:10
2016-03-31 14:45:54,10376,sedan,2001,manual,97,andere,90000,10,gasoline,sonstige_autos,no,2016-03-31,0,68270,2016-04-01 01:31:53
2016-03-12 03:55:03,25422,convertible,2004,manual,57,a1,60000,12,gasoline,audi,no,2016-03-12,0,29510,2016-03-27 07:51:29
2016-04-01 12:07:27,12417,suv,1996,,148,7er,150000,6,other,bmw,no,2016-04-01,0,84295,2016-04-05 23:05:34
2016-03-25 22:22:13,14047,wagon,2005,manual,82,berlingo,125000,8,gasoline,citroen,no,2016-03-25,0,23830,2016-04-24 19:38:42
2016-03-28 19:55:34,12547,other,2001,,132,2_reihe,150000,7,gasoline,mazda,no,2016-03-28,0,71702,2016-04-17 01:33:03
2016-03-22 20:19:21,10294,bus,2016,,70,fabia,70000,2,gasoline,skoda,yes,2016-03-22,0,41236,2016-04-21 19:20:27
2016-03-05 21:38:11,27552,other,2012,auto,55,v70,100000,12,petrol,volvo,no,2016-03-05,0,26227,2016-03-25 04:04:18
2016-03-02 07:52:02,17372,wagon,2007,manual,168,5_reihe,150000,6,gasoline,peugeot,no,2016-03-02,0,34790,2016-03-24 17:53:33
2016-03-20 07:18:03,29608,suv,2010,auto,166,focus,150000,7,other,ford,no,2016-03-20,0,44666,2016-04-13 14:58:11
2016-03-27 11:16:33,3472,small,2009,,198,2_reihe,150000,6,other,peugeot,yes,2016-03-27,0,72201,2016-04-15 06:24:08
2016-03-15 03:25:13,11068,coupe,2003,auto,186,note,90000,0,gasoline,nissan,,2016-03-15,0,99224,2016-04-07 17:14:03
2016-03-19 03:41:32,21300,suv,1997,auto,236,c3,80000,9,other,citroen,no,2016-03-19,0,14360,2016-04-17 19:39:28
2016-03-05 19:36:34,26909,other,2016,manual,197,,125000,6,,peugeot,no,2016-03-05,0,85051,2016-03-09 17:09:38
2016-03-08 21:16:37,28717,wagon,2001,manual,224,focus,30000,0,gasoline,ford,no,2016-03-08,0,37137,2016-04-01 00:53:57
2016-03-30 00:05:38,51973,suv,2009,auto,258,clubman,40000,8,gasoline,mini,no,2016-03-30,0,63059,2016-03-30 09:05:53
2016-03-16 10:54:18,18320,small,2009,auto,161,andere,125000,4,gasoline,sonstige_autos,no,2016-03-16,0,34524,2016-03-31 16:07:18
2016-03-12 22:03:10,7349,wagon,2000,,204,clubman,80000,6,other,mini,yes,2016-03-12,0,43872,2016-03-18 04:46:59
2016-04-05 14:47:29,5300,small,1996,auto,85,v40,150000,12,gasoline,volvo,no,2016-04-05,0,58768,2016-05-02 16:47:53
2016-03-12 16:19:00,15087,other,2011,manual,128,tucson,125000,1,petrol,hyundai,no,2016-03-12,0,54172,2016-03-20 18:56:58
2016-04-09 07:57:03,10766,other,2016,manual,192,a_klasse,60000,0,gasoline,mercedes_benz,yes,2016-04-09,0,88670,2016-04-20 00:46:46
2016-03-22 22:19:03,20512,suv,2006,,128,cooper,150000,0,other,mini,no,2016-03-22,0,32327,2016-04-14 00:16:48
2016-03-12 13:32:30,34548,coupe,2007,manual,161,3_reihe,125000,8,electric,mazda,no,2016-03-12,0,65065,2016-04-08 05:14:01
2016-03-10 16:35:10,11368,coupe,1998,manual,152,vectra,150000,2,other,opel,no,2016-03-10,0,26372,2016-04-02 11:41:35
2016-04-06 15:59:12,15350,small,2009,manual,177,i30,40000,2,gasoline,hyundai,no,2016-04-06,0,54514,2016-04-08 10:03:32
2016-03-01 06:33:50,11199,other,2016,auto,206,avensis,70000,2,,toyota,yes,2016-03-01,0,50623,2016-03-22 04:15:43
2016-03-19 23:30:48,11513,suv,1995,manual,80,fabia,90000,3,petrol,skoda,no,2016-03-19,0,67431,2016-04-11 20:02:26
2016-03-03 12:13:40,18331,small,2006,manual,152,a6,80000,2,electric,audi,,2016-03-03,0,85930,2016-03-21 18:50:56
2016-03-01 11:10:27,7790,sedan,2006,manual,240,ibiza,100000,6,gasoline,seat,yes,2016-03-01,0,90123,2016-03-12 08:36:37
2016-03-19 07:16:25,29901,sedan,2007,manual,192,berlingo,80000,2,hybrid,citroen,no,2016-03-19,0,68978,2016-03-30 07:46:46
2016-03-13 07:31:47,20902,sedan,2013,manual,258,6_reihe,10000,3,other,mazda,no,2016-03-13,0,29639,2016-04-10 21:23:32
2016-04-04 16:58:40,48189,convertible,2009,auto,199,corolla,125000,5,gasoline,toyota,no,2016-04-04,0,95683,2016-04-26 07:22:58
2016-03-27 09:24:36,7271,other,1999,,193,octavia,60000,0,petrol,skoda,yes,2016-03-27,0,15922,2016-04-11 17:52:15
2016-04-03 23:47:53,12425,small,2003,manual,202,fortwo,100000,7,gasoline,smart,,2016-04-03,0,88038,2016-04-12 06:30:23
2016-03-24 19:13:31,15151,small,1998,,216,berlingo,5000,0,electric,citroen,no,2016-03-24,0,88243,2016-04-15 04:22:56
2016-03-15 03:17:38,8798,sedan,1995,manual,152,punto,150000,6,gasoline,fiat,no,2016-03-15,0,48718,2016-04-01 04:49:08
2016-04-02 13:25:00,5167,small,2009,manual,53,astra,100000,5,other,opel,no,2016-04-02,0,77310,2016-04-22 06:58:51
2016-03-29 02:25:35,27543,coupe,2004,manual,246,cooper,60000,1,petrol,mini,no,2016-03-29,0,15552,2016-04-26 05:58:01
2016-04-09 16:17:06,19769,wagon,2010,auto,61,panda,60000,6,petrol,fiat,no,2016-04-09,0,44145,2016-04-09 20:54:46
2016-03-31 07:09:23,11111,other,1998,manual,187,c4,125000,11,petrol,citroen,no,2016-03-31,0,49097,2016-04-18 09:18:15
2016-03-25 04:39:29,0,convertible,1998,manual,72,astra,80000,2,petrol,opel,no,2016-03-25,0,45931,2016-04-10 06:57:15
2016-03-20 19:12:53,27393,sedan,2011,auto,257,ibiza,125000,6,petrol,seat,no,2016-03-20,0,59876,2016-04-09 19:10:01
2016-03-31 06:05:32,11922,,2016,manual,112,berlingo,150000,0,other,citroen,no,2016-03-31,0,12903,2016-04-10 14:26:32
2016-03-05 23:12:42,10050,sedan,2002,auto,93,a3,150000,3,petrol,audi,no,2016-03-05,0,47445,2016-04-02 09:20:28
2016-03-15 06:43:11,27328,convertible,2010,auto,48,a_klasse,150000,10,petrol,mercedes_benz,no,2016-03-15,0,75990,2016-04-01 02:49:04
2016-03-24 07:22:18,37156,convertible,2007,manual,128,3er,90000,5,electric,bmw,no,2016-03-24,0,87272,2016-04-22 09:25:38
2016-03-10 23:39:25,14088,sedan,2000,manual,207,,50000,4,petrol,ford,no,2016-03-10,0,95660,2016-03-18 17:44:11
2016-03-04 18:34:32,11842,other,1997,manual,186,500,125000,2,petrol,fiat,no,2016-03-04,0,11428,2016-03-06 09:20:32
2016-03-13 08:03:22,13260,sedan,2001,manual,214,tiguan,150000,1,petrol,volkswagen,no,2016-03-13,0,24496,2016-03-15 11:18:25
2016-04-07 17:13:21,19324,coupe,1997,manual,139,fortwo,40000,0,gasoline,smart,,2016-04-07,0,19918,2016-05-02 00:36:38
2016-03-29 22:02:47,13665,sedan,1999,manual,101,qashqai,70000,6,gasoline,nissan,no,2016-03-29,0,22449,2016-04-04 03:05:51
2016-04-04 02:45:14,5566,other,1999,,60,superb,125000,9,other,skoda,no,2016-04-04,0,51147,2016-05-02 03:18:40
2016-03-01 04:46:52,10246,small,2003,manual,195,fabia,125000,5,petrol,skoda,no,2016-03-01,0,49089,2016-03-03 19:01:02
2016-03-15 21:43:54,12707,small,2015,manual,62,3_reihe,40000,10,gasoline,peugeot,no,2016-03-15,0,74574,2016-03-18 16:12:01
2016-03-30 01:44:29,9063,other,1997,auto,189,clubman,150000,8,other,mini,no,2016-03-30,0,41135,2016-04-26 15:13:01
2016-03-07 12:44:06,11393,,2011,auto,80,fabia,125000,2,gasoline,skoda,,2016-03-07,0,59048,2016-03-30 19:29:31
2016-04-01 05:46:22,17844,other,1998,manual,179,,60000,1,gasoline,hyundai,no,2016-04-01,0,44932,2016-04-24 16:21:21
2016-03-27 03:39:51,2529,sedan,1998,manual,142,andere,150000,2,other,sonstige_autos,yes,2016-03-27,0,46342,2016-04-08 23:30:23
2016-03-21 18:00:39,10566,,2013,manual,198,vectra,150000,12,,opel,yes,2016-03-21,0,3008,2016-04-05 04:20:23
2016-04-04 03:14:03,11163,,1995,manual,54,s_klasse,80000,10,hybrid,mercedes_benz,no,2016-04-04,0,85287,2016-04-28 19:59:01
2016-03-20 17:11:47,20230,other,2016,manual,156,andere,40000,10,gasoline,sonstige_autos,no,2016-03-20,0,76911,2016-04-03 06:27:22
2016-04-05 23:24:09,10054,other,1997,manual,133,a1,150000,5,gasoline,audi,no,2016-04-05,0,94281,2016-05-02 01:06:14
2016-03-16 12:09:04,13419,other,2005,manual,187,qashqai,150000,8,petrol,nissan,no,2016-03-16,0,95854,2016-04-07 01:14:07
2016-03-14 21:40:08,8655,small,2006,auto,162,a1,150000,9,other,audi,,2016-03-14,0,71347,2016-03-24 03:56:19
2016-04-02 18:14:29,10228,wagon,2011,manual,73,avensis,125000,0,other,toyota,no,2016-04-02,0,65889,2016-04-17 05:59:22
2016-03-29 08:20:41,9957,small,2012,manual,195,focus,150000,7,other,ford,no,2016-03-29,0,35028,2016-03-30 07:34:21
2016-04-03 18:49:52,18579,other,2009,manual,186,i30,150000,12,gasoline,hyundai,no,2016-04-03,0,66915,2016-04-18 23:02:32
2016-03-15 07:22:33,7458,sedan,1996,manual,135,transporter,100000,2,other,volkswagen,,2016-03-15,0,4519,2016-04-07 16:42:38
2016-03-05 10:38:01,16137,coupe,1995,manual,255,fortwo,150000,0,gasoline,smart,no,2016-03-05,0,32712,2016-03-27 07:01:00
2016-03-25 10:37:08,10965,sedan,1999,manual,76,3_reihe,5000,2,petrol,mazda,no,2016-03-25,0,92993,2016-04-23 19:42:19
2016-04-03 14:41:40,14788,coupe,2000,manual,136,,150000,8,gasoline,smart,no,2016-04-03,0,90574,2016-04-18 01:32:07
2016-04-09 23:31:32,5709,convertible,1997,manual,154,3er,125000,12,petrol,bmw,yes,2016-04-09,0,8381,2016-04-18 04:34:58
2016-03-23 16:13:43,11262,other,2004,manual,76,qashqai,150000,12,petrol,nissan,no,2016-03-23,0,26091,2016-03-25 14:35:53
2016-03-13 12:01:01,25459,wagon,2008,auto,192,ibiza,150000,9,petrol,seat,,2016-03-13,0,66501,2016-03-22 22:54:16
2016-03-07 15:23:08,12192,,1995,auto,180,panda,150000,1,,fiat,no,2016-03-07,0,26858,2016-03-09 07:55:21
2016-03-17 00:33:27,15878,small,2013,manual,245,500,10000,12,petrol,fiat,no,2016-03-17,0,71833,2016-04-07 21:53:12
2016-03-25 13:57:32,4575,,2000,manual,107,twingo,150000,5,other,renault,no,2016-03-25,0,41552,2016-03-26 08:51:28
2016-04-09 12:43:37,15014,sedan,2009,manual,94,twingo,150000,1,gasoline,renault,no,2016-04-09,0,73874,2016-04-10 06:53:53
2016-03-31 14:05:55,32564,bus,2008,manual,198,fortwo,150000,11,hybrid,smart,no,2016-03-31,0,89862,2016-04-24 15:58:23
2016-03-23 17:19:20,7385,,2009,manual,90,forfour,125000,11,petrol,smart,yes,2016-03-23,0,68167,2016-04-03 05:36:34
2016-03-31 08:46:03,2932,small,2008,manual,117,fabia,125000,3,other,skoda,yes,2016-03-31,0,53575,2016-04-26 23:44:55
2016-03-17 08:49:47,8937,bus,1998,manual,95,fabia,125000,9,other,skoda,,2016-03-17,0,21864,2016-03-20 15:07:27
2016-03-02 16:19:29,10857,,1999,manual,144,,150000,8,gasoline,hyundai,no,2016-03-02,0,41965,2016-03-29 00:09:01
2016-03-05 07:35:06,24439,coupe,2016,manual,47,i30,150000,9,,hyundai,,2016-03-05,0,62310,2016-03-30 01:55:22
2016-03-11 19:19:00,6925,convertible,1999,manual,194,clio,70000,5,other,renault,yes,2016-03-11,0,51625,2016-04-09 01:11:38
2016-03-12 00:28:57,9006,sedan,2005,auto,63,500,150000,12,other,fiat,no,2016-03-12,0,84891,2016-03-17 15:35:52
2016-03-16 16:04:32,6057,bus,1995,manual,146,altea,150000,3,other,seat,no,2016-03-16,0,71490,2016-03-22 04:46:02
2016-03-21 07:09:00,8549,small,1996,auto,141,transporter,150000,3,gasoline,volkswagen,no,2016-03-21,0,95594,2016-03-25 10:31:19
2016-04-09 02:57:25,0,sedan,1997,manual,124,3_reihe,80000,6,,mazda,,2016-04-09,0,71817,2016-04-28 21:54:18
2016-04-08 02:35:46,24194,small,2008,manual,232,scenic,50000,1,hybrid,renault,,2016-04-08,0,66457,2016-04-18 03:13:35
2016-03-04 21:02:32,9422,suv,2001,manual,110,,150000,7,other,ford,,2016-03-04,0,83527,2016-03-13 19:23:12
2016-03-26 22:32:43,20665,other,2015,manual,222,i30,20000,3,other,hyundai,no,2016-03-26,0,70437,2016-04-20 08:10:13
2016-03-05 23:17:03,14983,,2013,manual,112,3_reihe,125000,2,,peugeot,no,2016-03-05,0,8887,2016-03-10 00:47:32
2016-03-27 03:18:54,16269,small,2010,manual,93,ibiza,80000,6,hybrid,seat,no,2016-03-27,0,82321,2016-04-10 19:41:45
2016-03-25 21:12:21,8231,small,1996,manual,231,v40,150000,3,gasoline,volvo,no,2016-03-25,0,97769,2016-04-15 17:05:23
2016-04-03 20:40:14,9178,small,2012,manual,69,note,100000,1,,nissan,no,2016-04-03,0,89574,2016-04-16 22:06:14
2016-03-24 17:35:06,11972,sedan,2006,manual,153,a_klasse,150000,11,petrol,mercedes_benz,no,2016-03-24,0,4684,2016-04-16 14:23:13
2016-03-24 19:45:43,20473,other,2012,manual,179,v40,150000,5,hybrid,volvo,no,2016-03-24,0,10417,2016-04-13 00:26:08
2016-03-31 05:15:27,37204,other,2012,auto,199,5er,80000,12,gasoline,bmw,no,2016-03-31,0,40971,2016-04-28 21:17:34
2016-03-12 22:44:48,16828,sedan,2013,auto,256,5_reihe,70000,5,gasoline,peugeot,yes,2016-03-12,0,76638,2016-04-03 21:50:49
2016-03-30 00:02:15,18204,other,2011,manual,50,fiesta,50000,10,gasoline,ford,no,2016-03-30,0,39585,2016-04-15 13:26:11
2016-03-30 03:13:49,11447,sedan,2000,manual,51,superb,30000,2,petrol,skoda,no,2016-03-30,0,24186,2016-04-13 23:24:34
2016-03-15 23:16:59,12525,sedan,1998,manual,131,tucson,80000,2,gasoline,hyundai,no,2016-03-15,0,13199,2016-04-09 15:42:15
2016-03-31 10:14:34,16975,,1999,auto,174,andere,150000,1,gasoline,sonstige_autos,no,2016-03-31,0,79810,2016-04-08 16:52:08
2016-04-09 14:46:55,10887,small,1999,auto,102,v70,100000,0,gasoline,volvo,no,2016-04-09,0,66594,2016-04-17 16:07:00
2016-03-22 07:46:51,5929,sedan,1997,auto,51,ibiza,150000,0,gasoline,seat,no,2016-03-22,0,52575,2016-04-20 01:10:25
2016-03-26 22:12:28,8468,sedan,1998,manual,84,clio,150000,2,gasoline,renault,,2016-03-26,0,85194,2016-04-12 19:45:44
2016-04-05 16:22:05,16001,other,2012,manual,145,micra,150000,2,petrol,nissan,no,2016-04-05,0,64966,2016-04-07 20:50:34
2016-03-09 02:58:23,11014,small,2005,auto,41,avensis,80000,12,gasoline,toyota,no,2016-03-09,0,79933,2016-03-09 14:00:25
2016-03-30 01:59:35,30403,sedan,2008,,212,andere,150000,7,gasoline,sonstige_autos,no,2016-03-30,0,6011,2016-04-10 03:36:00
2016-03-12 14:27:37,9986,wagon,2002,manual,178,c_klasse,150000,9,other,mercedes_benz,,2016-03-12,0,33386,2016-04-08 23:25:51
2016-03-26 10:05:59,16998,other,2015,manual,219,a3,50000,1,,audi,no,2016-03-26,0,81164,2016-04-06 06:06:16
2016-03-23 22:22:32,34846,other,1995,manual,253,superb,20000,5,hybrid,skoda,no,2016-03-23,0,83081,2016-04-06 22:11:27
2016-03-22 10:21:59,27946,convertible,1995,auto,211,octavia,50000,11,gasoline,skoda,,2016-03-22,0,85734,2016-04-20 01:27:08
2016-03-05 20:20:50,6910,small,2011,manual,160,i20,100000,6,gasoline,hyundai,,2016-03-05,0,41874,2016-03-18 14:41:56
2016-03-14 21:22:15,12307,sedan,2004,manual,235,punto,150000,4,gasoline,fiat,no,2016-03-14,0,36096,2016-04-01 16:44:57
2016-04-04 06:14:52,24337,coupe,2004,manual,67,superb,70000,0,gasoline,skoda,no,2016-04-04,0,56707,2016-04-28 07:09:00
2016-04-09 03:44:17,11582,other,2003,,0,2_reihe,150000,7,gasoline,mazda,no,2016-04-09,0,44731,2016-04-30 02:52:54
2016-03-22 17:25:58,0,sedan,2015,manual,124,clubman,90000,10,gasoline,mini,,2016-03-22,0,56172,2016-04-10 12:09:35
2016-03-04 22:11:31,16992,sedan,2015,manual,161,clubman,80000,6,other,mini,no,2016-03-04,0,78353,2016-03-12 01:44:00
2016-03-12 22:29:39,11900,sedan,1997,manual,151,s_klasse,150000,11,gasoline,mercedes_benz,no,2016-03-12,0,50309,2016-03-26 22:26:48
2016-03-02 00:04:47,35092,other,2014,auto,248,vectra,150000,11,petrol,opel,no,2016-03-02,0,62621,2016-03-10 09:32:39
2016-03-07 21:21:45,9490,,2000,manual,205,panda,100000,1,petrol,fiat,no,2016-03-07,0,72391,2016-03-20 13:41:18
2016-03-16 20:20:21,6155,small,2005,auto,114,astra,150000,10,,opel,yes,2016-03-16,0,22874,2016-03-21 18:21:13
2016-03-11 19:47:35,15147,bus,2008,manual,151,passat,150000,11,petrol,volkswagen,no,2016-03-11,0,98764,2016-03-22 08:06:50
2016-03-13 05:20:15,14922,suv,1996,manual,177,transporter,150000,3,,volkswagen,no,2016-03-13,0,55635,2016-04-11 15:54:48
2016-03-17 20:57:16,11083,,1997,auto,102,octavia,125000,2,petrol,skoda,no,2016-03-17,0,41556,2016-04-16 17:23:23
2016-04-09 12:56:42,22564,coupe,2012,,119,golf,90000,6,hybrid,volkswagen,yes,2016-04-09,0,50657,2016-04-21 16:13:10
2016-03-20 23:56:14,9186,sedan,1999,manual,186,a1,150000,9,lpg,audi,no,2016-03-20,0,53141,2016-04-07 03:07:19
2016-03-04 05:40:18,5215,coupe,1997,manual,101,a4,125000,0,gasoline,audi,,2016-03-04,0,46675,2016-03-30 12:03:20
2016-04-07 07:29:49,10762,small,1996,manual,185,tiguan,50000,6,gasoline,volkswagen,no,2016-04-07,0,16575,2016-04-18 17:05:53
2016-04-09 08:49:24,19605,sedan,2013,auto,122,3_reihe,150000,2,gasoline,peugeot,no,2016-04-09,0,98734,2016-04-20 13:00:31
2016-04-05 03:34:07,11835,,1997,manual,93,megane,150000,0,hybrid,renault,no,2016-04-05,0,73635,2016-04-25 16:01:38
2016-04-04 01:21:09,15307,wagon,1996,,105,a4,90000,9,gasoline,audi,no,2016-04-04,0,54012,2016-04-20 17:02:10
2016-03-21 15:27:25,25099,bus,1997,auto,88,tucson,60000,6,gasoline,hyundai,no,2016-03-21,0,64830,2016-04-13 14:45:41
2016-03-22 00:14:54,4416,small,2003,manual,60,,150000,5,petrol,bmw,no,2016-03-22,0,98203,2016-03-29 02:45:50
2016-03-11 03:43:19,12100,wagon,2012,manual,97,micra,150000,4,gasoline,nissan,no,2016-03-11,0,91373,2016-04-04 02:21:07
2016-03-06 20:38:24,13949,sedan,2002,manual,209,tiguan,30000,2,petrol,volkswagen,no,2016-03-06,0,92278,2016-03-14 01:59:42
2016-03-31 09:07:00,24769,coupe,2015,manual,192,focus,150000,6,other,ford,no,2016-03-31,0,61166,2016-04-05 23:32:23
2016-03-25 13:23:49,3614,bus,2000,manual,179,a4,125000,4,other,audi,,2016-03-25,0,20816,2016-04-15 03:29:01
2016-03-14 18:59:55,21057,coupe,2011,manual,151,a4,5000,3,hybrid,audi,yes,2016-03-14,0,75638,2016-03-15 02:15:15
2016-04-04 02:27:21,10143,sedan,2007,manual,187,clio,150000,8,other,renault,no,2016-04-04,0,22240,2016-04-19 21:20:07
2016-03-12 22:14:10,11723,wagon,1997,auto,76,avensis,125000,1,petrol,toyota,,2016-03-12,0,59827,2016-04-02 18:29:28
2016-03-20 19:40:19,38632,,2013,manual,136,cooper,100000,3,hybrid,mini,no,2016-03-20,0,17695,2016-03-31 05:18:21
2016-03-15 10:58:24,28887,coupe,2012,manual,168,note,70000,6,gasoline,nissan,no,2016-03-15,0,99032,2016-04-01 15:43:19
2016-03-06 00:45:18,12619,sedan,1998,manual,192,,125000,7,lpg,skoda,no,2016-03-06,0,67143,2016-03-09 18:20:38
2016-03-07 11:25:36,13252,other,1997,manual,183,,100000,12,,skoda,no,2016-03-07,0,79224,2016-03-09 12:34:55
2016-03-08 16:46:33,25849,wagon,1999,manual,255,v70,100000,9,electric,volvo,no,2016-03-08,0,13879,2016-03-18 09:56:33
2016-03-17 10:21:47,24360,sedan,2013,auto,214,clubman,90000,9,petrol,mini,no,2016-03-17,0,63620,2016-03-17 14:15:17
2016-03-12 08:59:40,24426,convertible,2003,manual,92,avensis,90000,11,gasoline,toyota,no,2016-03-12,0,97530,2016-04-09 08:52:35
2016-03-06 02:37:13,15117,,2000,auto,185,andere,150000,7,petrol,sonstige_autos,no,2016-03-06,0,98176,2016-04-01 17:19:27
2016-03-31 16:04:10,8343,sedan,1998,manual,43,scenic,10000,4,petrol,renault,no,2016-03-31,0,93251,2016-04-17 08:52:28
2016-04-04 03:19:59,23919,convertible,2012,manual,130,vectra,150000,2,,opel,no,2016-04-04,0,55424,2016-04-24 06:27:33
2016-03-24 08:39:19,21872,other,2005,manual,202,s_klasse,150000,11,gasoline,mercedes_benz,no,2016-03-24,0,84837,2016-04-01 04:45:14
2016-03-11 04:11:19,16709,wagon,2007,manual,238,i30,80000,9,petrol,hyundai,,2016-03-11,0,17104,2016-04-09 03:42:00
2016-03-10 20:59:50,30961,small,2015,auto,164,clio,90000,10,gasoline,renault,no,2016-03-10,0,87851,2016-03-26 05:07:02
2016-03-02 07:33:09,17496,suv,2006,manual,146,yaris,40000,8,other,toyota,no,2016-03-02,0,72415,2016-03-14 07:13:44
2016-04-05 00:49:38,8837,,2003,,243,andere,150000,7,other,sonstige_autos,yes,2016-04-05,0,63582,2016-04-14 13:44:27
2016-03-05 05:39:37,5276,convertible,1998,manual,117,2_reihe,125000,5,petrol,peugeot,,2016-03-05,0,68796,2016-03-23 09:43:05
2016-03-20 15:56:24,13974,,1996,manual,102,note,70000,4,hybrid,nissan,no,2016-03-20,0,35013,2016-03-29 05:38:42
2016-03-22 03:44:29,10079,small,2012,manual,91,clubman,50000,9,other,mini,no,2016-03-22,0,92981,2016-04-15 08:59:09
2016-03-18 21:09:10,41740,convertible,2014,auto,66,altea,150000,9,gasoline,seat,no,2016-03-18,0,70816,2016-03-30 20:43:01
2016-03-06 13:52:01,17344,sedan,1998,auto,149,a6,150000,12,hybrid,audi,no,2016-03-06,0,65644,2016-03-27 03:17:20
2016-03-18 16:34:20,17414,,2008,manual,195,andere,90000,0,cng,sonstige_autos,no,2016-03-18,0,16716,2016-04-08 12:05:49
2016-03-03 13:29:42,25664,sedan,2016,manual,41,ka,40000,11,hybrid,ford,no,2016-03-03,0,91865,2016-03-30 13:13:51
2016-03-12 11:23:05,19002,sedan,2013,manual,146,3er,90000,7,gasoline,bmw,no,2016-03-12,0,73905,2016-03-13 07:08:03
2016-03-06 01:41:51,19549,sedan,2009,manual,0,megane,100000,3,gasoline,renault,,2016-03-06,0,86300,2016-04-02 08:43:49
2016-03-04 17:14:04,14106,,2013,manual,256,clio,70000,12,petrol,renault,yes,2016-03-04,0,51999,2016-03-25 17:53:44
2016-03-12 22:33:20,8469,small,2002,manual,122,1er,125000,11,gasoline,bmw,no,2016-03-12,0,98839,2016-03-24 19:52:43
2016-03-16 00:12:08,11313,,2010,manual,143,polo,125000,9,other,volkswagen,no,2016-03-16,0,6037,2016-04-04 07:08:34
2016-03-22 12:06:09,13334,bus,2013,manual,103,ibiza,70000,0,other,seat,,2016-03-22,0,1369,2016-03-28 08:19:47
2016-03-06 09:06:07,11002,wagon,1997,manual,208,3_reihe,150000,6,petrol,mazda,,2016-03-06,0,6129,2016-04-02 18:49:33
2016-04-01 22:57:27,13837,sedan,1995,auto,214,3_reihe,150000,6,gasoline,mazda,,2016-04-01,0,70010,2016-04-30 10:39:52
2016-03-15 23:06:47,27059,other,2009,auto,0,c3,80000,6,petrol,citroen,no,2016-03-15,0,91467,2016-04-13 03:55:59
2016-03-28 18:11:09,14667,other,2003,manual,256,2_reihe,125000,9,petrol,mazda,,2016-03-28,0,58742,2016-04-16 02:07:38
2016-04-07 13:30:22,20045,,2009,manual,252,v70,70000,5,petrol,volvo,no,2016-04-07,0,87712,2016-04-13 09:18:12
2016-04-04 07:26:18,25739,suv,2016,manual,145,punto,70000,0,,fiat,no,2016-04-04,0,10550,2016-04-26 07:08:54
2016-03-22 18:09:04,3138,small,2008,manual,72,micra,150000,12,petrol,nissan,yes,2016-03-22,0,2974,2016-04-06 18:36:00
2016-03-31 13:54:45,33279,coupe,1997,auto,0,5_reihe,80000,9,gasoline,peugeot,no,2016-03-31,0,75702,2016-04-25 15:35:49
2016-03-03 07:35:07,9713,other,2010,auto,192,500,70000,3,cng,fiat,,2016-03-03,0,92783,2016-03-30 04:53:13
2016-03-28 15:49:14,16572,small,2011,auto,113,qashqai,5000,1,petrol,nissan,no,2016-03-28,0,8642,2016-04-03 11:39:28
2016-03-08 23:41:39,24310,suv,2006,,0,v40,150000,8,petrol,volvo,no,2016-03-08,0,78444,2016-03-21 16:55:00
2016-03-27 10:46:08,19405,sedan,2004,auto,124,s60,80000,10,petrol,volvo,no,2016-03-27,0,4281,2016-03-30 18:39:23
2016-03-06 16:30:12,4793,convertible,1995,manual,69,,150000,7,petrol,sonstige_autos,no,2016-03-06,0,47826,2016-03-17 11:25:01
2016-03-14 10:42:14,9768,,2000,manual,94,forfour,150000,5,gasoline,smart,no,2016-03-14,0,43793,2016-03-19 08:04:06
2016-03-19 04:52:10,8187,suv,2007,manual,223,1er,150000,8,gasoline,bmw,,2016-03-19,0,61284,2016-04-16 00:59:41
2016-03-02 01:49:45,18686,other,2016,auto,240,,100000,11,gasoline,hyundai,yes,2016-03-02,0,55949,2016-03-08 02:28:26
2016-03-11 02:47:01,14202,small,2013,manual,196,2_reihe,150000,1,gasoline,peugeot,no,2016-03-11,0,1532,2016-03-29 20:13:34
2016-03-06 02:34:03,15838,small,2007,,133,1er,150000,5,hybrid,bmw,no,2016-03-06,0,8503,2016-03-21 09:28:08
2016-03-08 10:03:17,16186,suv,2001,manual,104,q5,150000,10,gasoline,audi,no,2016-03-08,0,59005,2016-04-02 17:16:51
2016-04-05 12:46:39,9895,,2001,manual,238,qashqai,150000,2,petrol,nissan,,2016-04-05,0,36411,2016-04-22 20:18:48
2016-03-02 14:54:59,16702,,2007,,190,superb,150000,1,other,skoda,no,2016-03-02,0,58069,2016-03-18 00:58:13
2016-03-01 12:33:43,8094,suv,1995,manual,162,forfour,150000,9,cng,smart,no,2016-03-01,0,25413,2016-03-04 02:31:10
2016-03-31 01:35:09,21998,wagon,2014,manual,110,i30,20000,3,gasoline,hyundai,,2016-03-31,0,21957,2016-04-22 06:11:08
2016-03-03 00:07:50,28059,wagon,2010,auto,134,c3,150000,9,petrol,citroen,no,2016-03-03,0,35447,2016-03-04 06:58:35
2016-03-02 14:13:17,25907,wagon,2012,manual,48,2_reihe,40000,8,gasoline,peugeot,no,2016-03-02,0,88500,2016-03-24 19:57:50
2016-04-01 00:31:01,19333,sedan,2013,manual,207,7er,100000,12,gasoline,bmw,no,2016-04-01,0,72530,2016-04-07 12:46:53
2016-03-10 10:12:34,18446,wagon,2006,manual,131,astra,80000,12,petrol,opel,,2016-03-10,0,66102,2016-03-25 07:04:36
2016-03-07 10:41:06,19153,convertible,2008,manual,94,mondeo,125000,1,petrol,ford,,2016-03-07,0,66665,2016-03-07 10:50:03
2016-04-03 13:09:42,25348,wagon,2015,manual,151,leon,30000,9,petrol,seat,no,2016-04-03,0,67578,2016-04-22 00:20:20
2016-04-06 15:56:48,0,sedan,2003,manual,229,q5,150000,12,,audi,no,2016-04-06,0,92716,2016-04-16 07:39:53
2016-04-09 14:43:24,18786,coupe,2004,manual,191,,125000,2,petrol,fiat,,2016-04-09,0,33382,2016-05-04 11:55:09
2016-03-11 12:31:32,28997,wagon,2015,manual,75,,90000,4,gasoline,citroen,no,2016-03-11,0,57431,2016-03-19 07:10:56
2016-03-19 05:06:27,22389,other,2014,manual,154,v40,10000,0,lpg,volvo,,2016-03-19,0,57022,2016-04-04 00:36:49
2016-03-09 20:38:53,4519,other,2007,manual,168,cooper,150000,7,lpg,mini,yes,2016-03-09,0,44246,2016-04-01 20:00:54
2016-04-07 00:38:45,23781,suv,2015,manual,235,i30,90000,7,other,hyundai,no,2016-04-07,0,20474,2016-04-26 21:29:50
2016-03-22 07:32:54,9662,wagon,1996,manual,98,clubman,90000,2,other,mini,,2016-03-22,0,77370,2016-04-07 20:16:39
2016-03-30 10:58:19,4981,other,2000,manual,132,qashqai,40000,12,other,nissan,yes,2016-03-30,0,80857,2016-04-10 00:17:47
2016-03-07 17:37:08,11903,small,2005,auto,223,6_reihe,150000,6,petrol,mazda,no,2016-03-07,0,71397,2016-03-27 16:08:02
2016-03-11 23:28:19,6021,bus,1995,manual,94,2_reihe,150000,11,petrol,mazda,no,2016-03-11,0,51637,2016-03-18 01:20:28
2016-03-05 23:59:43,7487,bus,2002,manual,125,c4,150000,5,other,citroen,no,2016-03-05,0,21031,2016-03-24 19:38:42
2016-03-28 11:57:14,7524,small,2002,manual,73,zafira,5000,1,petrol,opel,no,2016-03-28,0,70309,2016-04-14 08:28:55
2016-03-25 05:43:47,22504,small,2005,auto,130,ibiza,80000,5,hybrid,seat,no,2016-03-25,0,93610,2016-04-14 18:00:31
2016-04-02 03:53:05,5306,sedan,2008,manual,0,500,150000,12,gasoline,fiat,yes,2016-04-02,0,42120,2016-04-23 17:52:48
2016-03-14 11:37:26,22333,sedan,2006,manual,221,scenic,150000,3,,renault,no,2016-03-14,0,96943,2016-04-07 00:16:35
2016-03-16 10:15:16,5231,sedan,1996,auto,0,tucson,80000,3,gasoline,hyundai,yes,2016-03-16,0,39232,2016-04-09 06:00:04
2016-04-04 03:21:00,21362,convertible,2006,manual,0,c4,80000,11,petrol,citroen,,2016-04-04,0,20061,2016-04-13 00:17:15
2016-03-23 22:24:22,3091,small,2002,manual,189,cooper,100000,5,other,mini,yes,2016-03-23,0,82356,2016-03-27 04:29:57
2016-03-19 22:58:13,8282,small,2011,manual,142,note,125000,5,,nissan,no,2016-03-19,0,17976,2016-04-10 16:37:42
2016-03-18 18:41:08,16797,other,2006,auto,54,3_reihe,125000,2,other,peugeot,,2016-03-18,0,92610,2016-03-27 22:48:16
2016-03-27 07:32:03,4204,other,2008,manual,147,v40,150000,2,,volvo,,2016-03-27,0,44349,2016-04-11 14:25:22
2016-04-05 13:17:24,15799,sedan,2013,manual,123,tiguan,150000,6,gasoline,volkswagen,no,2016-04-05,0,48326,2016-04-11 18:13:19
2016-03-10 02:53:24,34855,suv,1995,auto,241,ibiza,150000,4,gasoline,seat,no,2016-03-10,0,79277,2016-04-04 22:30:11
2016-03-31 15:40:04,26736,sedan,2013,manual,208,corolla,5000,2,gasoline,toyota,no,2016-03-31,0,52627,2016-04-28 11:40:00
2016-04-01 08:40:15,30811,suv,2004,manual,78,andere,60000,0,hybrid,sonstige_autos,,2016-04-01,0,2082,2016-04-27 06:03:44
2016-03-26 20:09:42,6006,sedan,2013,manual,232,panda,150000,1,other,fiat,yes,2016-03-26,0,8880,2016-04-17 12:48:51
2016-04-07 16:38:15,4581,sedan,2003,manual,93,q5,150000,0,gasoline,audi,,2016-04-07,0,94977,2016-04-23 15:28:36
2016-04-03 16:34:37,31292,coupe,2014,manual,157,touran,150000,0,gasoline,volkswagen,no,2016-04-03,0,66865,2016-05-02 06:41:19
2016-03-27 00:09:22,8502,sedan,1998,auto,46,zafira,150000,2,gasoline,opel,no,2016-03-27,0,54935,2016-04-04 18:24:36
2016-04-05 12:55:31,5863,coupe,1997,manual,72,yaris,150000,3,other,toyota,no,2016-04-05,0,31081,2016-04-28 13:52:52
2016-03-06 05:45:28,11237,sedan,2012,auto,172,e_klasse,125000,6,gasoline,mercedes_benz,,2016-03-06,0,38548,2016-04-03 23:12:00
2016-03-05 12:42:58,3340,small,1997,manual,89,forfour,150000,0,lpg,smart,no,2016-03-05,0,72360,2016-03-25 01:00:50
2016-03-01 06:27:03,35535,suv,2014,auto,142,corsa,150000,0,other,opel,no,2016-03-01,0,93608,2016-03-15 10:48:53
2016-03-18 15:13:20,7087,wagon,2008,manual,163,superb,80000,8,petrol,skoda,yes,2016-03-18,0,61026,2016-03-18 19:39:05
2016-03-12 01:48:02,17103,wagon,2009,manual,248,transporter,125000,10,cng,volkswagen,no,2016-03-12,0,82492,2016-03-22 13:08:32
2016-03-19 13:41:41,12919,small,2010,auto,67,note,90000,4,petrol,nissan,no,2016-03-19,0,42786,2016-04-02 23:47:33
2016-04-07 18:19:15,13903,coupe,2000,manual,66,s60,150000,10,gasoline,volvo,no,2016-04-07,0,78010,2016-04-21 17:49:07
2016-03-29 20:54:38,7497,small,2001,,174,altea,150000,2,petrol,seat,,2016-03-29,0,23929,2016-04-18 20:53:37
2016-03-15 05:51:01,28321,convertible,2000,auto,122,7er,100000,7,gasoline,bmw,no,2016-03-15,0,69298,2016-04-11 20:17:58
2016-03-12 01:45:58,12153,sedan,2011,manual,142,vectra,150000,12,other,opel,no,2016-03-12,0,63522,2016-04-07 09:39:25
2016-03-25 16:00:12,22582,suv,2008,manual,133,fortwo,150000,9,petrol,smart,no,2016-03-25,0,57311,2016-04-21 18:22:42
2016-03-27 17:57:04,9391,sedan,1998,manual,45,andere,40000,9,petrol,sonstige_autos,no,2016-03-27,0,21023,2016-04-13 16:53:09
2016-04-09 22:47:42,26306,bus,2016,manual,175,tucson,125000,10,petrol,hyundai,,2016-04-09,0,38416,2016-04-17 05:29:16
2016-03-26 08:46:26,11525,,2014,manual,48,6_reihe,60000,6,petrol,mazda,no,2016-03-26,0,42054,2016-03-29 00:24:57
2016-03-05 12:18:21,40182,suv,2000,auto,251,berlingo,60000,12,other,citroen,no,2016-03-05,0,62060,2016-04-04 12:06:11
2016-04-03 03:51:38,34769,coupe,2003,auto,0,i20,150000,0,electric,hyundai,,2016-04-03,0,14293,2016-04-27 03:05:00
2016-03-17 12:19:59,18570,wagon,9999,,170,a3,70000,1,,audi,,2016-03-17,0,81622,2016-03-28 14:52:17
2016-03-13 11:13:49,12161,wagon,2012,auto,153,,150000,8,petrol,volkswagen,yes,2016-03-13,0,13973,2016-03-29 03:19:54
2016-03-31 17:18:14,9755,sedan,1995,manual,109,fabia,125000,1,gasoline,skoda,no,2016-03-31,0,66746,2016-04-15 15:57:26
2016-03-29 18:36:09,30489,suv,2800,manual,125,1er,50000,12,petrol,bmw,,2016-03-29,0,50975,2016-04-24 10:12:18
2016-03-12 06:00:26,19481,wagon,2010,manual,230,fiesta,50000,3,other,ford,no,2016-03-12,0,81491,2016-03-26 03:49:03
2016-04-05 22:22:05,13066,coupe,2000,manual,253,panda,100000,10,gasoline,fiat,yes,2016-04-05,0,39582,2016-04-11 17:56:06
2016-03-24 12:43:33,13926,coupe,2011,manual,153,500,125000,10,other,fiat,,2016-03-24,0,27674,2016-04-14 23:55:16
2016-03-05 15:01:42,25069,,2010,manual,170,forfour,40000,7,gasoline,smart,no,2016-03-05,0,91621,2016-03-24 08:37:40
2016-03-29 04:08:02,29105,convertible,2001,manual,236,tucson,50000,9,gasoline,hyundai,no,2016-03-29,0,48229,2016-03-30 03:59:35
2016-03-28 22:08:48,15694,other,2014,manual,107,1er,60000,3,other,bmw,no,2016-03-28,0,4511,2016-03-30 16:08:48
2016-03-19 21:37:40,18713,sedan,2016,manual,145,clio,125000,5,petrol,renault,no,2016-03-19,0,30348,2016-04-17 09:38:50
2016-03-27 03:58:36,12571,other,1998,manual,259,c3,100000,9,gasoline,citroen,,2016-03-27,0,88880,2016-04-07 11:50:32
2016-03-06 07:50:09,36697,sedan,2007,manual,255,yaris,150000,5,hybrid,toyota,no,2016-03-06,0,83822,2016-03-06 22:28:02
2016-03-25 11:47:29,56253,convertible,2016,manual,245,yaris,60000,11,gasoline,toyota,no,2016-03-25,0,5766,2016-04-24 00:56:14
2016-03-15 11:37:43,13083,wagon,1998,manual,247,5_reihe,150000,11,gasoline,peugeot,no,2016-03-15,0,87917,2016-04-09 09:44:24
2016-03-20 06:59:41,12354,convertible,1997,manual,120,q5,90000,12,other,audi,no,2016-03-20,0,50677,2016-03-20 18:30:44
2016-03-24 04:11:52,6333,suv,1999,manual,131,note,125000,10,petrol,nissan,yes,2016-03-24,0,21000,2016-04-14 23:16:09
2016-03-13 01:33:14,13134,coupe,2014,manual,55,corsa,150000,8,other,opel,,2016-03-13,0,9090,2016-04-03 18:56:44
2016-03-21 06:33:26,32742,coupe,2012,manual,157,ka,90000,6,electric,ford,no,2016-03-21,0,38471,2016-04-14 19:09:08
2016-03-24 19:50:17,33274,,2004,manual,132,scenic,125000,9,electric,renault,no,2016-03-24,0,90845,2016-04-20 04:19:44
2016-03-07 00:39:08,7959,sedan,2015,manual,144,v70,100000,1,petrol,volvo,,2016-03-07,0,7274,2016-03-30 23:18:22
2016-03-28 02:35:59,21945,suv,2010,manual,190,astra,90000,5,,opel,no,2016-03-28,0,11814,2016-04-09 03:30:08
2016-03-03 17:03:28,8787,small,2002,manual,221,3_reihe,100000,4,petrol,peugeot,no,2016-03-03,0,30523,2016-03-07 15:13:29
2016-03-05 16:58:18,26251,wagon,2004,auto,149,2_reihe,150000,12,gasoline,peugeot,no,2016-03-05,0,7892,2016-03-25 21:51:23
2016-03-16 16:33:04,11303,small,2012,manual,156,a6,40000,5,petrol,audi,no,2016-03-16,0,38347,2016-03-30 11:43:41
2016-03-19 23:33:45,9567,other,1996,manual,129,insignia,30000,1,petrol,opel,,2016-03-19,0,63700,2016-04-11 20:41:36
2016-03-27 07:35:03,27280,wagon,2006,manual,174,micra,20000,5,gasoline,nissan,no,2016-03-27,0,22787,2016-04-04 18:40:23
2016-03-03 23:12:17,21245,wagon,2004,manual,190,i30,100000,4,gasoline,hyundai,no,2016-03-03,0,12121,2016-03-29 20:34:34
2016-04-06 11:05:38,12207,sedan,2002,manual,44,6_reihe,80000,10,gasoline,mazda,no,2016-04-06,0,76750,2016-04-14 16:30:17
2016-03-12 05:31:59,5490,convertible,1996,manual,92,punto,150000,8,petrol,fiat,no,2016-03-12,0,47070,2016-03-26 12:38:18
2016-03-10 17:13:02,27625,bus,2007,manual,140,v70,150000,9,hybrid,volvo,,2016-03-10,0,10474,2016-03-20 22:59:03
2016-04-02 14:20:27,17193,small,2013,auto,85,megane,125000,7,gasoline,renault,no,2016-04-02,0,66434,2016-04-15 01:50:04
2016-03-28 13:22:23,15705,other,2004,manual,108,,100000,4,gasoline,opel,no,2016-03-28,0,33964,2016-04-25 09:48:41
2016-03-17 13:21:57,29802,sedan,2013,auto,69,scenic,20000,0,,renault,no,2016-03-17,0,58017,2016-04-12 16:28:47
2016-03-12 02:36:04,20477,wagon,2014,manual,134,zafira,125000,9,other,opel,no,2016-03-12,0,56344,2016-03-19 11:27:14
2016-03-25 03:06:00,16155,suv,2000,manual,131,altea,80000,12,lpg,seat,no,2016-03-25,0,9917,2016-04-18 15:02:29
2016-03-10 10:45:03,10398,sedan,1995,manual,57,i30,30000,4,gasoline,hyundai,no,2016-03-10,0,40354,2016-03-29 07:31:18
2016-03-30 23:04:40,34566,bus,2012,auto,50,i20,20000,4,petrol,hyundai,no,2016-03-30,0,16262,2016-04-23 23:39:17
2016-03-01 22:24:16,7119,other,1998,manual,129,panda,150000,1,other,fiat,no,2016-03-01,0,75047,2016-03-10 04:00:28
2016-04-08 11:42:51,18673,bus,1997,manual,217,2_reihe,70000,3,gasoline,peugeot,no,2016-04-08,0,30236,2016-05-02 18:53:21
2016-04-04 20:06:13,12510,suv,2000,manual,90,focus,125000,2,gasoline,ford,no,2016-04-04,0,60878,2016-04-28 10:28:47
2016-03-09 00:45:24,20988,convertible,2010,manual,105,fiesta,150000,7,gasoline,ford,no,2016-03-09,0,47212,2016-04-07 15:14:40
2016-03-03 17:47:18,14331,sedan,2002,manual,124,a_klasse,80000,12,petrol,mercedes_benz,no,2016-03-03,0,2890,2016-03-22 10:45:53
2016-04-01 23:56:25,11326,small,2011,manual,245,polo,10000,4,other,volkswagen,no,2016-04-01,0,14973,2016-04-13 21:20:19
2016-04-03 04:49:18,18180,suv,2001,manual,101,v70,125000,5,gasoline,volvo,no,2016-04-03,0,44016,2016-04-10 00:44:46
2016-03-25 03:40:56,4685,small,1998,manual,140,qashqai,150000,12,other,nissan,no,2016-03-25,0,40051,2016-04-22 14:40:18
2016-04-01 22:34:39,54077,sedan,2016,auto,201,ka,5000,2,,ford,no,2016-04-01,0,36137,2016-04-19 19:57:09
2016-03-06 12:41:14,10018,coupe,2005,manual,229,altea,20000,3,other,seat,yes,2016-03-06,0,15876,2016-03-29 07:12:02
2016-03-14 09:51:38,14941,wagon,2004,manual,221,5_reihe,150000,1,other,peugeot,no,2016-03-14,0,51122,2016-04-01 14:07:44
2016-03-28 08:05:48,16732,suv,2012,auto,228,note,150000,8,petrol,nissan,yes,2016-03-28,0,74910,2016-04-14 21:29:31
2016-03-19 16:42:18,30067,convertible,2003,auto,83,q5,70000,1,petrol,audi,no,2016-03-19,0,52104,2016-03-29 07:33:39
2016-03-25 06:03:44,21177,other,2011,auto,180,a_klasse,125000,7,other,mercedes_benz,,2016-03-25,0,91334,2016-03-29 02:40:52
2016-03-04 21:03:53,5893,sedan,2011,manual,112,,80000,7,other,citroen,yes,2016-03-04,0,48891,2016-03-18 16:53:06
2016-04-01 21:21:06,5149,,1996,auto,51,yaris,150000,1,petrol,toyota,,2016-04-01,0,51573,2016-04-29 03:56:52
2016-03-18 20:22:20,7836,small,2003,manual,146,fortwo,125000,12,petrol,smart,no,2016-03-18,0,50442,2016-03-29 09:45:46
2016-03-11 21:25:29,13449,other,2012,manual,83,forfour,125000,11,,smart,no,2016-03-11,0,29975,2016-04-07 11:18:43
2016-04-06 09:34:30,4235,small,2000,auto,56,fiesta,150000,4,other,ford,no,2016-04-06,0,58243,2016-05-03 03:04:07
2016-03-07 18:07:13,21617,suv,2009,manual,178,3_reihe,150000,4,other,peugeot,no,2016-03-07,0,55439,2016-03-13 21:55:42
2016-04-07 21:20:11,24963,,2014,manual,208,ibiza,70000,12,other,seat,no,2016-04-07,0,22892,2016-04-22 02:05:56
2016-03-01 04:49:34,41408,other,2012,auto,143,forfour,50000,8,gasoline,smart,no,2016-03-01,0,82169,2016-03-04 13:37:16
2016-03-11 04:37:21,13711,sedan,1999,auto,170,fabia,150000,7,gasoline,skoda,,2016-03-11,0,28944,2016-03-20 10:22:17
2016-04-05 17:25:10,3330,suv,1998,manual,58,x_reihe,150000,6,petrol,bmw,yes,2016-04-05,0,79040,2016-04-11 03:50:14
2016-03-20 00:10:54,9065,sedan,1995,manual,55,e_klasse,125000,2,hybrid,mercedes_benz,,2016-03-20,0,13291,2016-03-21 07:34:30
2016-03-14 12:15:04,22131,other,2011,auto,145,insignia,150000,4,petrol,opel,,2016-03-14,0,15671,2016-04-04 10:37:17
2016-03-02 08:17:30,11382,other,2004,manual,113,cooper,125000,5,gasoline,mini,no,2016-03-02,0,4260,2016-03-27 20:41:52
2016-03-10 02:21:47,14725,,1998,auto,134,fabia,100000,4,petrol,skoda,no,2016-03-10,0,79206,2016-03-16 04:31:30
2016-03-23 16:49:09,25832,coupe,2008,manual,209,altea,150000,5,gasoline,seat,no,2016-03-23,0,39563,2016-04-10 09:54:50
2016-03-13 13:52:39,24191,,2016,manual,220,x_reihe,125000,8,petrol,bmw,no,2016-03-13,0,70910,2016-04-04 18:39:54
2016-04-04 14:26:44,9398,other,2002,auto,226,altea,100000,5,gasoline,seat,yes,2016-04-04,0,43057,2016-04-08 05:23:37
2016-03-14 02:55:01,5748,wagon,2016,manual,86,andere,125000,8,other,sonstige_autos,yes,2016-03-14,0,41006,2016-03-19 10:34:35
2016-03-19 04:30:16,31421,convertible,2007,manual,0,megane,70000,3,gasoline,renault,no,2016-03-19,0,52734,2016-04-14 03:51:54
2016-03-13 02:30:05,12127,small,2009,manual,100,a3,125000,11,gasoline,audi,,2016-03-13,0,34899,2016-03-31 19:45:41
2016-03-01 02:28:57,10899,wagon,2005,manual,235,2_reihe,150000,11,petrol,mazda,,2016-03-01,0,45348,2016-03-08 19:35:24
2016-03-23 06:36:44,10137,,2013,manual,195,andere,90000,0,petrol,sonstige_autos,yes,2016-03-23,0,14162,2016-04-02 11:41:29
2016-03-02 09:03:42,17085,other,2015,manual,128,e_klasse,90000,12,gasoline,mercedes_benz,no,2016-03-02,0,40360,2016-03-13 11:55:05
2016-03-08 10:43:29,18797,other,2002,manual,156,andere,125000,7,,sonstige_autos,no,2016-03-08,0,61241,2016-03-13 21:07:33
2016-04-01 11:27:07,23605,wagon,2006,manual,155,andere,40000,4,gasoline,sonstige_autos,,2016-04-01,0,55270,2016-04-11 12:41:01
2016-04-03 18:07:09,21712,wagon,2004,manual,206,cooper,125000,0,gasoline,mini,,2016-04-03,0,13807,2016-04-08 16:54:27
2016-03-23 00:01:28,26643,convertible,2006,manual,185,tiguan,150000,10,gasoline,volkswagen,no,2016-03-23,0,18357,2016-04-12 02:33:21
2016-03-01 08:29:10,4463,small,2002,manual,138,berlingo,125000,12,,citroen,yes,2016-03-01,0,84804,2016-03-03 13:10:23
2016-03-23 12:18:03,23123,other,2012,manual,251,cooper,70000,6,gasoline,mini,no,2016-03-23,0,96716,2016-04-16 07:08:35
2016-03-29 20:52:49,2339,sedan,1995,manual,139,v70,150000,1,other,volvo,yes,2016-03-29,0,20966,2016-04-20 21:22:43
2016-03-21 11:59:33,12606,,2004,manual,198,megane,80000,5,petrol,renault,,2016-03-21,0,69218,2016-04-17 09:55:57
2016-03-02 17:05:08,15640,,1997,manual,226,fortwo,150000,5,petrol,smart,no,2016-03-02,0,59509,2016-03-06 07:48:00
2016-03-29 07:31:03,20649,sedan,2003,auto,206,,150000,3,gasoline,mercedes_benz,no,2016-03-29,0,53470,2016-04-11 19:47:41
2016-03-28 03:08:25,15467,wagon,2007,,47,scenic,150000,7,gasoline,renault,no,2016-03-28,0,46689,2016-04-14 20:38:06
2016-03-07 04:06:14,15024,sedan,2000,manual,195,mondeo,60000,0,gasoline,ford,no,2016-03-07,0,37059,2016-03-11 05:16:31
2016-03-16 12:52:50,8270,,2012,manual,63,andere,50000,0,other,sonstige_autos,no,2016-03-16,0,93701,2016-04-05 02:04:32
2016-03-13 23:14:05,3888,small,1999,auto,178,andere,150000,9,lpg,sonstige_autos,,2016-03-13,0,4830,2016-03-25 13:54:42
2016-03-10 12:34:27,31601,coupe,2003,manual,212,cooper,60000,1,gasoline,mini,no,2016-03-10,0,6740,2016-04-03 07:57:59
2016-03-28 01:19:35,3527,other,1995,manual,194,,90000,0,other,mercedes_benz,yes,2016-03-28,0,74068,2016-04-20 01:25:38
2016-04-08 07:46:48,14939,,2009,manual,81,punto,150000,10,other,fiat,,2016-04-08,0,90800,2016-04-28 02:50:52
2016-03-26 21:13:43,17962,coupe,2000,manual,141,fortwo,125000,1,gasoline,smart,no,2016-03-26,0,96424,2016-04-01 11:40:40
2016-04-07 12:48:08,21360,sedan,2014,manual,136,fabia,90000,10,gasoline,skoda,no,2016-04-07,0,76879,2016-04-10 14:49:37
2016-04-09 06:48:48,26763,,2012,manual,207,clubman,80000,5,petrol,mini,no,2016-04-09,0,58483,2016-05-02 06:48:59
2016-03-09 01:35:33,32063,other,2011,auto,0,focus,90000,6,petrol,ford,no,2016-03-09,0,52866,2016-03-26 02:40:32
2016-04-01 14:21:00,43312,suv,2010,auto,113,zafira,60000,7,,opel,no,2016-04-01,0,10269,2016-04-12 02:14:58
2016-04-04 01:25:01,19595,small,2010,auto,0,fabia,90000,12,gasoline,skoda,no,2016-04-04,0,39530,2016-04-19 14:16:17
2016-03-04 06:14:59,9935,sedan,1995,manual,134,micra,125000,4,hybrid,nissan,no,2016-03-04,0,72018,2016-03-20 19:44:45
2016-03-18 14:20:03,3873,small,1996,manual,93,,150000,1,other,skoda,no,2016-03-18,0,2554,2016-03-29 00:32:55
2016-03-05 10:30:34,18041,coupe,2009,manual,0,zafira,150000,11,gasoline,opel,no,2016-03-05,0,77188,2016-03-27 02:06:37
2016-03-26 12:53:56,20050,sedan,1999,manual,175,fabia,20000,1,gasoline,skoda,,2016-03-26,0,34227,2016-03-31 17:06:27
2016-04-03 20:11:04,8195,small,2000,manual,147,leon,10000,7,petrol,seat,no,2016-04-03,0,88239,2016-05-03 05:08:24
2016-03-11 22:09:34,10070,wagon,2008,auto,89,fortwo,20000,11,petrol,smart,yes,2016-03-11,0,43880,2016-04-08 04:59:36
2016-03-27 08:03:37,8344,sedan,2007,auto,102,zafira,40000,3,petrol,opel,,2016-03-27,0,44607,2016-04-22 16:39:02
2016-03-03 02:01:45,12124,,1999,auto,229,corsa,125000,9,gasoline,opel,yes,2016-03-03,0,79050,2016-03-28 02:52:19
2016-03-05 22:30:56,3059,small,1997,manual,236,punto,150000,9,gasoline,fiat,yes,2016-03-05,0,68743,2016-04-02 16:07:42
2016-04-02 10:40:50,7516,other,2003,manual,110,i30,150000,0,other,hyundai,no,2016-04-02,0,76948,2016-04-30 13:22:30
2016-03-19 16:32:12,8328,other,1998,manual,160,6_reihe,125000,11,cng,mazda,no,2016-03-19,0,95606,2016-03-23 19:08:09
2016-03-04 09:59:36,25133,sedan,2008,manual,176,corolla,150000,12,electric,toyota,no,2016-03-04,0,89583,2016-03-22 14:27:22
2016-04-04 18:39:33,7336,small,1998,manual,259,zafira,40000,12,petrol,opel,no,2016-04-04,0,17524,2016-04-05 11:23:55
2016-03-26 14:47:53,8244,suv,2007,manual,101,octavia,125000,9,petrol,skoda,yes,2016-03-26,0,73763,2016-04-16 14:35:07
2016-03-02 09:20:05,10221,convertible,2001,,184,fabia,100000,11,gasoline,skoda,yes,2016-03-02,0,87617,2016-03-26 20:33:11
2016-04-07 15:46:37,22876,small,1996,auto,230,2_reihe,40000,12,hybrid,mazda,no,2016-04-07,0,49282,2016-05-03 00:20:54
2016-04-03 12:00:53,21216,wagon,2000,manual,85,v70,125000,10,electric,volvo,no,2016-04-03,0,6588,2016-04-15 00:22:06
2016-03-08 08:59:01,8362,wagon,1998,auto,48,s60,150000,11,petrol,volvo,,2016-03-08,0,2004,2016-03-10 23:13:45
2016-03-28 11:10:22,45402,coupe,2005,manual,134,twingo,5000,10,electric,renault,,2016-03-28,0,51793,2016-04-15 14:11:14
2016-04-07 21:11:50,14250,,2006,manual,177,i30,150000,5,petrol,hyundai,no,2016-04-07,0,58022,2016-04-16 11:16:02
2016-04-08 09:31:50,10767,other,1998,manual,150,cooper,150000,11,gasoline,mini,no,2016-04-08,0,72166,2016-05-02 16:00:54
2016-03-05 21:09:57,19365,other,2007,manual,181,3_reihe,150000,10,gasoline,mazda,,2016-03-05,0,91529,2016-03-20 01:06:57
2016-03-23 16:57:32,17877,convertible,2002,manual,0,clubman,150000,9,petrol,mini,no,2016-03-23,0,69175,2016-03-30 01:46:43
2016-03-17 23:29:05,10397,suv,2010,manual,123,7er,150000,10,petrol,bmw,yes,2016-03-17,0,15639,2016-03-25 07:20:04
2016-04-01 08:07:56,7184,small,2004,manual,118,altea,60000,9,petrol,seat,no,2016-04-01,0,18566,2016-04-05 07:26:48
2016-03-16 09:49:22,19343,convertible,2003,manual,49,fabia,125000,2,gasoline,skoda,no,2016-03-16,0,4223,2016-04-13 19:19:11
2016-03-14 22:07:27,19579,,2002,manual,225,tucson,70000,7,gasoline,hyundai,no,2016-03-14,0,13977,2016-04-10 01:05:04
2016-03-21 13:12:20,22006,bus,2003,auto,169,golf,150000,9,gasoline,volkswagen,no,2016-03-21,0,49996,2016-04-10 01:34:30
2016-03-01 04:07:37,17957,sedan,2008,auto,0,twingo,150000,6,petrol,renault,no,2016-03-01,0,89523,2016-03-10 19:02:11
2016-03-20 12:27:27,14378,suv,2014,manual,118,cooper,125000,11,petrol,mini,no,2016-03-20,0,67743,2016-04-18 05:02:51
2016-04-01 12:51:41,30408,convertible,2010,manual,80,3_reihe,10000,5,gasoline,peugeot,no,2016-04-01,0,91907,2016-04-30 02:44:40
2016-03-11 14:46:03,6947,sedan,1996,,97,fabia,150000,4,gasoline,skoda,no,2016-03-11,0,58813,2016-04-08 08:33:21
2016-03-26 15:42:49,2415,small,2003,manual,126,a3,150000,3,,audi,,2016-03-26,0,38164,2016-04-12 02:02:50
2016-03-13 09:12:31,23392,other,2003,manual,224,andere,40000,10,gasoline,sonstige_autos,no,2016-03-13,0,39593,2016-03-25 23:58:08
2016-03-23 19:24:07,8766,convertible,2002,manual,188,forfour,150000,1,,smart,yes,2016-03-23,0,41931,2016-04-20 01:33:12
2016-03-21 07:46:40,16995,small,2016,auto,55,c3,80000,5,petrol,citroen,no,2016-03-21,0,50300,2016-04-11 12:17:40
2016-03-02 19:43:00,19747,sedan,2005,manual,256,fiesta,150000,2,gasoline,ford,no,2016-03-02,0,47869,2016-03-28 23:34:05
2016-03-13 17:36:27,4951,other,1995,manual,81,,150000,6,lpg,mini,,2016-03-13,0,39251,2016-03-31 20:29:19
2016-03-11 10:47:09,8938,suv,2007,manual,87,superb,150000,7,other,skoda,,2016-03-11,0,27055,2016-04-04 23:34:30
2016-03-17 18:50:18,18392,other,2006,manual,198,v40,100000,12,gasoline,volvo,no,2016-03-17,0,43928,2016-04-14 20:27:01
2016-03-13 17:03:26,32058,convertible,2003,manual,180,1er,70000,4,gasoline,bmw,,2016-03-13,0,89743,2016-03-31 02:00:39
2016-03-16 16:12:24,21801,coupe,2006,manual,151,andere,150000,0,,sonstige_autos,no,2016-03-16,0,84571,2016-03-29 16:11:57
2016-04-08 08:49:43,47307,convertible,2000,manual,179,e_klasse,50000,7,hybrid,mercedes_benz,,2016-04-08,0,35231,2016-04-21 13:11:56
2016-04-05 05:29:01,5568,small,2007,manual,0,twingo,150000,0,petrol,renault,no,2016-04-05,0,23967,2016-05-02 18:26:42
2016-03-24 01:45:57,10630,suv,2007,manual,125,a4,50000,7,petrol,audi,yes,2016-03-24,0,84526,2016-04-14 13:37:03
2016-03-29 10:58:14,53289,suv,2016,auto,225,corolla,100000,8,gasoline,toyota,no,2016-03-29,0,91997,2016-04-26 17:31:57
2016-03-12 13:50:51,7966,wagon,2001,manual,61,avensis,150000,3,gasoline,toyota,no,2016-03-12,0,17913,2016-03-27 23:45:40
2016-03-30 22:32:39,3473,small,2003,manual,198,clubman,150000,6,petrol,mini,yes,2016-03-30,0,13346,2016-04-22 01:36:14
2016-03-19 20:06:41,10619,suv,2011,manual,97,punto,150000,12,gasoline,fiat,yes,2016-03-19,0,71123,2016-04-05 16:59:38
2016-04-08 08:49:44,6541,wagon,2006,manual,68,scenic,70000,5,petrol,renault,,2016-04-08,0,75380,2016-05-04 06:20:23
2016-04-01 14:25:46,6119,,2001,manual,107,megane,125000,11,petrol,renault,no,2016-04-01,0,6832,2016-04-27 08:14:55
2016-03-17 03:08:32,6298,sedan,1996,manual,58,clubman,90000,6,petrol,mini,no,2016-03-17,0,85325,2016-04-10 01:39:36
2016-03-12 15:16:26,9539,other,2009,manual,249,cooper,150000,7,gasoline,mini,yes,2016-03-12,0,51785,2016-04-10 19:10:52
2016-03-09 23:35:53,22450,coupe,2011,manual,71,v70,100000,2,petrol,volvo,no,2016-03-09,0,37339,2016-03-31 14:28:15
2016-03-04 07:52:47,0,wagon,1995,auto,0,v70,150000,12,petrol,volvo,no,2016-03-04,0,25176,2016-03-21 02:34:46
2016-04-07 01:03:35,15399,small,2014,auto,111,clubman,150000,12,lpg,mini,no,2016-04-07,0,62130,2016-04-17 07:36:28
2016-03-18 14:00:02,25146,coupe,2006,manual,259,v70,90000,12,,volvo,no,2016-03-18,0,31033,2016-03-25 12:57:44
2016-03-20 22:19:32,25469,sedan,2007,manual,186,corsa,10000,7,gasoline,opel,no,2016-03-20,0,61625,2016-04-16 21:44:22
2016-03-05 07:59:13,13309,other,2000,auto,83,ka,125000,5,petrol,ford,,2016-03-05,0,1060,2016-03-29 23:03:58
2016-03-07 16:43:33,10400,sedan,1997,manual,95,golf,100000,7,electric,volkswagen,no,2016-03-07,0,8130,2016-03-28 14:18:09
2016-04-03 15:19:41,18415,other,2003,auto,115,c4,30000,10,petrol,citroen,no,2016-04-03,0,45536,2016-04-07 09:17:47
2016-04-01 19:52:43,15053,other,2009,manual,54,6_reihe,100000,10,gasoline,mazda,,2016-04-01,0,24985,2016-04-21 10:57:46
2016-04-04 14:07:58,14838,small,2013,auto,167,i20,150000,9,gasoline,hyundai,no,2016-04-04,0,89245,2016-05-02 23:56:25
2016-04-04 15:16:30,11592,sedan,1998,manual,135,qashqai,50000,10,petrol,nissan,no,2016-04-04,0,85790,2016-05-03 19:18:34
2016-03-16 23:49:59,13512,wagon,2002,manual,192,2_reihe,5000,5,other,mazda,,2016-03-16,0,73229,2016-03-31 12:00:49
2016-03-13 00:42:20,10725,small,2013,auto,116,ka,80000,3,,ford,no,2016-03-13,0,84323,2016-04-05 23:56:51
2016-03-28 18:08:23,18112,,2012,manual,158,twingo,150000,10,petrol,renault,no,2016-03-28,0,3571,2016-04-25 23:30:53
2016-03-22 02:08:44,6793,wagon,1997,,112,s_klasse,150000,11,other,mercedes_benz,no,2016-03-22,0,23795,2016-03-27 08:20:34
2016-04-09 15:20:28,34965,convertible,2009,manual,201,5er,150000,4,gasoline,bmw,,2016-04-09,0,36173,2016-05-04 23:10:47
2016-03-05 07:05:25,22296,wagon,1997,auto,209,500,5000,3,other,fiat,no,2016-03-05,0,85222,2016-03-22 15:29:46
2016-03-19 03:16:23,16154,other,1998,manual,127,andere,100000,4,hybrid,sonstige_autos,no,2016-03-19,0,67929,2016-04-07 15:28:44
2016-03-21 23:44:25,18821,sedan,2012,manual,144,yaris,60000,9,petrol,toyota,no,2016-03-21,0,77000,2016-04-13 00:41:25
2016-03-29 20:17:12,8878,small,2012,manual,67,ibiza,150000,6,gasoline,seat,no,2016-03-29,0,91474,2016-04-23 10:44:45
2016-03-29 16:24:21,17250,suv,2007,manual,127,insignia,100000,7,other,opel,,2016-03-29,0,75575,2016-03-31 08:18:02
2016-03-09 18:40:55,16692,sedan,2003,manual,213,clio,125000,4,petrol,renault,no,2016-03-09,0,17159,2016-03-17 19:05:48
2016-04-01 10:02:20,25898,other,2013,auto,155,corolla,150000,0,gasoline,toyota,no,2016-04-01,0,74660,2016-04-06 16:42:16
2016-03-21 10:18:28,31258,coupe,2010,manual,197,leon,80000,8,petrol,seat,no,2016-03-21,0,47243,2016-04-08 17:56:42
2016-03-19 23:13:49,5969,wagon,1995,manual,77,polo,100000,11,,volkswagen,no,2016-03-19,0,35777,2016-03-31 19:15:11
2016-03-03 15:06:53,49732,wagon,2014,,197,a_klasse,30000,5,gasoline,mercedes_benz,no,2016-03-03,0,81736,2016-03-10 10:20:07
2016-04-03 03:36:52,7749,small,2007,,233,500,150000,9,gasoline,fiat,no,2016-04-03,0,43459,2016-04-11 21:07:57
2016-03-24 10:22:35,8970,other,1999,manual,258,andere,125000,8,other,sonstige_autos,no,2016-03-24,0,99904,2016-04-02 04:05:51
2016-03-14 20:31:00,7701,other,1997,manual,82,altea,125000,3,gasoline,seat,no,2016-03-14,0,25212,2016-03-22 19:21:45
2016-03-01 19:34:54,4326,,2003,manual,123,punto,150000,2,lpg,fiat,yes,2016-03-01,0,55765,2016-03-06 11:06:06
2016-04-01 11:03:35,8960,small,2001,manual,136,2_reihe,150000,5,gasoline,peugeot,no,2016-04-01,0,98189,2016-04-18 12:36:02
2016-03-25 01:53:04,8248,wagon,2006,manual,62,3er,150000,12,other,bmw,no,2016-03-25,0,36097,2016-04-22 10:46:02
2016-03-13 22:17:21,16631,suv,1998,manual,180,vectra,90000,6,petrol,opel,no,2016-03-13,0,50663,2016-03-19 21:52:43
2016-03-20 13:21:02,10467,,2011,manual,45,leon,70000,6,gasoline,seat,no,2016-03-20,0,92626,2016-04-05 20:22:51
2016-03-04 05:00:27,13171,wagon,1996,auto,124,corsa,80000,0,,opel,no,2016-03-04,0,2241,2016-03-14 17:11:49
2016-03-09 10:04:27,9694,small,2002,manual,209,tucson,150000,12,,hyundai,no,2016-03-09,0,23562,2016-03-09 22:10:15
2016-03-03 12:25:48,21844,bus,2009,,107,yaris,90000,10,other,toyota,no,2016-03-03,0,62354,2016-04-01 00:23:22
2016-03-15 12:02:37,9556,wagon,1995,manual,169,andere,125000,1,gasoline,sonstige_autos,no,2016-03-15,0,71018,2016-03-31 09:15:18
2016-03-17 21:22:37,19076,sedan,2002,manual,155,s60,125000,8,gasoline,volvo,,2016-03-17,0,13828,2016-03-19 05:41:09
2016-04-08 23:40:42,25639,,1999,manual,259,panda,90000,3,gasoline,fiat,no,2016-04-08,0,74059,2016-04-10 23:15:33
2016-03-04 04:01:14,9955,wagon,2000,manual,146,e_klasse,90000,10,lpg,mercedes_benz,no,2016-03-04,0,37402,2016-03-15 21:48:18
2016-03-21 18:14:06,0,sedan,2010,manual,213,,150000,7,lpg,toyota,no,2016-03-21,0,3869,2016-04-15 00:32:59
2016-03-19 21:26:52,13921,sedan,2002,manual,243,3_reihe,150000,6,gasoline,mazda,no,2016-03-19,0,87794,2016-04-04 15:53:30
2016-03-26 03:03:05,9420,small,1999,,235,panda,150000,4,gasoline,fiat,no,2016-03-26,0,27624,2016-04-23 14:24:34
2016-03-06 14:08:31,13456,small,2009,manual,99,corolla,90000,11,gasoline,toyota,no,2016-03-06,0,26023,2016-04-03 14:00:37
2016-03-13 11:10:05,17207,suv,1998,manual,176,c4,125000,1,hybrid,citroen,no,2016-03-13,0,82174,2016-04-04 18:05:47
2016-03-06 12:27:40,24325,,2015,auto,111,v70,90000,11,petrol,volvo,,2016-03-06,0,98828,2016-03-25 09:44:12
2016-03-10 09:00:23,10265,other,1999,manual,102,mondeo,125000,10,gasoline,ford,no,2016-03-10,0,98884,2016-03-16 21:41:53
2016-03-04 01:55:07,12073,wagon,1999,manual,135,e_klasse,150000,8,gasoline,mercedes_benz,no,2016-03-04,0,45960,2016-03-15 00:30:32
2016-03-11 22:30:27,13916,other,2006,manual,147,ibiza,125000,2,petrol,seat,no,2016-03-11,0,31429,2016-03-27 07:59:56
2016-03-30 19:33:28,10711,sedan,1999,manual,160,s60,90000,0,petrol,volvo,no,2016-03-30,0,81216,2016-04-04 13:22:30
2016-03-05 19:32:55,18147,wagon,2000,auto,90,x_reihe,125000,10,gasoline,bmw,,2016-03-05,0,90208,2016-03-28 16:47:35
2016-04-08 07:50:48,24825,wagon,2003,auto,149,focus,150000,10,gasoline,ford,no,2016-04-08,0,49696,2016-04-26 19:18:41
2016-03-31 01:44:09,7957,sedan,2012,manual,89,yaris,100000,10,other,toyota,no,2016-03-31,0,52198,2016-04-19 20:37:21
2016-03-27 05:13:50,14307,other,2016,manual,162,altea,90000,2,other,seat,no,2016-03-27,0,67125,2016-04-20 08:06:31
2016-03-17 22:56:21,14477,suv,1997,manual,101,avensis,150000,10,gasoline,toyota,no,2016-03-17,0,40453,2016-04-02 00:23:21
2016-03-21 15:20:01,5244,coupe,2006,manual,249,,150000,11,other,ford,yes,2016-03-21,0,14960,2016-03-27 05:16:49
2016-03-23 10:49:08,5819,wagon,2000,,71,,150000,1,other,fiat,,2016-03-23,0,5342,2016-03-24 05:21:06
2016-03-30 21:07:59,7484,other,2003,manual,79,passat,150000,11,petrol,volkswagen,,2016-03-30,0,70340,2016-04-20 14:42:34
2016-03-30 01:31:48,14110,small,2014,manual,196,fortwo,40000,4,petrol,smart,,2016-03-30,0,18206,2016-04-03 04:24:36
2016-03-04 13:56:17,16223,bus,2013,manual,92,s60,150000,2,other,volvo,no,2016-03-04,0,65131,2016-03-26 02:06:31
2016-03-12 16:17:24,28001,sedan,2014,manual,146,fiesta,90000,10,gasoline,ford,no,2016-03-12,0,33430,2016-03-22 04:45:25
2016-03-04 05:49:09,24014,wagon,2002,manual,256,s60,60000,4,gasoline,volvo,no,2016-03-04,0,32803,2016-03-11 01:12:36
2016-03-15 07:07:28,27069,bus,2013,auto,159,andere,80000,3,other,sonstige_autos,,2016-03-15,0,68877,2016-04-04 16:58:52
2016-03-09 08:37:35,13653,small,2015,manual,186,forfour,90000,4,petrol,smart,no,2016-03-09,0,37217,2016-03-28 12:31:37
2016-03-11 04:05:34,6774,,2013,auto,216,c3,150000,3,,citroen,yes,2016-03-11,0,96570,2016-04-07 00:23:27
2016-03-22 05:03:21,19429,sedan,2004,manual,73,fortwo,80000,3,electric,smart,no,2016-03-22,0,94475,2016-04-05 19:04:45
2016-03-26 05:45:15,13759,sedan,1999,manual,217,s60,150000,8,,volvo,no,2016-03-26,0,10796,2016-04-04 12:15:22
2016-03-26 12:04:23,18113,wagon,2008,manual,72,,90000,9,,seat,no,2016-03-26,0,67593,2016-04-14 18:22:27
2016-03-13 02:55:00,29428,suv,2013,manual,247,s_klasse,150000,4,lpg,mercedes_benz,no,2016-03-13,0,48607,2016-04-05 23:14:54
2016-03-30 00:28:49,11672,other,1998,manual,75,v40,60000,4,gasoline,volvo,,2016-03-30,0,27732,2016-04-18 04:53:51
2016-03-05 13:47:02,4750,sedan,2000,manual,83,andere,50000,2,gasoline,sonstige_autos,yes,2016-03-05,0,43116,2016-04-03 10:29:35
2016-03-20 13:51:11,11573,small,2013,auto,60,,150000,6,other,sonstige_autos,no,2016-03-20,0,84114,2016-04-10 07:41:18
2016-03-24 07:51:24,12718,sedan,2000,manual,110,clubman,90000,8,petrol,mini,no,2016-03-24,0,33029,2016-04-07 08:12:57
2016-03-03 01:33:53,17255,suv,2000,manual,65,,30000,3,other,sonstige_autos,no,2016-03-03,0,85772,2016-04-01 12:04:38
2016-03-22 05:37:13,10970,small,2014,manual,187,megane,150000,1,,renault,no,2016-03-22,0,78466,2016-03-25 04:03:01
2016-03-17 15:09:11,5678,small,1996,,135,qashqai,150000,5,petrol,nissan,no,2016-03-17,0,31490,2016-04-02 21:08:27
2016-04-05 19:00:34,27855,convertible,2005,manual,176,forfour,150000,4,gasoline,smart,no,2016-04-05,0,1727,2016-04-06 03:07:20
2016-03-08 10:00:35,20236,suv,2001,manual,218,forfour,125000,2,petrol,smart,,2016-03-08,0,46427,2016-03-27 21:11:49
2016-04-08 13:40:29,7121,wagon,2016,manual,109,i20,150000,2,petrol,hyundai,yes,2016-04-08,0,27101,2016-04-12 14:21:27
2016-03-04 14:04:29,8646,convertible,1998,manual,113,punto,150000,8,other,fiat,no,2016-03-04,0,36576,2016-03-15 21:15:31
2016-03-19 16:44:45,44588,wagon,2007,auto,156,500,70000,2,gasoline,fiat,no,2016-03-19,0,6848,2016-03-24 03:24:40
2016-03-24 11:10:01,16525,wagon,2003,auto,58,2_reihe,90000,9,petrol,peugeot,no,2016-03-24,0,84049,2016-03-31 10:40:45
2016-04-03 23:14:59,10273,sedan,2004,manual,65,3_reihe,125000,11,gasoline,mazda,no,2016-04-03,0,42331,2016-04-24 18:00:34
2016-03-02 09:45:49,32717,suv,2003,auto,151,focus,150000,8,gasoline,ford,no,2016-03-02,0,87119,2016-03-26 04:15:47
2016-04-09 10:42:58,16909,,2001,manual,119,fortwo,150000,2,petrol,smart,no,2016-04-09,0,68125,2016-04-30 17:59:18
2016-03-21 10:21:05,24779,suv,2002,manual,114,,20000,3,gasoline,renault,no,2016-03-21,0,67597,2016-04-08 08:10:04
2016-03-07 16:19:39,10108,bus,1995,auto,166,andere,30000,1,gasoline,sonstige_autos,,2016-03-07,0,38662,2016-03-18 06:20:41
2016-03-14 22:40:15,17089,coupe,1999,manual,237,2_reihe,125000,1,petrol,mazda,no,2016-03-14,0,8751,2016-04-03 06:57:01
2016-03-29 08:03:39,25418,,2015,auto,64,2_reihe,150000,1,gasoline,peugeot,no,2016-03-29,0,4781,2016-04-05 07:54:20
2016-04-08 10:32:48,20285,coupe,2002,manual,93,ibiza,150000,5,electric,seat,no,2016-04-08,0,41101,2016-05-01 08:25:51
2016-03-15 12:14:52,41612,suv,2016,manual,223,,80000,1,gasoline,citroen,no,2016-03-15,0,41252,2016-04-05 14:33:38
2016-03-15 13:40:55,0,wagon,1995,auto,61,,125000,9,,sonstige_autos,no,2016-03-15,0,96693,2016-03-19 14:19:41
2016-04-06 20:55:23,2605,other,1996,,121,altea,125000,0,gasoline,seat,,2016-04-06,0,90349,2016-04-25 22:14:01
2016-03-09 05:55:53,6876,sedan,2010,manual,93,s60,150000,9,gasoline,volvo,yes,2016-03-09,0,58282,2016-03-16 21:43:25
2016-03-03 19:04:13,14353,sedan,2007,manual,175,i20,60000,2,petrol,hyundai,no,2016-03-03,0,44192,2016-03-14 23:16:04
2016-04-02 12:03:13,13518,sedan,1997,manual,188,v40,70000,1,other,volvo,no,2016-04-02,0,94208,2016-04-14 18:51:38
2016-03-07 08:33:02,4956,sedan,1998,manual,53,passat,150000,3,other,volkswagen,no,2016-03-07,0,19359,2016-04-03 05:05:25
2016-03-27 23:54:16,29419,suv,2012,manual,259,,150000,3,petrol,sonstige_autos,no,2016-03-27,0,97309,2016-04-10 16:35:06
2016-04-06 17:53:56,10243,small,2010,,165,6_reihe,125000,12,petrol,mazda,no,2016-04-06,0,56428,2016-04-19 01:34:30
2016-03-28 15:26:44,10488,sedan,1998,manual,134,3_reihe,125000,0,gasoline,peugeot,no,2016-03-28,0,54365,2016-04-24 11:37:50
2016-04-07 12:26:27,12112,sedan,2005,manual,90,tucson,100000,5,gasoline,hyundai,no,2016-04-07,0,33467,2016-04-25 01:52:55
2016-03-14 13:36:14,12702,,1995,manual,128,c4,150000,7,gasoline,citroen,,2016-03-14,0,85458,2016-03-24 19:23:51
2016-04-06 01:33:49,30352,sedan,2014,auto,64,clubman,90000,10,gasoline,mini,no,2016-04-06,0,49958,2016-04-07 02:27:08
2016-03-29 06:39:14,43761,bus,2005,auto,186,,40000,2,gasoline,seat,,2016-03-29,0,66742,2016-04-19 00:47:05
2016-03-25 12:44:14,9986,bus,1999,manual,122,fabia,150000,3,petrol,skoda,,2016-03-25,0,61280,2016-04-19 19:10:17
2016-03-31 08:16:42,7616,small,2005,manual,46,q5,30000,12,gasoline,audi,no,2016-03-31,0,92924,2016-04-19 19:59:09
2016-03-11 06:01:15,25346,,2013,manual,144,qashqai,150000,3,other,nissan,,2016-03-11,0,48755,2016-03-19 16:47:11
2016-03-16 16:57:21,41978,,2014,manual,152,superb,150000,3,electric,skoda,no,2016-03-16,0,24197,2016-04-03 03:14:47
2016-03-15 00:49:00,5949,wagon,2006,manual,108,punto,150000,0,gasoline,fiat,yes,2016-03-15,0,43991,2016-03-27 12:48:18
2016-03-15 21:57:09,29122,other,2009,auto,219,,150000,2,,renault,no,2016-03-15,0,76160,2016-04-04 08:25:42
2016-03-25 18:23:29,16638,sedan,2006,manual,175,i30,150000,1,petrol,hyundai,no,2016-03-25,0,47460,2016-04-15 17:06:40
2016-03-30 17:11:02,10840,,2015,manual,147,mondeo,150000,3,other,ford,no,2016-03-30,0,10575,2016-04-22 08:47:38
2016-03-22 22:20:10,15813,other,2000,auto,166,qashqai,125000,7,petrol,nissan,no,2016-03-22,0,50373,2016-04-20 14:18:14
2016-04-01 22:34:17,10701,,2003,manual,178,c4,80000,10,petrol,citroen,no,2016-04-01,0,18295,2016-04-07 09:43:53
2016-03-29 17:24:44,29575,,2006,manual,209,5_reihe,150000,12,gasoline,peugeot,no,2016-03-29,0,85871,2016-04-25 15:30:01
2016-03-10 22:11:33,17340,coupe,2006,manual,52,,150000,11,,bmw,no,2016-03-10,0,21182,2016-03-14 16:30:07
2016-04-04 10:53:37,18028,suv,2009,manual,243,6_reihe,50000,2,gasoline,mazda,yes,2016-04-04,0,77196,2016-05-03 09:14:36
2016-04-07 15:00:49,13770,small,2003,auto,135,scenic,60000,7,petrol,renault,no,2016-04-07,0,80972,2016-04-19 03:44:35
2016-03-14 15:49:31,19139,other,2011,manual,188,,70000,1,gasoline,peugeot,,2016-03-14,0,1655,2016-04-12 20:33:18
2016-03-15 12:19:41,9376,,2015,manual,208,2_reihe,125000,7,petrol,mazda,,2016-03-15,0,75133,2016-03-16 11:13:09
2016-03-16 02:24:38,19404,coupe,2010,auto,96,forfour,150000,10,petrol,smart,no,2016-03-16,0,74742,2016-03-28 16:43:26
2016-03-01 20:42:40,44225,bus,2009,manual,184,andere,30000,1,electric,sonstige_autos,no,2016-03-01,0,6874,2016-03-19 10:21:34
2016-04-06 20:30:03,5200,other,2008,auto,183,berlingo,100000,11,other,citroen,yes,2016-04-06,0,99204,2016-04-29 03:03:26
2016-03-01 06:25:54,24488,wagon,2003,manual,251,fiesta,20000,5,,ford,no,2016-03-01,0,64078,2016-03-30 04:23:26
2016-04-05 16:04:34,14365,small,2016,manual,169,s_klasse,40000,3,hybrid,mercedes_benz,no,2016-04-05,0,23151,2016-04-11 09:39:05
2016-04-09 08:17:00,47156,wagon,2008,auto,47,v40,30000,7,hybrid,volvo,no,2016-04-09,0,93749,2016-04-17 11:46:33
2016-04-02 20:47:32,6710,other,2001,manual,88,passat,150000,5,other,volkswagen,no,2016-04-02,0,48721,2016-04-17 00:50:21
2016-03-10 17:47:43,18363,other,2005,manual,123,passat,5000,2,petrol,volkswagen,no,2016-03-10,0,46138,2016-03-21 12:52:42
2016-03-20 11:21:20,24876,coupe,2005,auto,189,,150000,1,petrol,hyundai,no,2016-03-20,0,59912,2016-04-14 18:32:33
2016-04-01 08:35:38,30192,coupe,2011,manual,141,s60,150000,5,gasoline,volvo,no,2016-04-01,0,98752,2016-04-30 14:21:47
2016-03-09 09:47:46,9941,other,2003,manual,174,megane,150000,2,other,renault,no,2016-03-09,0,34650,2016-04-04 02:15:25
2016-04-04 15:37:08,14053,other,2008,manual,119,cooper,90000,7,,mini,no,2016-04-04,0,92635,2016-04-18 11:25:52
2016-03-01 12:35:35,10961,small,2012,manual,238,e_klasse,150000,8,gasoline,mercedes_benz,no,2016-03-01,0,39636,2016-03-05 18:27:29
2016-03-16 23:29:09,15912,other,2016,manual,55,i30,125000,3,gasoline,hyundai,no,2016-03-16,0,66492,2016-04-10 09:07:21
2016-03-01 04:41:12,6637,bus,2004,manual,240,passat,150000,7,gasoline,volkswagen,yes,2016-03-01,0,14507,2016-03-15 23:48:17
2016-03-27 17:13:16,7955,,2014,auto,112,yaris,125000,1,hybrid,toyota,yes,2016-03-27,0,42138,2016-04-16 21:29:27
2016-03-20 21:21:10,13044,sedan,2008,manual,200,,150000,5,petrol,mercedes_benz,,2016-03-20,0,12653,2016-04-06 21:45:29
2016-03-19 11:10:49,34175,suv,2011,,245,fiesta,30000,4,other,ford,no,2016-03-19,0,78351,2016-04-03 01:46:15
2016-03-26 10:03:49,18633,sedan,2002,manual,252,clubman,50000,7,petrol,mini,no,2016-03-26,0,85972,2016-04-17 14:26:03
2016-03-04 08:51:24,10810,sedan,2006,manual,221,note,150000,7,other,nissan,no,2016-03-04,0,23069,2016-04-03 02:29:05
2016-03-23 16:43:11,90000,sedan,2016,auto,92,i30,150000,6,gasoline,hyundai,yes,2016-03-23,0,41006,2016-04-13 20:16:23
2016-03-06 00:35:23,6943,wagon,2013,manual,218,s_klasse,90000,7,petrol,mercedes_benz,yes,2016-03-06,0,72690,2016-03-17 14:44:57
2016-03-19 13:22:58,6102,small,2002,manual,136,altea,125000,2,,seat,no,2016-03-19,0,47903,2016-03-26 21:17:17
2016-03-08 14:28:44,4777,small,1999,auto,44,zafira,150000,9,other,opel,no,2016-03-08,0,87440,2016-03-23 20:26:54
2016-04-01 17:49:10,24858,wagon,2003,,231,i20,10000,9,cng,hyundai,no,2016-04-01,0,73807,2016-04-21 18:35:08
2016-03-07 10:34:26,14580,,1999,manual,69,twingo,60000,11,gasoline,renault,no,2016-03-07,0,40184,2016-03-20 03:12:11
2016-03-08 16:53:07,4593,sedan,2001,manual,80,3_reihe,150000,5,gasoline,peugeot,yes,2016-03-08,0,20908,2016-03-11 22:34:48
2016-03-07 19:03:15,9554,,2007,manual,234,forfour,70000,12,,smart,no,2016-03-07,0,1593,2016-03-26 19:44:18
2016-03-16 16:11:20,0,small,2007,manual,88,octavia,60000,6,gasoline,skoda,no,2016-03-16,0,73197,2016-04-11 01:41:57
2016-03-13 09:50:44,16096,sedan,2010,auto,141,cooper,150000,2,petrol,mini,no,2016-03-13,0,36343,2016-04-11 23:41:58
2016-03-23 06:57:22,19840,other,1999,auto,169,zafira,150000,1,gasoline,opel,no,2016-03-23,0,84076,2016-04-17 04:56:59
2016-03-03 07:36:43,9914,bus,2001,manual,0,7er,90000,9,other,bmw,no,2016-03-03,0,34453,2016-03-27 16:35:01
2016-04-05 11:04:36,17281,sedan,2012,manual,0,corolla,90000,0,petrol,toyota,no,2016-04-05,0,81864,2016-04-26 22:14:38
2016-03-25 04:31:45,11493,small,2016,manual,189,megane,40000,5,electric,renault,yes,2016-03-25,0,25546,2016-04-06 23:36:25
2016-03-07 03:18:27,42278,other,1999,auto,202,passat,100000,2,electric,volkswagen,no,2016-03-07,0,38835,2016-03-21 20:05:32
2016-03-17 16:53:13,20390,other,2008,manual,45,3er,30000,12,gasoline,bmw,,2016-03-17,0,82322,2016-04-16 02:05:17
2016-03-22 20:14:22,26049,wagon,2015,manual,164,forfour,125000,1,,smart,no,2016-03-22,0,90255,2016-04-10 04:54:16
2016-04-04 01:44:10,26878,coupe,2000,auto,245,megane,150000,3,gasoline,renault,no,2016-04-04,0,2370,2016-04-21 21:20:37
2016-03-23 14:29:55,32749,coupe,2014,manual,171,forfour,150000,11,gasoline,smart,no,2016-03-23,0,45618,2016-04-14 10:45:41
2016-03-04 12:36:04,9625,wagon,2011,manual,200,3_reihe,125000,3,gasoline,mazda,yes,2016-03-04,0,89592,2016-03-27 13:24:51
2016-03-25 06:31:25,5249,,2016,manual,136,2_reihe,30000,2,petrol,peugeot,yes,2016-03-25,0,58217,2016-03-27 09:07:19
2016-03-23 08:04:06,67442,convertible,2013,auto,226,ibiza,30000,5,gasoline,seat,no,2016-03-23,0,40376,2016-04-12 23:47:28
2016-03-13 08:20:45,18147,suv,2002,manual,242,note,150000,5,other,nissan,no,2016-03-13,0,70156,2016-03-20 09:49:41
2016-03-06 13:17:20,13370,sedan,2000,,181,corolla,90000,2,petrol,toyota,no,2016-03-06,0,21833,2016-03-08 02:31:03
2016-03-29 10:23:55,24709,suv,2013,manual,155,corolla,150000,7,petrol,toyota,no,2016-03-29,0,28540,2016-04-06 19:35:10
2016-03-19 03:23:28,8994,small,2012,manual,115,500,150000,10,petrol,fiat,no,2016-03-19,0,28171,2016-04-15 21:22:23
2016-04-09 15:00:48,14613,coupe,2006,auto,258,,150000,12,petrol,fiat,yes,2016-04-09,0,19890,2016-04-15 17:21:35
2016-03-04 13:20:29,6667,sedan,1995,manual,196,a6,150000,10,gasoline,audi,no,2016-03-04,0,14569,2016-04-01 09:01:31
2016-03-29 23:42:19,13183,small,2005,manual,246,zafira,125000,4,gasoline,opel,no,2016-03-29,0,64281,2016-04-13 17:47:56
2016-04-08 00:04:44,10904,,1999,manual,94,2_reihe,50000,6,other,mazda,no,2016-04-08,0,27632,2016-04-19 14:02:55
2016-03-21 10:18:36,9920,small,1997,auto,142,i20,10000,10,petrol,hyundai,,2016-03-21,0,26353,2016-04-18 20:33:26
2016-04-07 13:04:05,24195,sedan,2011,manual,135,,20000,7,petrol,mercedes_benz,no,2016-04-07,0,75545,2016-04-20 11:15:00
2016-04-09 06:01:07,7512,small,2002,manual,71,andere,125000,12,gasoline,sonstige_autos,no,2016-04-09,0,87362,2016-04-16 23:58:21
2016-03-24 19:39:23,23561,suv,2003,manual,236,andere,125000,6,petrol,sonstige_autos,no,2016-03-24,0,55174,2016-03-25 00:44:15
2016-03-22 19:48:49,8123,wagon,2014,auto,121,i20,150000,1,petrol,hyundai,yes,2016-03-22,0,88989,2016-04-15 11:30:41
2016-04-08 12:07:14,11801,wagon,1995,manual,231,i20,125000,11,petrol,hyundai,no,2016-04-08,0,86333,2016-04-27 23:03:10
2016-03-20 03:28:47,19944,wagon,2015,manual,122,corolla,150000,1,petrol,toyota,no,2016-03-20,0,62496,2016-03-24 15:10:12
2016-03-24 14:07:18,8438,small,2003,manual,66,v40,100000,7,gasoline,volvo,no,2016-03-24,0,56466,2016-04-12 00:33:07
2016-03-07 15:41:41,12881,sedan,1998,manual,162,,150000,10,gasoline,bmw,no,2016-03-07,0,47774,2016-03-20 13:28:19
2016-03-16 17:45:24,40227,other,2011,auto,46,andere,30000,4,gasoline,sonstige_autos,no,2016-03-16,0,54859,2016-04-10 14:21:58
2016-03-04 16:07:54,22559,wagon,2001,manual,232,scenic,90000,2,gasoline,renault,no,2016-03-04,0,92703,2016-04-01 00:38:10
2016-03-12 18:59:59,52528,wagon,2013,auto,237,,5000,4,,opel,no,2016-03-12,0,35115,2016-04-05 23:40:13
2016-03-15 00:13:17,13971,sedan,2003,manual,133,octavia,150000,9,,skoda,no,2016-03-15,0,90169,2016-04-08 20:52:05
2016-03-22 00:05:24,90000,suv,2005,manual,198,7er,150000,8,gasoline,bmw,yes,2016-03-22,0,31719,2016-03-25 21:05:50
2016-03-25 01:02:53,10292,,2007,auto,195,7er,150000,11,gasoline,bmw,,2016-03-25,0,46548,2016-04-23 20:01:11
2016-04-05 14:20:19,21266,,1998,manual,233,,50000,8,gasoline,renault,,2016-04-05,0,76271,2016-04-15 20:16:08
2016-03-01 04:24:18,13815,small,2000,,99,vectra,70000,4,electric,opel,,2016-03-01,0,26576,2016-03-07 15:29:31
2016-04-04 12:53:32,18092,small,2009,,253,a3,70000,8,gasoline,audi,no,2016-04-04,0,50645,2016-04-17 14:21:11
2016-03-31 22:45:13,13899,bus,2000,manual,240,6_reihe,80000,6,petrol,mazda,no,2016-03-31,0,44339,2016-04-19 14:41:02
2016-04-03 17:24:56,24644,,2012,auto,176,3_reihe,100000,4,,peugeot,,2016-04-03,0,61703,2016-04-30 20:46:43
2016-03-30 03:33:48,22863,other,2007,auto,0,micra,60000,11,gasoline,nissan,,2016-03-30,0,30211,2016-04-21 06:47:51
2016-03-10 17:58:56,13773,sedan,2008,auto,72,insignia,60000,11,other,opel,no,2016-03-10,0,40046,2016-03-31 05:29:33
2016-03-11 19:44:02,6738,wagon,2011,manual,94,altea,90000,9,petrol,seat,yes,2016-03-11,0,94322,2016-03-13 13:43:10
2016-03-12 17:31:26,29203,sedan,2012,auto,102,fabia,50000,9,petrol,skoda,no,2016-03-12,0,69019,2016-03-26 18:10:51
2016-03-05 10:49:55,22692,bus,2013,manual,212,fabia,100000,10,petrol,skoda,,2016-03-05,0,26904,2016-03-20 16:57:33
2016-03-17 19:47:59,14129,other,2007,,48,a3,150000,8,gasoline,audi,no,2016-03-17,0,51388,2016-03-30 02:14:53
2016-03-22 09:22:14,21651,sedan,2013,manual,206,3er,150000,8,gasoline,bmw,no,2016-03-22,0,84864,2016-04-19 00:07:28
2016-03-14 19:28:46,8468,small,2015,auto,216,fortwo,150000,1,gasoline,smart,,2016-03-14,0,7894,2016-03-28 19:40:31
2016-04-04 13:57:41,5720,small,1998,manual,192,note,150000,9,petrol,nissan,no,2016-04-04,0,94102,2016-04-23 08:58:09
2016-04-09 06:45:59,17799,,2009,auto,200,ibiza,40000,8,petrol,seat,no,2016-04-09,0,44586,2016-04-30 02:37:17
2016-04-03 18:23:43,20957,other,2007,auto,212,500,150000,0,,fiat,no,2016-04-03,0,9883,2016-04-19 17:15:38
2016-03-06 14:27:46,18571,convertible,1999,manual,228,superb,150000,6,other,skoda,no,2016-03-06,0,63392,2016-03-10 21:02:58
2016-03-26 12:18:18,16111,sedan,1999,manual,141,corsa,150000,2,hybrid,opel,no,2016-03-26,0,62729,2016-04-13 19:50:16
2016-03-02 03:33:30,10680,wagon,2001,auto,67,3_reihe,150000,12,petrol,peugeot,no,2016-03-02,0,78039,2016-03-18 10:45:14
2016-04-06 01:36:30,47839,sedan,2015,auto,136,mondeo,150000,8,electric,ford,no,2016-04-06,0,97495,2016-05-02 04:14:23
2016-04-07 22:05:50,40021,coupe,2009,manual,245,,150000,4,hybrid,skoda,no,2016-04-07,0,41970,2016-04-27 15:41:04
2016-03-21 01:55:57,25258,sedan,2011,manual,182,clubman,100000,6,gasoline,mini,no,2016-03-21,0,74119,2016-03-22 23:57:30
2016-03-02 05:15:36,8555,,2012,manual,229,panda,125000,8,petrol,fiat,yes,2016-03-02,0,14623,2016-03-03 20:35:26
2016-03-16 03:04:15,0,small,2004,manual,156,x_reihe,125000,9,gasoline,bmw,no,2016-03-16,0,92093,2016-04-06 05:22:02
2016-03-14 20:12:59,14565,coupe,1997,auto,158,octavia,150000,9,petrol,skoda,no,2016-03-14,0,67505,2016-03-17 19:21:21
2016-03-18 21:28:43,12242,,2007,manual,58,cooper,100000,7,petrol,mini,no,2016-03-18,0,81478,2016-04-08 23:00:36
2016-04-02 00:00:58,52088,,2012,auto,204,fabia,80000,0,,skoda,no,2016-04-02,0,51177,2016-04-16 09:56:39
2016-04-01 00:10:29,22008,wagon,2006,manual,65,c3,50000,3,gasoline,citroen,no,2016-04-01,0,8498,2016-04-22 05:31:01
2016-03-23 03:57:57,6784,sedan,2009,manual,241,punto,90000,9,petrol,fiat,yes,2016-03-23,0,76535,2016-04-13 21:47:19
2016-03-30 23:45:17,11641,other,2004,manual,57,a4,150000,3,gasoline,audi,no,2016-03-30,0,48744,2016-04-27 18:10:13
2016-03-08 09:34:08,20102,suv,1998,manual,219,x_reihe,150000,12,petrol,bmw,no,2016-03-08,0,9550,2016-03-09 16:31:15
2016-03-07 06:14:03,31640,sedan,2015,auto,200,s_klasse,150000,7,,mercedes_benz,no,2016-03-07,0,96802,2016-03-11 17:55:32
2016-03-11 08:53:31,22588,sedan,1998,manual,159,fabia,70000,9,electric,skoda,no,2016-03-11,0,41917,2016-03-21 02:26:37
2016-03-16 21:01:22,8641,,2001,manual,116,forfour,5000,8,petrol,smart,no,2016-03-16,0,87929,2016-03-28 20:19:08
2016-03-26 20:50:51,48984,suv,2008,manual,183,i20,5000,3,gasoline,hyundai,,2016-03-26,0,22414,2016-03-31 21:44:31
2016-03-02 13:26:37,10758,other,2001,,178,500,90000,9,petrol,fiat,no,2016-03-02,0,42929,2016-03-29 20:58:45
2016-04-05 07:24:24,8341,small,2010,manual,101,zafira,125000,8,petrol,opel,,2016-04-05,0,42627,2016-04-10 17:08:37
2016-03-11 18:46:02,9108,,2012,manual,106,qashqai,150000,1,petrol,nissan,,2016-03-11,0,41113,2016-03-20 18:00:57
2016-04-05 21:29:18,9156,,2001,manual,122,2_reihe,125000,6,gasoline,mazda,no,2016-04-05,0,44558,2016-04-12 07:30:29
2016-03-29 08:53:24,34325,coupe,2009,auto,254,twingo,150000,9,,renault,no,2016-03-29,0,90629,2016-03-30 22:41:05
2016-03-26 17:44:03,18768,convertible,1999,manual,206,cooper,150000,12,petrol,mini,no,2016-03-26,0,9918,2016-04-04 22:48:31
2016-03-24 03:29:34,20058,suv,2016,manual,79,s_klasse,150000,3,other,mercedes_benz,no,2016-03-24,0,90802,2016-04-05 08:10:54
2016-03-27 15:02:53,19146,,2008,manual,0,tucson,80000,7,petrol,hyundai,no,2016-03-27,0,31009,2016-04-12 19:24:50
2016-03-31 23:09:22,18787,coupe,2010,manual,42,a_klasse,150000,5,gasoline,mercedes_benz,no,2016-03-31,0,68311,2016-04-12 02:16:44
2016-03-19 23:18:38,15656,,2006,manual,220,polo,125000,8,lpg,volkswagen,,2016-03-19,0,56603,2016-04-17 14:48:58
2016-03-23 05:24:42,14304,small,2010,auto,120,fabia,150000,4,gasoline,skoda,no,2016-03-23,0,21240,2016-04-08 13:04:06
2016-03-24 16:49:19,13531,sedan,2011,auto,94,passat,150000,4,petrol,volkswagen,no,2016-03-24,0,67208,2016-04-12 04:20:11
2016-03-24 15:07:50,14895,sedan,2015,manual,163,panda,150000,5,gasoline,fiat,no,2016-03-24,0,42782,2016-03-26 22:01:23
2016-04-06 05:47:29,22188,sedan,2015,manual,81,andere,10000,0,gasoline,sonstige_autos,no,2016-04-06,0,38097,2016-04-22 09:05:02
2016-03-21 08:26:08,17921,coupe,2005,auto,139,v40,150000,4,other,volvo,no,2016-03-21,0,42665,2016-04-12 17:09:53
2016-03-06 15:28:58,7847,small,2014,,147,octavia,150000,10,petrol,skoda,no,2016-03-06,0,17875,2016-03-24 12:50:02
2016-03-22 21:28:50,5628,small,1995,manual,117,2_reihe,125000,12,gasoline,mazda,no,2016-03-22,0,28859,2016-04-18 06:05:40
2016-03-10 19:53:13,13020,sedan,2001,manual,197,fortwo,150000,11,petrol,smart,,2016-03-10,0,2815,2016-03-26 21:53:37
2016-03-03 03:28:28,6948,other,2005,manual,216,zafira,90000,3,,opel,yes,2016-03-03,0,62580,2016-03-16 05:54:52
2016-03-15 08:28:37,24990,other,2013,auto,174,a3,150000,2,petrol,audi,no,2016-03-15,0,80531,2016-04-01 06:19:50
2016-03-06 17:52:44,19547,other,1995,auto,159,s_klasse,70000,12,gasoline,mercedes_benz,no,2016-03-06,0,56096,2016-03-28 17:35:23
2016-03-25 05:18:13,28547,wagon,2011,manual,137,twingo,150000,3,hybrid,renault,no,2016-03-25,0,36287,2016-03-30 02:29:03
2016-03-07 01:56:50,0,sedan,2006,manual,92,,150000,0,gasoline,fiat,,2016-03-07,0,20703,2016-04-05 19:07:49
2016-03-17 17:55:16,10031,other,2002,manual,90,mondeo,150000,6,gasoline,ford,no,2016-03-17,0,80741,2016-03-23 05:48:32
2016-04-02 22:16:41,18076,small,2006,auto,214,leon,100000,3,gasoline,seat,,2016-04-02,0,80544,2016-04-06 15:19:01
2016-03-16 20:11:23,15984,wagon,2001,,234,7er,150000,6,gasoline,bmw,no,2016-03-16,0,23013,2016-04-02 15:22:58
2016-04-03 01:14:01,13510,wagon,2005,auto,241,andere,125000,5,petrol,sonstige_autos,yes,2016-04-03,0,17859,2016-04-10 22:39:05
2016-03-19 18:15:46,8197,wagon,2003,auto,84,v40,40000,10,petrol,volvo,yes,2016-03-19,0,87332,2016-04-17 22:41:05
2016-03-09 18:41:35,7572,small,1997,manual,109,scenic,90000,9,gasoline,renault,,2016-03-09,0,22372,2016-03-19 01:04:15
2016-03-04 03:10:36,31584,,2003,,75,avensis,60000,5,,toyota,no,2016-03-04,0,97560,2016-03-13 23:20:38
2016-03-06 18:58:55,22183,wagon,2009,manual,170,qashqai,150000,1,gasoline,nissan,no,2016-03-06,0,60403,2016-03-17 12:55:05
2016-03-15 17:30:16,12611,sedan,2000,manual,129,mondeo,70000,7,petrol,ford,no,2016-03-15,0,1153,2016-04-08 06:39:49
2016-03-04 18:41:42,7451,,1997,manual,99,2_reihe,150000,10,petrol,peugeot,no,2016-03-04,0,9624,2016-03-20 22:45:43
2016-04-07 04:21:54,17463,convertible,1995,manual,248,v70,150000,1,gasoline,volvo,no,2016-04-07,0,77447,2016-04-11 02:23:21
2016-03-23 10:51:52,25639,other,2014,auto,175,andere,150000,5,lpg,sonstige_autos,no,2016-03-23,0,53357,2016-04-15 10:01:07
2016-03-27 15:37:59,4286,wagon,2001,manual,101,fortwo,150000,12,lpg,smart,yes,2016-03-27,0,74025,2016-04-16 08:52:25
2016-04-01 21:15:35,17750,coupe,2007,,220,v70,150000,8,petrol,volvo,no,2016-04-01,0,63129,2016-04-25 04:24:55
2016-04-05 00:19:47,17728,small,2006,auto,183,andere,150000,9,gasoline,sonstige_autos,no,2016-04-05,0,89913,2016-04-09 21:27:44
2016-03-01 00:42:57,9585,sedan,2000,manual,228,superb,150000,5,gasoline,skoda,no,2016-03-01,0,16054,2016-03-25 01:28:12
2016-03-09 20:11:21,14916,wagon,1995,auto,157,altea,150000,12,gasoline,seat,,2016-03-09,0,69038,2016-04-06 18:39:16
2016-03-27 02:52:18,15420,suv,1997,manual,181,berlingo,50000,9,,citroen,,2016-03-27,0,67946,2016-04-06 07:53:14
2016-03-30 23:31:28,24180,other,2006,manual,0,,50000,8,gasoline,ford,no,2016-03-30,0,37946,2016-04-22 15:43:56
2016-03-29 00:51:34,12073,coupe,2006,manual,45,a1,150000,11,,audi,no,2016-03-29,0,44072,2016-04-06 20:35:04
2016-03-26 20:23:12,11380,,2004,manual,0,3_reihe,125000,12,gasoline,mazda,,2016-03-26,0,63771,2016-04-25 02:56:07
2016-04-08 04:06:47,13985,suv,1998,manual,85,,100000,12,gasoline,audi,no,2016-04-08,0,16678,2016-04-22 09:38:50
2016-03-17 16:22:53,47195,suv,2016,manual,203,fortwo,150000,0,gasoline,smart,no,2016-03-17,0,49371,2016-03-20 21:12:44
2016-03-19 10:51:51,22740,other,2007,manual,158,i30,150000,9,gasoline,hyundai,no,2016-03-19,0,76747,2016-03-19 11:12:36
2016-03-01 16:28:20,0,,2008,manual,65,3_reihe,125000,9,petrol,peugeot,,2016-03-01,0,27874,2016-03-06 00:23:40
2016-03-08 10:45:05,7437,sedan,1999,manual,119,7er,150000,3,petrol,bmw,no,2016-03-08,0,94463,2016-04-05 07:12:01
2016-04-08 20:35:18,21053,bus,2007,manual,175,a_klasse,70000,4,petrol,mercedes_benz,,2016-04-08,0,56606,2016-05-08 12:06:03
2016-03-03 10:02:11,28508,bus,2012,manual,144,twingo,100000,8,gasoline,renault,no,2016-03-03,0,31614,2016-03-15 02:36:02
2016-03-25 03:53:42,15066,wagon,2008,,136,2_reihe,50000,11,other,peugeot,no,2016-03-25,0,90242,2016-04-23 11:37:34
2016-03-02 00:09:00,19576,wagon,2007,manual,243,golf,150000,7,lpg,volkswagen,no,2016-03-02,0,99589,2016-03-28 07:49:28
2016-04-05 20:51:17,8162,small,2800,manual,65,qashqai,90000,6,gasoline,nissan,no,2016-04-05,0,49418,2016-05-01 13:21:43
2016-04-05 13:22:21,10236,small,2014,manual,225,fortwo,150000,5,petrol,smart,no,2016-04-05,0,3308,2016-04-19 07:38:25
2016-03-06 19:27:32,22265,sedan,2012,,197,s60,150000,9,petrol,volvo,no,2016-03-06,0,20466,2016-03-20 16:14:13
2016-04-03 21:27:21,25672,coupe,2016,manual,173,tiguan,60000,5,cng,volkswagen,no,2016-04-03,0,17833,2016-04-19 13:25:42
2016-03-01 02:27:34,20306,bus,2007,manual,112,5_reihe,70000,7,gasoline,peugeot,no,2016-03-01,0,12496,2016-03-15 09:46:50
2016-03-06 05:01:13,11254,,2009,manual,202,c4,125000,4,petrol,citroen,no,2016-03-06,0,45500,2016-03-28 20:04:00
2016-03-08 12:11:35,19143,sedan,2007,auto,120,3er,150000,7,petrol,bmw,no,2016-03-08,0,95134,2016-04-03 07:56:49
2016-04-08 19:34:22,18706,wagon,2005,manual,241,v40,150000,4,petrol,volvo,,2016-04-08,0,46205,2016-04-09 20:44:13
2016-03-10 01:15:03,25227,wagon,1998,auto,199,c3,90000,5,gasoline,citroen,no,2016-03-10,0,5288,2016-03-23 05:03:37
2016-03-24 01:49:04,33589,bus,2003,manual,254,3er,60000,5,gasoline,bmw,no,2016-03-24,0,38406,2016-03-25 03:19:45
2016-03-15 21:13:53,21680,sedan,2004,manual,235,zafira,70000,7,gasoline,opel,no,2016-03-15,0,35543,2016-03-29 14:00:58
2016-03-28 14:03:46,15319,coupe,2005,manual,88,qashqai,150000,7,petrol,nissan,,2016-03-28,0,97960,2016-04-10 08:24:18
2016-03-15 18:12:32,23308,sedan,2016,manual,234,zafira,150000,0,gasoline,opel,no,2016-03-15,0,45318,2016-03-16 02:22:54
2016-03-25 12:50:36,18196,small,2012,manual,93,2_reihe,125000,8,hybrid,mazda,,2016-03-25,0,41218,2016-04-03 20:22:28
2016-03-31 22:05:41,14298,suv,2002,manual,178,berlingo,125000,2,other,citroen,,2016-03-31,0,76358,2016-04-25 09:50:15
2016-03-11 18:57:00,3578,sedan,1996,manual,175,tiguan,125000,10,other,volkswagen,,2016-03-11,0,4897,2016-03-18 00:19:55
2016-03-01 14:53:02,9922,small,2010,manual,142,2_reihe,50000,11,hybrid,mazda,yes,2016-03-01,0,67525,2016-03-27 02:46:26
2016-03-04 15:00:22,2376,wagon,2003,manual,84,micra,150000,4,lpg,nissan,yes,2016-03-04,0,64979,2016-03-23 10:44:50
2016-03-17 23:06:18,28881,,2009,auto,250,touran,90000,12,hybrid,volkswagen,no,2016-03-17,0,31275,2016-03-27 02:29:32
2016-03-12 11:12:56,24189,other,2009,manual,187,7er,125000,4,gasoline,bmw,no,2016-03-12,0,98306,2016-03-24 11:20:22
2016-03-27 00:20:24,29528,,2005,manual,188,leon,70000,10,petrol,seat,no,2016-03-27,0,89437,2016-04-03 01:32:11
2016-03-07 23:03:06,18731,sedan,2008,auto,174,,150000,8,petrol,sonstige_autos,no,2016-03-07,0,80128,2016-04-04 06:19:35
2016-04-04 10:53:28,28399,sedan,2006,auto,142,c4,40000,0,petrol,citroen,no,2016-04-04,0,5117,2016-04-24 08:30:22
2016-03-08 07:50:31,11965,other,1997,auto,163,,125000,10,petrol,seat,no,2016-03-08,0,10726,2016-03-24 20:14:00
2016-03-26 12:28:28,29499,sedan,2012,auto,45,insignia,70000,7,gasoline,opel,no,2016-03-26,0,52111,2016-04-17 13:47:47
2016-03-09 11:19:58,14711,wagon,2004,manual,102,7er,10000,10,other,bmw,no,2016-03-09,0,15035,2016-03-24 22:34:23
2016-03-27 07:18:48,12926,other,2000,manual,205,qashqai,150000,12,gasoline,nissan,no,2016-03-27,0,39658,2016-03-27 20:41:54
2016-04-04 05:36:37,19284,sedan,2011,auto,107,micra,150000,9,other,nissan,no,2016-04-04,0,58617,2016-04-09 20:35:25
2016-03-02 10:35:33,18007,,2010,manual,196,forfour,150000,2,gasoline,smart,no,2016-03-02,0,40911,2016-03-23 09:27:54
2016-03-25 00:42:14,11631,sedan,1996,manual,0,forfour,90000,11,cng,smart,,2016-03-25,0,92874,2016-04-07 08:18:00
2016-03-14 20:52:58,6789,,2012,manual,128,passat,150000,4,other,volkswagen,yes,2016-03-14,0,58727,2016-04-07 13:50:59
2016-03-23 13:12:33,8010,convertible,2003,auto,89,vectra,70000,7,petrol,opel,yes,2016-03-23,0,71319,2016-04-03 23:45:59
2016-03-24 03:13:15,15579,other,2013,manual,153,a4,150000,12,,audi,no,2016-03-24,0,38495,2016-04-13 17:36:34
2016-04-03 21:11:06,16353,sedan,2015,manual,113,octavia,5000,7,,skoda,,2016-04-03,0,20280,2016-04-14 18:41:10
2016-03-05 18:15:26,38863,coupe,2012,auto,154,superb,150000,11,gasoline,skoda,no,2016-03-05,0,78761,2016-03-26 09:28:48
2016-03-25 07:30:13,5568,bus,2011,auto,127,scenic,150000,3,,renault,yes,2016-03-25,0,18387,2016-04-06 19:46:04
2016-03-26 07:15:45,50218,suv,2004,manual,231,ibiza,150000,5,electric,seat,,2016-03-26,0,77905,2016-04-07 08:09:45
2016-04-09 22:37:44,21281,,2014,,92,s60,150000,7,petrol,volvo,no,2016-04-09,0,25251,2016-05-03 09:37:35
2016-03-27 02:31:23,6361,sedan,2008,,93,leon,80000,8,lpg,seat,yes,2016-03-27,0,46630,2016-03-29 14:07:35
2016-03-13 16:09:47,11517,small,2012,manual,257,fiesta,125000,0,petrol,ford,,2016-03-13,0,50238,2016-03-16 23:02:09
2016-03-04 03:42:45,9067,sedan,2002,manual,165,avensis,150000,7,other,toyota,no,2016-03-04,0,83410,2016-03-14 20:34:51
2016-03-14 05:52:47,14983,small,1996,manual,257,focus,150000,6,electric,ford,no,2016-03-14,0,38019,2016-03-16 19:46:13
2016-03-13 20:15:09,13855,wagon,2016,manual,71,fabia,150000,12,petrol,skoda,no,2016-03-13,0,17378,2016-04-08 17:25:10
2016-03-30 18:05:42,15042,other,2008,manual,250,q5,150000,6,,audi,no,2016-03-30,0,62723,2016-04-22 05:17:15
2016-03-31 11:35:17,31768,coupe,2013,manual,56,focus,60000,6,gasoline,ford,,2016-03-31,0,48882,2016-04-13 04:49:21
2016-03-10 17:41:51,0,other,1999,manual,221,2_reihe,150000,8,gasoline,peugeot,no,2016-03-10,0,10992,2016-04-07 21:08:55
2016-03-23 13:26:19,5069,wagon,1995,manual,98,3_reihe,150000,7,other,mazda,no,2016-03-23,0,27478,2016-04-14 11:21:08
2016-03-11 04:28:40,17202,other,1998,auto,206,500,150000,6,other,fiat,no,2016-03-11,0,56252,2016-03-28 14:36:43
2016-04-03 05:10:28,12408,,1999,manual,216,e_klasse,150000,0,petrol,mercedes_benz,,2016-04-03,0,99156,2016-04-14 10:12:18
2016-03-14 13:11:39,24673,convertible,2006,manual,120,,90000,6,petrol,smart,,2016-03-14,0,54294,2016-04-08 06:49:56
2016-03-16 15:36:18,19333,,2011,manual,74,x_reihe,150000,5,,bmw,no,2016-03-16,0,94374,2016-03-31 19:01:59
2016-03-25 02:01:07,12446,sedan,2005,manual,123,punto,90000,3,petrol,fiat,no,2016-03-25,0,48473,2016-03-31 10:16:23
2016-03-15 07:13:47,10068,wagon,1998,manual,121,insignia,150000,0,gasoline,opel,,2016-03-15,0,33254,2016-03-16 14:04:29
2016-03-21 01:54:17,4801,wagon,2001,auto,41,a3,150000,5,gasoline,audi,yes,2016-03-21,0,24801,2016-04-08 00:53:40
2016-03-15 09:35:36,18434,convertible,2002,manual,147,forfour,150000,2,gasoline,smart,no,2016-03-15,0,98774,2016-03-21 10:05:26
2016-03-25 09:44:05,17869,suv,2010,manual,128,3_reihe,150000,4,lpg,mazda,no,2016-03-25,0,72980,2016-04-24 08:48:57
2016-04-09 07:31:27,4652,small,1999,manual,69,i30,125000,10,lpg,hyundai,,2016-04-09,0,27327,2016-04-17 19:13:40
2016-04-07 04:56:40,17273,sedan,2009,auto,153,500,80000,1,other,fiat,,2016-04-07,0,53547,2016-04-13 06:19:31
2016-03-19 19:09:19,29463,convertible,2013,,41,mondeo,20000,6,gasoline,ford,,2016-03-19,0,27927,2016-04-01 21:34:30
2016-03-17 12:35:26,8346,sedan,1998,manual,84,punto,150000,11,gasoline,fiat,no,2016-03-17,0,73543,2016-04-10 10:25:31
2016-04-02 11:25:53,21063,other,2013,manual,92,altea,80000,10,gasoline,seat,no,2016-04-02,0,37108,2016-04-27 02:22:41
2016-03-13 21:52:20,25995,sedan,2008,auto,163,,60000,5,,mazda,no,2016-03-13,0,46389,2016-04-03 15:47:36
2016-03-16 08:32:19,13216,wagon,2003,auto,63,vectra,125000,7,petrol,opel,no,2016-03-16,0,86206,2016-03-20 22:01:09
2016-03-08 07:04:59,5676,sedan,2002,manual,123,passat,60000,5,other,volkswagen,yes,2016-03-08,0,70063,2016-03-26 15:33:41
2016-03-22 16:49:09,38126,other,2012,auto,197,fabia,80000,3,gasoline,skoda,,2016-03-22,0,2703,2016-04-04 02:40:04
2016-03-12 12:23:53,16229,sedan,2013,manual,107,ibiza,125000,10,petrol,seat,no,2016-03-12,0,96497,2016-03-13 19:48:54
2016-03-16 02:19:14,10698,other,2001,manual,113,andere,100000,7,gasoline,sonstige_autos,no,2016-03-16,0,24148,2016-03-26 15:14:46
2016-03-03 14:31:57,21402,suv,1997,,168,6_reihe,150000,8,gasoline,mazda,no,2016-03-03,0,94700,2016-03-07 15:36:27
2016-03-20 00:00:52,10356,other,1997,auto,51,forfour,70000,2,other,smart,no,2016-03-20,0,17121,2016-04-13 06:09:12
2016-04-02 15:07:30,9344,other,1998,manual,241,c4,150000,10,other,citroen,no,2016-04-02,0,35580,2016-04-17 08:55:27
2016-03-30 03:43:00,9481,sedan,1997,auto,150,polo,150000,1,gasoline,volkswagen,no,2016-03-30,0,7517,2016-04-14 10:12:12
2016-03-10 22:32:59,16806,wagon,2011,auto,250,3_reihe,150000,7,other,mazda,,2016-03-10,0,70150,2016-03-22 15:59:09
2016-03-06 21:53:36,16646,other,2014,manual,204,octavia,150000,4,other,skoda,no,2016-03-06,0,73310,2016-04-04 21:01:16
2016-04-05 11:52:13,12203,other,2005,manual,74,superb,90000,7,petrol,skoda,no,2016-04-05,0,99099,2016-04-24 05:26:45
2016-03-23 05:47:08,4909,small,2005,,114,s_klasse,30000,6,petrol,mercedes_benz,,2016-03-23,0,31282,2016-04-01 03:11:42
2016-03-31 04:23:43,7276,other,1995,manual,189,ibiza,150000,6,other,seat,no,2016-03-31,0,16550,2016-04-19 14:56:33
2016-04-07 07:23:29,21841,other,2016,auto,255,zafira,125000,8,other,opel,,2016-04-07,0,31156,2016-04-12 13:54:57
2016-04-05 00:37:26,6438,bus,1996,manual,68,clubman,150000,5,gasoline,mini,no,2016-04-05,0,4302,2016-05-01 00:52:16
2016-03-16 12:36:53,13131,wagon,1997,manual,198,andere,40000,5,petrol,sonstige_autos,no,2016-03-16,0,71400,2016-04-10 02:04:45
2016-04-08 11:01:54,9862,,2003,manual,70,s60,125000,10,,volvo,yes,2016-04-08,0,23737,2016-04-25 13:41:43
2016-03-18 21:36:38,5826,sedan,2007,manual,137,fortwo,40000,1,petrol,smart,yes,2016-03-18,0,54756,2016-04-01 01:55:11
2016-04-06 11:12:51,8776,,2001,manual,113,fabia,125000,0,other,skoda,,2016-04-06,0,40900,2016-05-04 06:18:11
2016-03-11 05:49:42,29361,suv,2006,manual,246,500,150000,2,petrol,fiat,,2016-03-11,0,93054,2016-03-27 19:49:28
2016-03-09 11:27:21,27925,sedan,2016,manual,194,v40,150000,5,gasoline,volvo,no,2016-03-09,0,75177,2016-03-13 04:55:42
2016-03-08 07:29:16,8598,sedan,2016,auto,172,tucson,150000,4,petrol,hyundai,yes,2016-03-08,0,27346,2016-04-04 04:52:07
2016-03-03 09:47:52,13261,other,2010,manual,44,x_reihe,100000,7,gasoline,bmw,no,2016-03-03,0,76714,2016-04-01 14:35:38
2016-03-29 22:27:28,23691,other,2003,auto,116,superb,150000,6,gasoline,skoda,,2016-03-29,0,76393,2016-04-23 14:43:03
2016-03-14 16:30:15,56421,suv,2014,,185,andere,70000,11,gasoline,sonstige_autos,no,2016-03-14,0,92551,2016-04-02 07:08:24
2016-03-20 22:11:32,16230,wagon,1996,manual,176,a4,125000,12,hybrid,audi,,2016-03-20,0,33309,2016-03-25 04:53:26
2016-03-05 22:43:55,9069,small,1999,manual,208,fortwo,80000,2,petrol,smart,no,2016-03-05,0,30705,2016-03-09 18:54:57
2016-03-22 15:37:21,29320,wagon,2011,manual,179,micra,40000,8,gasoline,nissan,no,2016-03-22,0,29441,2016-04-16 13:51:23
2016-03-31 10:38:19,19549,sedan,2008,manual,137,clubman,70000,3,gasoline,mini,no,2016-03-31,0,8902,2016-04-16 02:02:36
2016-03-23 14:40:42,6624,sedan,2004,,66,s60,125000,4,other,volvo,no,2016-03-23,0,47552,2016-04-06 08:37:27
2016-03-10 17:04:29,7799,sedan,2000,manual,142,corolla,150000,5,other,toyota,no,2016-03-10,0,35683,2016-03-23 19:08:52
2016-03-25 06:09:53,16764,convertible,2006,manual,63,micra,150000,5,gasoline,nissan,no,2016-03-25,0,33117,2016-04-06 15:45:47
2016-03-28 13:33:34,19913,other,2012,manual,181,superb,150000,0,gasoline,skoda,,2016-03-28,0,80151,2016-04-16 23:43:42
2016-04-03 08:41:09,22285,,2009,auto,53,forfour,125000,8,petrol,smart,no,2016-04-03,0,71297,2016-04-25 13:15:37
2016-03-24 20:12:20,25830,wagon,2010,manual,0,forfour,150000,4,gasoline,smart,no,2016-03-24,0,61019,2016-04-22 17:42:42
2016-03-01 06:05:29,15042,wagon,2005,manual,113,vectra,125000,11,petrol,opel,no,2016-03-01,0,69452,2016-03-08 17:43:45
2016-03-16 17:16:53,20154,small,2011,auto,83,ibiza,125000,2,gasoline,seat,no,2016-03-16,0,30041,2016-04-04 01:14:54
2016-03-22 04:52:03,29132,wagon,2016,manual,127,500,90000,8,gasoline,fiat,,2016-03-22,0,77658,2016-04-09 09:17:31
2016-03-29 06:04:11,23498,,2008,auto,91,s60,150000,10,gasoline,volvo,,2016-03-29,0,84707,2016-03-29 19:15:03
2016-03-30 21:23:50,13492,small,2013,auto,139,fortwo,150000,7,gasoline,smart,no,2016-03-30,0,74509,2016-04-24 19:59:49
2016-03-31 17:02:20,21558,sedan,2003,auto,168,ka,125000,3,petrol,ford,,2016-03-31,0,14668,2016-04-20 16:18:18
2016-03-31 20:15:10,12172,other,2002,manual,111,altea,150000,0,petrol,seat,no,2016-03-31,0,20944,2016-04-27 17:38:02
2016-04-06 20:27:02,16229,small,2014,manual,70,mondeo,70000,3,gasoline,ford,no,2016-04-06,0,51756,2016-05-03 02:02:56
2016-04-05 14:20:47,16850,convertible,1998,manual,213,twingo,125000,9,,renault,,2016-04-05,0,54496,2016-04-16 12:01:39
2016-03-08 22:53:35,12791,small,2009,manual,139,octavia,30000,8,petrol,skoda,no,2016-03-08,0,79333,2016-03-10 22:01:57
2016-03-12 06:17:34,24647,other,2010,auto,156,fortwo,125000,11,gasoline,smart,no,2016-03-12,0,41250,2016-03-15 07:53:11
2016-03-31 02:52:01,2408,sedan,1996,manual,75,twingo,150000,11,gasoline,renault,yes,2016-03-31,0,8892,2016-04-22 14:53:05
2016-03-10 05:45:08,9771,,1996,manual,57,octavia,60000,1,petrol,skoda,,2016-03-10,0,71875,2016-03-19 05:48:18
2016-03-12 19:39:47,7557,small,2006,manual,151,5er,125000,1,petrol,bmw,,2016-03-12,0,67432,2016-04-07 20:05:36
2016-03-26 23:57:39,29588,suv,2004,,238,v70,125000,0,,volvo,no,2016-03-26,0,94900,2016-04-08 02:17:37
2016-03-17 15:18:59,24128,coupe,2007,manual,109,s_klasse,90000,10,gasoline,mercedes_benz,no,2016-03-17,0,27049,2016-04-06 03:11:56
2016-04-01 03:08:06,8475,suv,2000,manual,46,v40,150000,5,petrol,volvo,,2016-04-01,0,53607,2016-04-07 08:00:36
2016-03-23 14:56:31,12716,bus,2004,manual,81,panda,90000,11,other,fiat,no,2016-03-23,0,30167,2016-04-19 06:55:06
2016-03-01 09:16:10,21298,bus,2011,manual,137,ibiza,60000,6,petrol,seat,,2016-03-01,0,47581,2016-03-25 11:44:51
2016-04-01 05:47:08,9624,bus,1998,manual,76,s60,90000,12,petrol,volvo,no,2016-04-01,0,42442,2016-04-15 01:32:07
2016-03-05 03:48:51,20640,wagon,2003,auto,114,panda,100000,8,petrol,fiat,no,2016-03-05,0,95946,2016-03-08 18:47:33
2016-03-29 06:56:34,4092,small,1998,manual,53,x_reihe,70000,4,petrol,bmw,,2016-03-29,0,8609,2016-04-27 03:34:08
2016-03-30 16:38:58,17438,coupe,1996,manual,170,1er,50000,0,gasoline,bmw,no,2016-03-30,0,38631,2016-04-17 11:20:04
2016-03-05 06:42:54,6998,small,1996,manual,50,v70,60000,6,hybrid,volvo,no,2016-03-05,0,24323,2016-03-28 05:44:02
2016-04-05 23:11:09,24474,sedan,2016,manual,61,cooper,100000,3,gasoline,mini,no,2016-04-05,0,64371,2016-04-18 16:36:37
2016-03-19 06:31:27,21802,wagon,2012,manual,86,a6,90000,4,gasoline,audi,,2016-03-19,0,59191,2016-04-03 05:12:41
2016-03-25 22:25:39,36675,wagon,2016,auto,87,cooper,125000,6,gasoline,mini,no,2016-03-25,0,7962,2016-04-22 17:24:26
2016-03-29 06:05:09,8716,small,2006,manual,133,v40,150000,0,other,volvo,no,2016-03-29,0,59172,2016-04-15 19:00:42
2016-03-19 18:07:27,25535,wagon,2012,manual,247,2_reihe,150000,7,gasoline,peugeot,no,2016-03-19,0,85359,2016-04-04 20:41:24
2016-03-09 13:11:15,16264,other,2000,manual,44,panda,70000,2,electric,fiat,,2016-03-09,0,83257,2016-04-01 17:15:49
2016-03-17 19:54:16,23880,bus,2014,manual,193,3_reihe,150000,2,petrol,mazda,no,2016-03-17,0,55675,2016-03-21 10:27:13
2016-03-29 13:38:09,5965,suv,2000,manual,56,ka,5000,2,other,ford,yes,2016-03-29,0,50977,2016-04-23 07:09:56
2016-03-15 09:48:56,5734,sedan,2004,manual,247,q5,150000,3,petrol,audi,yes,2016-03-15,0,74881,2016-04-01 15:07:06
2016-04-07 05:15:50,14686,other,2003,manual,131,2_reihe,125000,3,petrol,peugeot,no,2016-04-07,0,68879,2016-04-18 18:58:54
2016-03-18 00:19:36,6705,,1995,manual,146,6_reihe,150000,11,other,mazda,no,2016-03-18,0,37132,2016-04-05 16:47:00
2016-03-04 14:41:11,12290,suv,1997,manual,225,clio,125000,12,hybrid,renault,yes,2016-03-04,0,71651,2016-03-21 17:01:19
2016-03-26 21:49:14,12333,wagon,1999,manual,80,q5,150000,11,hybrid,audi,no,2016-03-26,0,30127,2016-03-30 11:58:00
2016-04-05 05:27:39,17226,small,2006,manual,239,v70,125000,0,electric,volvo,,2016-04-05,0,82501,2016-04-17 17:55:24
2016-03-06 16:16:48,16479,wagon,1996,manual,148,tiguan,125000,6,hybrid,volkswagen,no,2016-03-06,0,21940,2016-03-23 00:32:00
2016-03-28 22:13:17,40741,coupe,2009,,181,fabia,125000,2,hybrid,skoda,,2016-03-28,0,61975,2016-04-14 02:20:03
2016-03-22 13:53:04,12792,small,2010,manual,181,,150000,2,gasoline,hyundai,no,2016-03-22,0,27230,2016-04-20 16:18:51
2016-03-16 20:06:15,29064,suv,2002,manual,238,,150000,6,gasoline,citroen,no,2016-03-16,0,81621,2016-03-26 15:21:43
2016-03-06 02:02:42,13670,,2004,,126,berlingo,150000,8,petrol,citroen,no,2016-03-06,0,77044,2016-03-22 08:22:20
2016-03-07 14:12:32,16242,wagon,2006,manual,112,fortwo,150000,10,,smart,no,2016-03-07,0,59193,2016-03-08 15:40:11
2016-03-03 11:13:39,17764,sedan,2013,manual,177,punto,150000,12,petrol,fiat,no,2016-03-03,0,42712,2016-03-24 02:53:09
2016-03-03 15:13:10,18120,sedan,2004,manual,202,punto,125000,9,gasoline,fiat,no,2016-03-03,0,43097,2016-03-17 14:45:36
2016-03-17 15:04:52,27461,wagon,2012,manual,235,fiesta,60000,11,gasoline,ford,,2016-03-17,0,86215,2016-04-02 05:46:38
2016-03-30 10:39:27,13138,other,1995,auto,214,vectra,150000,10,petrol,opel,no,2016-03-30,0,56833,2016-04-08 04:18:56
2016-03-24 15:21:38,22565,convertible,2009,auto,43,superb,150000,2,petrol,skoda,no,2016-03-24,0,72436,2016-04-15 07:26:55
2016-03-17 00:07:01,12863,small,2009,auto,186,c4,150000,3,lpg,citroen,no,2016-03-17,0,76879,2016-04-03 08:47:25
2016-03-01 04:16:06,15150,coupe,2002,manual,47,golf,150000,10,hybrid,volkswagen,no,2016-03-01,0,26455,2016-03-15 10:20:57
2016-03-05 12:05:19,12001,,2003,manual,177,tiguan,150000,8,petrol,volkswagen,no,2016-03-05,0,33656,2016-04-03 09:12:55
2016-03-03 17:59:44,25789,sedan,2001,auto,145,3_reihe,150000,9,,mazda,no,2016-03-03,0,48923,2016-03-04 21:18:55
2016-03-23 01:12:19,22575,coupe,2012,manual,47,note,125000,9,gasoline,nissan,no,2016-03-23,0,80071,2016-04-16 04:09:23
2016-03-21 09:52:18,25803,wagon,2014,,90,tucson,40000,8,gasoline,hyundai,no,2016-03-21,0,53928,2016-04-16 00:24:51
2016-03-14 17:28:25,19145,,2008,manual,199,3_reihe,150000,3,gasoline,mazda,no,2016-03-14,0,51401,2016-04-07 21:01:56
2016-03-06 14:33:41,14951,small,2006,manual,200,,125000,2,electric,ford,no,2016-03-06,0,69037,2016-03-15 22:43:25
2016-03-05 22:21:33,10982,suv,1996,manual,65,andere,125000,8,gasoline,sonstige_autos,no,2016-03-05,0,13542,2016-04-02 03:25:45
2016-03-13 09:30:28,21925,suv,2006,auto,178,a_klasse,40000,1,gasoline,mercedes_benz,yes,2016-03-13,0,18698,2016-03-31 11:08:03
2016-03-03 07:17:30,8566,wagon,2003,,54,octavia,150000,5,petrol,skoda,no,2016-03-03,0,80369,2016-03-27 15:59:15
2016-03-28 22:42:03,10713,sedan,2003,manual,128,corolla,150000,8,gasoline,toyota,no,2016-03-28,0,43548,2016-04-17 01:58:50
2016-03-04 14:31:13,13680,other,2012,manual,157,tucson,150000,2,petrol,hyundai,no,2016-03-04,0,71608,2016-03-09 23:08:55
2016-03-21 20:54:43,15799,sedan,2003,manual,126,,100000,4,petrol,citroen,,2016-03-21,0,5766,2016-03-26 21:13:59
2016-04-08 11:22:52,3014,sedan,1995,manual,64,yaris,150000,6,other,toyota,no,2016-04-08,0,10977,2016-04-26 12:53:26
2016-03-13 12:04:27,11445,small,2004,manual,205,corolla,125000,7,petrol,toyota,no,2016-03-13,0,42414,2016-03-21 14:42:25
2016-03-03 19:56:30,6751,wagon,2004,manual,161,forfour,150000,10,other,smart,no,2016-03-03,0,98941,2016-03-05 21:11:26
2016-03-18 21:33:21,15695,sedan,2013,manual,146,3er,70000,0,other,bmw,,2016-03-18,0,95765,2016-04-09 22:23:46
2016-03-23 12:21:28,15610,other,2013,manual,55,a3,150000,0,petrol,audi,,2016-03-23,0,81780,2016-03-24 17:14:26
2016-03-20 00:42:40,15519,,2016,manual,238,qashqai,90000,2,gasoline,nissan,,2016-03-20,0,23859,2016-04-10 04:29:03
2016-03-05 19:50:58,10886,sedan,2014,manual,230,5er,90000,2,gasoline,bmw,,2016-03-05,0,42150,2016-03-25 05:38:54
2016-03-20 16:25:35,0,other,1997,manual,120,v70,125000,1,other,volvo,yes,2016-03-20,0,87984,2016-03-20 20:49:05
2016-03-01 08:45:36,50028,suv,2015,auto,74,yaris,70000,2,gasoline,toyota,no,2016-03-01,0,62121,2016-03-19 12:51:41
2016-04-06 13:33:49,19500,sedan,2009,auto,87,clio,90000,4,petrol,renault,no,2016-04-06,0,47085,2016-04-29 15:11:06
2016-03-15 11:58:32,11322,sedan,1996,auto,15587,e_klasse,70000,10,petrol,mercedes_benz,,2016-03-15,0,89791,2016-04-11 01:44:26
2016-03-16 15:50:12,19517,wagon,2007,,187,v40,125000,4,,volvo,,2016-03-16,0,89837,2016-03-18 08:10:37
2016-04-08 13:11:18,2585,sedan,1995,,51,fiesta,150000,11,other,ford,no,2016-04-08,0,48047,2016-04-26 18:22:57
2016-04-06 15:14:15,33038,suv,2011,auto,92,twingo,125000,12,petrol,renault,no,2016-04-06,0,26841,2016-04-19 15:11:02
2016-03-22 02:10:09,33045,suv,2013,manual,244,v70,100000,3,other,volvo,no,2016-03-22,0,61554,2016-04-18 04:08:37
2016-03-18 20:04:09,16609,other,2004,manual,183,cooper,150000,11,gasoline,mini,no,2016-03-18,0,39933,2016-03-21 00:07:35
2016-03-27 17:42:45,11907,other,2001,manual,176,punto,150000,12,petrol,fiat,no,2016-03-27,0,59722,2016-04-22 16:03:12
2016-03-11 05:05:00,24049,small,2016,auto,176,6_reihe,10000,1,petrol,mazda,no,2016-03-11,0,85874,2016-04-05 05:56:57
2016-03-03 04:31:12,11242,,2014,manual,47,octavia,125000,12,petrol,skoda,no,2016-03-03,0,96545,2016-03-18 16:08:18
2016-04-07 14:55:08,16268,wagon,1998,auto,217,punto,30000,10,,fiat,yes,2016-04-07,0,8985,2016-04-18 16:15:30
2016-03-19 06:32:22,10196,convertible,1999,manual,114,v40,150000,10,petrol,volvo,no,2016-03-19,0,95621,2016-04-11 16:32:58
2016-03-01 00:33:36,12645,sedan,2006,manual,103,polo,70000,3,other,volkswagen,no,2016-03-01,0,93557,2016-03-16 16:47:54
2016-03-16 21:34:17,51142,suv,2007,auto,162,micra,50000,1,gasoline,nissan,no,2016-03-16,0,37631,2016-04-12 18:16:45
2016-03-07 15:00:23,30784,suv,2014,auto,61,panda,150000,3,petrol,fiat,no,2016-03-07,0,54423,2016-03-09 13:59:01
2016-03-16 12:13:02,10487,sedan,2006,auto,127,corolla,150000,0,other,toyota,,2016-03-16,0,80912,2016-04-12 10:45:02
2016-03-22 17:28:36,25965,coupe,2007,manual,226,3_reihe,125000,6,gasoline,mazda,no,2016-03-22,0,68501,2016-03-31 08:00:39
2016-03-02 20:17:58,13149,wagon,1998,manual,228,s60,150000,11,gasoline,volvo,no,2016-03-02,0,59245,2016-03-24 00:55:24
2016-03-24 13:09:06,5224,small,2015,manual,55,tucson,150000,4,gasoline,hyundai,yes,2016-03-24,0,6742,2016-04-16 03:46:03
2016-04-03 15:30:38,13458,,2006,manual,119,i30,125000,10,petrol,hyundai,no,2016-04-03,0,20819,2016-04-09 18:03:48
2016-03-04 10:00:56,16589,other,2002,manual,206,andere,60000,6,gasoline,sonstige_autos,no,2016-03-04,0,96523,2016-03-28 01:28:34
2016-03-26 07:30:11,18788,other,2007,manual,160,a3,60000,10,gasoline,audi,no,2016-03-26,0,21630,2016-03-30 09:15:55
2016-03-31 04:43:50,14834,convertible,2007,manual,121,megane,125000,6,other,renault,no,2016-03-31,0,88217,2016-04-21 03:39:34
2016-03-22 06:08:02,23726,,2011,auto,56,2_reihe,125000,6,petrol,mazda,no,2016-03-22,0,51365,2016-04-14 21:18:37
2016-03-02 04:59:31,18483,wagon,2010,manual,140,superb,150000,2,gasoline,skoda,no,2016-03-02,0,87946,2016-03-06 09:24:10
2016-03-13 05:24:20,27324,other,2008,manual,239,avensis,90000,2,gasoline,toyota,no,2016-03-13,0,44227,2016-04-11 05:30:15
2016-03-16 08:57:49,8933,small,2001,manual,259,octavia,100000,3,other,skoda,no,2016-03-16,0,34752,2016-03-20 05:41:09
2016-04-05 17:16:04,6156,convertible,2004,manual,148,,150000,1,gasoline,mazda,,2016-04-05,0,38400,2016-04-12 16:04:27
2016-03-05 13:37:45,20602,coupe,2008,manual,243,1er,150000,5,gasoline,bmw,no,2016-03-05,0,54355,2016-04-02 12:54:03
2016-03-13 15:18:44,14499,sedan,2009,,75,andere,150000,10,gasoline,sonstige_autos,no,2016-03-13,0,67640,2016-04-08 03:19:58
2016-03-22 01:19:56,32659,sedan,2013,auto,111,,10000,10,gasoline,peugeot,no,2016-03-22,0,51986,2016-04-06 18:59:43
2016-04-08 13:26:10,16389,convertible,2011,manual,100,2_reihe,80000,2,other,mazda,no,2016-04-08,0,95079,2016-04-15 02:12:07
2016-03-16 21:52:38,11365,other,2001,manual,214,altea,150000,6,gasoline,seat,no,2016-03-16,0,41806,2016-04-11 03:32:35
2016-04-02 10:34:39,17679,other,2006,manual,203,v40,125000,0,gasoline,volvo,,2016-04-02,0,37269,2016-04-21 20:22:04
2016-03-16 13:31:06,23047,bus,2006,auto,103,i20,125000,4,petrol,hyundai,,2016-03-16,0,37035,2016-04-09 04:36:13
2016-04-06 00:47:48,7258,other,2014,manual,122,,150000,11,gasoline,mazda,yes,2016-04-06,0,58943,2016-04-08 09:40:43
2016-03-30 13:07:55,24263,,2005,manual,254,panda,70000,10,gasoline,fiat,no,2016-03-30,0,64355,2016-04-27 01:55:43
2016-03-16 01:59:25,13522,bus,1995,manual,59,clubman,5000,8,petrol,mini,no,2016-03-16,0,17751,2016-03-17 01:26:13
2016-03-04 23:16:11,23141,convertible,2004,manual,102,forfour,50000,4,petrol,smart,no,2016-03-04,0,69145,2016-03-07 07:24:16
2016-03-09 15:32:03,4743,other,1999,auto,65,forfour,150000,12,gasoline,smart,yes,2016-03-09,0,10137,2016-04-07 18:46:00
2016-03-30 14:14:52,15263,wagon,1999,manual,226,berlingo,125000,11,gasoline,citroen,no,2016-03-30,0,46028,2016-04-06 10:55:47
2016-03-14 14:30:43,7082,wagon,1996,manual,78,clubman,150000,9,gasoline,mini,no,2016-03-14,0,15241,2016-04-05 18:55:31
2016-03-21 04:52:45,7922,other,1998,manual,0,fiesta,70000,12,other,ford,no,2016-03-21,0,41489,2016-04-14 17:03:56
2016-03-24 22:39:12,5314,wagon,2002,manual,233,ibiza,150000,5,petrol,seat,yes,2016-03-24,0,27543,2016-04-05 23:20:12
2016-04-05 00:10:35,7256,wagon,1995,auto,96,clubman,150000,5,other,mini,no,2016-04-05,0,2666,2016-04-08 01:59:19
2016-03-28 16:31:30,25052,sedan,2016,manual,182,yaris,150000,0,gasoline,toyota,no,2016-03-28,0,20787,2016-04-04 11:13:10
2016-04-01 05:03:10,8672,other,2004,manual,143,i30,80000,10,other,hyundai,no,2016-04-01,0,99093,2016-04-22 11:13:54
2016-03-13 22:14:16,14176,other,2000,auto,177,ka,150000,11,other,ford,,2016-03-13,0,67895,2016-03-30 03:10:36
2016-04-09 18:32:43,4339,sedan,2013,,229,c4,150000,12,petrol,citroen,yes,2016-04-09,0,90645,2016-04-15 08:27:17
2016-03-22 06:16:34,42919,suv,2003,auto,153,touran,30000,11,gasoline,volkswagen,no,2016-03-22,0,48064,2016-04-11 07:54:33
2016-04-07 10:44:35,3797,other,1995,auto,60,5er,90000,0,gasoline,bmw,yes,2016-04-07,0,22184,2016-04-19 15:57:34
2016-03-15 16:32:42,6028,bus,2007,manual,144,,150000,9,petrol,mercedes_benz,yes,2016-03-15,0,77783,2016-03-30 23:49:04
2016-03-23 06:53:00,44853,,2015,manual,181,x_reihe,5000,4,gasoline,bmw,no,2016-03-23,0,13678,2016-04-04 15:15:13
2016-03-20 01:25:51,15654,sedan,2009,manual,113,yaris,125000,9,petrol,toyota,no,2016-03-20,0,75517,2016-04-18 05:01:55
2016-03-06 01:03:26,4481,sedan,2014,manual,133,clubman,150000,0,,mini,yes,2016-03-06,0,83138,2016-03-09 12:06:11
2016-04-09 18:20:50,17828,wagon,2008,auto,45,2_reihe,150000,3,petrol,mazda,no,2016-04-09,0,39503,2016-05-05 19:51:36
2016-03-01 00:28:40,11696,bus,1996,,213,3_reihe,150000,4,petrol,peugeot,no,2016-03-01,0,18575,2016-03-04 21:43:28
2016-03-24 06:31:07,19641,other,2015,auto,234,cooper,100000,5,other,mini,no,2016-03-24,0,2506,2016-04-05 12:26:52
2016-03-05 03:09:29,13301,,2001,manual,67,octavia,90000,3,petrol,skoda,no,2016-03-05,0,28327,2016-03-14 09:58:22
2016-03-22 12:45:03,15652,wagon,2002,manual,163,a3,90000,4,gasoline,audi,no,2016-03-22,0,65990,2016-03-28 15:33:56
2016-03-07 00:23:20,12684,coupe,2007,manual,52,,150000,7,petrol,audi,,2016-03-07,0,60500,2016-04-03 20:49:27
2016-03-28 09:31:09,14478,sedan,2001,auto,0,e_klasse,125000,12,gasoline,mercedes_benz,,2016-03-28,0,45016,2016-04-17 14:09:42
2016-04-07 12:35:06,9815,,2004,manual,223,v70,100000,10,petrol,volvo,no,2016-04-07,0,60501,2016-04-29 20:33:18
2016-03-05 04:45:20,8151,sedan,2010,manual,115,forfour,10000,12,gasoline,smart,yes,2016-03-05,0,26226,2016-03-30 05:50:52
2016-03-25 19:39:15,22132,coupe,2011,manual,139,yaris,150000,1,gasoline,toyota,no,2016-03-25,0,72600,2016-04-01 15:46:12
2016-03-09 12:07:10,24573,small,2009,auto,211,zafira,125000,6,gasoline,opel,no,2016-03-09,0,57040,2016-04-01 18:58:37
2016-03-21 11:13:24,6116,convertible,1997,manual,135,a3,80000,1,,audi,yes,2016-03-21,0,14064,2016-04-16 23:50:13
2016-04-04 21:20:29,8826,other,2010,manual,254,corsa,20000,11,other,opel,yes,2016-04-04,0,76914,2016-04-25 10:25:43
2016-03-25 17:51:34,12676,other,1995,manual,226,i30,100000,8,,hyundai,,2016-03-25,0,93966,2016-04-17 08:49:15
2016-03-01 09:32:55,7771,other,1995,manual,70,mondeo,20000,10,other,ford,,2016-03-01,0,65313,2016-03-20 19:24:01
2016-03-12 05:17:07,11929,,2007,manual,84,touran,150000,9,gasoline,volkswagen,no,2016-03-12,0,92729,2016-03-25 05:53:06
2016-04-07 12:10:32,2836,sedan,1996,auto,57,v40,150000,2,petrol,volvo,,2016-04-07,0,56785,2016-04-19 05:21:52
2016-03-09 04:32:53,38486,suv,2012,manual,168,clubman,125000,8,gasoline,mini,no,2016-03-09,0,43090,2016-03-10 04:12:11
2016-03-03 09:57:01,14344,other,2011,manual,131,note,150000,10,petrol,nissan,no,2016-03-03,0,41051,2016-03-05 13:29:36
2016-03-02 04:35:26,4371,small,2003,manual,188,punto,80000,11,petrol,fiat,yes,2016-03-02,0,78665,2016-03-22 01:26:01
2016-03-04 13:29:06,26976,sedan,1999,manual,192,tucson,70000,2,hybrid,hyundai,,2016-03-04,0,1927,2016-03-06 15:49:04
2016-03-21 02:24:52,32902,suv,2012,manual,228,micra,100000,0,gasoline,nissan,,2016-03-21,0,38767,2016-03-26 06:00:33
2016-03-21 12:20:38,25774,suv,2015,manual,239,altea,150000,3,other,seat,no,2016-03-21,0,20397,2016-04-17 04:04:39
2016-03-22 14:19:57,24168,,1995,auto,0,andere,150000,0,gasoline,sonstige_autos,no,2016-03-22,0,58306,2016-04-17 07:44:29
2016-03-05 15:28:20,23593,other,2015,manual,253,avensis,100000,10,petrol,toyota,no,2016-03-05,0,65612,2016-03-14 01:59:24
2016-03-30 21:46:51,50194,suv,2012,manual,245,ka,100000,2,hybrid,ford,no,2016-03-30,0,43592,2016-04-08 18:56:16
2016-03-16 19:00:18,21483,convertible,2012,auto,207,avensis,20000,4,gasoline,toyota,yes,2016-03-16,0,32103,2016-03-29 06:31:58
2016-03-12 17:46:51,10674,small,2014,manual,227,superb,150000,6,petrol,skoda,no,2016-03-12,0,7081,2016-03-19 14:47:39
2016-03-14 09:35:58,10034,small,2003,manual,215,clubman,30000,6,,mini,no,2016-03-14,0,84763,2016-03-29 11:28:53
2016-03-23 02:15:27,22843,wagon,2009,manual,51,3er,20000,5,petrol,bmw,no,2016-03-23,0,4810,2016-04-15 09:27:03
2016-03-24 04:48:17,13121,,1998,auto,124,e_klasse,100000,6,petrol,mercedes_benz,no,2016-03-24,0,73993,2016-04-01 07:21:27
2016-04-06 17:58:31,12771,other,2016,manual,208,punto,150000,10,gasoline,fiat,,2016-04-06,0,30218,2016-04-27 18:04:28
2016-04-09 00:09:08,50888,convertible,2009,auto,216,5er,150000,10,gasoline,bmw,,2016-04-09,0,74473,2016-04-27 10:52:15
2016-03-20 04:30:39,15652,other,2001,manual,202,forfour,80000,11,gasoline,smart,no,2016-03-20,0,32841,2016-03-28 15:38:45
2016-03-01 00:16:55,24133,wagon,2016,manual,149,forfour,60000,6,,smart,no,2016-03-01,0,74103,2016-03-02 04:20:01
2016-03-30 12:48:08,4114,,2007,manual,231,scenic,100000,10,other,renault,yes,2016-03-30,0,10294,2016-04-12 03:19:58
2016-03-08 23:20:46,14473,sedan,2015,manual,51,5er,150000,6,gasoline,bmw,no,2016-03-08,0,61395,2016-03-12 23:44:00
2016-03-24 14:09:43,13240,wagon,2004,manual,60,3er,70000,1,lpg,bmw,,2016-03-24,0,65288,2016-04-09 17:48:30
2016-04-09 22:23:28,8939,,2001,manual,109,a3,150000,3,petrol,audi,no,2016-04-09,0,74597,2016-04-27 10:07:35
2016-03-01 18:56:33,21629,bus,2013,manual,114,,5000,3,other,mercedes_benz,,2016-03-01,0,46713,2016-03-23 04:37:04
2016-03-25 03:53:42,15066,wagon,2008,,136,2_reihe,50000,11,other,peugeot,no,2016-03-25,0,90242,2016-04-23 11:37:34
2016-04-07 11:08:17,8783,,1999,manual,150,6_reihe,125000,7,gasoline,mazda,no,2016-04-07,0,54293,2016-04-08 09:39:28
2016-03-26 06:20:35,6090,small,1995,manual,206,fabia,150000,11,gasoline,skoda,no,2016-03-26,0,30462,2016-04-08 03:51:46
2016-03-26 12:35:00,8810,,1999,auto,92,,90000,11,gasoline,opel,yes,2016-03-26,0,5647,2016-04-17 04:55:44
2016-03-09 20:46:10,7532,wagon,1999,manual,72,megane,150000,11,petrol,renault,no,2016-03-09,0,28117,2016-04-05 03:18:49
2016-03-23 20:13:09,14805,sedan,1999,auto,164,fortwo,150000,2,petrol,smart,no,2016-03-23,0,13224,2016-04-07 13:12:18
2016-03-27 15:26:31,61882,suv,2004,manual,237,v70,20000,11,hybrid,volvo,no,2016-03-27,0,97134,2016-04-22 20:13:40
2016-03-04 16:23:21,50069,coupe,2013,auto,70,note,150000,11,electric,nissan,,2016-03-04,0,45532,2016-03-14 15:16:49
2016-03-24 22:48:47,6776,other,1997,auto,0,,125000,4,other,hyundai,no,2016-03-24,0,33956,2016-04-06 17:13:09
2016-04-01 20:50:24,7160,wagon,1995,manual,78,,125000,6,gasoline,volvo,no,2016-04-01,0,74908,2016-04-25 13:14:39
2016-03-20 12:59:04,20342,sedan,2003,manual,222,6_reihe,90000,2,gasoline,mazda,,2016-03-20,0,33684,2016-04-05 06:22:10
2016-03-09 10:02:41,10062,coupe,1996,manual,149,s60,150000,9,petrol,volvo,no,2016-03-09,0,53755,2016-03-30 02:26:24
2016-03-17 02:24:43,3209,small,1999,manual,49,twingo,150000,9,petrol,renault,no,2016-03-17,0,17139,2016-03-17 15:03:46
2016-03-29 00:27:08,32556,suv,2007,manual,170,cooper,150000,10,hybrid,mini,,2016-03-29,0,30986,2016-04-10 03:36:48
2016-03-22 18:29:43,8756,suv,1999,manual,91,c_klasse,150000,6,petrol,mercedes_benz,no,2016-03-22,0,18812,2016-03-23 19:00:12
2016-04-02 06:03:41,13189,sedan,2014,manual,113,megane,150000,8,petrol,renault,no,2016-04-02,0,88456,2016-04-24 00:25:46
2016-04-02 04:08:53,5785,small,2008,manual,205,a1,10000,0,petrol,audi,,2016-04-02,0,7997,2016-04-05 18:02:14
2016-04-02 03:20:35,11696,convertible,1998,auto,51,fiesta,125000,12,petrol,ford,no,2016-04-02,0,70147,2016-04-04 13:33:57
2016-03-14 17:29:38,5912,sedan,1996,manual,49,s60,70000,7,other,volvo,no,2016-03-14,0,22550,2016-03-30 12:21:04
2016-03-19 21:02:05,3294,other,1995,manual,46,zafira,90000,6,,opel,yes,2016-03-19,0,55434,2016-04-02 00:14:01
2016-03-17 10:39:22,7852,wagon,1996,auto,98,i20,150000,7,petrol,hyundai,no,2016-03-17,0,10889,2016-03-19 02:29:02
2016-03-07 20:45:25,16161,other,1998,manual,160,i30,70000,1,gasoline,hyundai,no,2016-03-07,0,45073,2016-04-04 20:09:42
2016-03-08 01:04:07,15980,small,2002,auto,0,ibiza,90000,8,petrol,seat,no,2016-03-08,0,55365,2016-03-30 08:24:36
2016-03-09 07:23:28,8580,other,2011,manual,90,s60,150000,4,other,volvo,no,2016-03-09,0,27660,2016-03-19 05:44:58
2016-03-24 20:46:09,12646,sedan,2000,manual,191,1er,50000,2,other,bmw,no,2016-03-24,0,55163,2016-04-18 08:08:13
2016-03-26 14:00:14,10457,other,2002,manual,124,c4,30000,7,,citroen,no,2016-03-26,0,24242,2016-04-07 23:21:20
2016-03-21 13:24:18,11720,other,2013,manual,171,,100000,9,hybrid,mini,yes,2016-03-21,0,56529,2016-04-01 21:08:34
2016-03-21 11:56:03,17988,small,2013,auto,222,andere,90000,0,,sonstige_autos,no,2016-03-21,0,28560,2016-04-01 12:14:33
2016-04-05 14:03:28,17350,sedan,2014,manual,99,clio,150000,3,gasoline,renault,,2016-04-05,0,71943,2016-04-28 15:51:11
2016-03-15 22:28:09,4868,,1995,manual,155,s60,150000,0,,volvo,no,2016-03-15,0,5526,2016-04-13 23:36:45
2016-03-31 18:06:04,22406,bus,2006,manual,209,1er,90000,12,gasoline,bmw,,2016-03-31,0,80524,2016-04-22 17:44:58
2016-04-09 18:03:18,30743,wagon,2008,manual,249,note,125000,9,gasoline,nissan,no,2016-04-09,0,93216,2016-05-04 18:31:06
2016-03-15 21:26:57,12710,sedan,2011,manual,107,panda,150000,6,,fiat,no,2016-03-15,0,87388,2016-03-25 08:32:53
2016-04-04 17:35:53,10679,coupe,2004,auto,161,andere,150000,11,petrol,sonstige_autos,yes,2016-04-04,0,23972,2016-04-29 04:59:00
2016-04-01 07:41:40,6277,small,2001,manual,59,qashqai,100000,3,gasoline,nissan,no,2016-04-01,0,57454,2016-04-14 08:30:12
2016-03-23 11:52:07,13993,coupe,2007,manual,81,3er,150000,11,petrol,bmw,no,2016-03-23,0,79225,2016-04-20 09:56:37
2016-04-06 13:37:25,15156,small,2007,auto,252,berlingo,150000,1,petrol,citroen,no,2016-04-06,0,4141,2016-05-01 23:41:37
2016-03-09 14:40:18,9796,,1998,auto,204,clubman,5000,4,petrol,mini,no,2016-03-09,0,49149,2016-04-07 06:53:49
2016-04-07 03:02:44,56428,suv,2006,auto,150,500,80000,5,hybrid,fiat,no,2016-04-07,0,79432,2016-04-12 14:34:46
2016-03-19 04:26:43,21158,,1995,manual,237,a3,90000,4,hybrid,audi,no,2016-03-19,0,64635,2016-04-16 05:21:59
2016-03-01 08:52:36,11238,,2007,manual,147,note,150000,12,other,nissan,,2016-03-01,0,42730,2016-03-30 14:21:36
2016-03-21 06:21:33,8782,small,2003,manual,180,2_reihe,150000,1,gasoline,mazda,no,2016-03-21,0,2651,2016-04-10 09:21:35
2016-03-14 07:02:30,7464,sedan,1996,manual,171,x_reihe,150000,8,petrol,bmw,no,2016-03-14,0,2176,2016-04-07 23:26:31
2016-03-07 01:22:38,30034,suv,2013,manual,145,s60,60000,10,petrol,volvo,no,2016-03-07,0,1101,2016-03-18 20:27:26
2016-03-05 14:43:27,11005,sedan,2007,manual,229,corsa,90000,0,hybrid,opel,yes,2016-03-05,0,87948,2016-03-10 22:20:19
2016-04-08 05:58:20,25005,other,2011,manual,197,v70,100000,7,gasoline,volvo,no,2016-04-08,0,4446,2016-04-16 00:15:51
2016-03-11 13:24:40,0,coupe,2010,manual,182,c4,80000,12,other,citroen,no,2016-03-11,0,27134,2016-03-18 21:02:30
2016-04-08 16:07:11,22899,wagon,2013,manual,256,micra,90000,11,petrol,nissan,no,2016-04-08,0,91658,2016-04-14 06:32:17
2016-03-10 01:08:43,19968,small,2006,auto,208,a4,125000,10,gasoline,audi,,2016-03-10,0,88815,2016-03-15 08:56:09
2016-03-05 23:21:55,7779,convertible,2004,manual,181,forfour,150000,12,gasoline,smart,yes,2016-03-05,0,81211,2016-03-25 10:01:21
2016-03-23 01:46:34,25309,sedan,2006,manual,161,3_reihe,150000,10,hybrid,peugeot,no,2016-03-23,0,63445,2016-04-12 15:14:25
2016-04-06 10:02:49,0,sedan,2005,manual,201,andere,150000,11,other,sonstige_autos,,2016-04-06,0,58510,2016-04-12 17:47:35
2016-03-13 15:17:18,27492,coupe,2016,manual,216,clio,50000,2,other,renault,no,2016-03-13,0,62357,2016-03-24 04:02:36
2016-03-02 19:20:17,11093,other,2001,,195,i30,80000,2,other,hyundai,no,2016-03-02,0,40437,2016-03-07 13:55:16
2016-03-05 04:10:27,14248,suv,2007,manual,178,superb,150000,2,other,skoda,no,2016-03-05,0,60242,2016-04-03 20:13:51
2016-03-01 18:18:31,20677,other,2001,auto,155,fiesta,80000,0,gasoline,ford,,2016-03-01,0,37486,2016-03-12 10:15:47
2016-04-09 06:36:27,25961,sedan,2000,manual,129,altea,20000,12,hybrid,seat,no,2016-04-09,0,81950,2016-04-25 03:53:49
2016-03-26 13:13:34,13721,other,1995,auto,96,qashqai,60000,10,gasoline,nissan,no,2016-03-26,0,88030,2016-04-09 12:00:19
2016-03-09 13:10:26,7741,small,2002,manual,145,note,70000,7,,nissan,no,2016-03-09,0,1285,2016-03-30 17:23:45
2016-03-04 21:44:13,20752,other,2001,auto,42,s_klasse,125000,7,hybrid,mercedes_benz,no,2016-03-04,0,96653,2016-03-15 10:08:46
2016-03-01 17:08:30,17686,sedan,2013,manual,157,,150000,3,petrol,hyundai,no,2016-03-01,0,29593,2016-03-27 23:23:24
2016-03-17 19:36:56,33919,suv,2011,auto,132,i30,90000,6,gasoline,hyundai,no,2016-03-17,0,36071,2016-03-23 16:36:40
2016-03-03 06:41:20,3684,other,1997,manual,118,5er,150000,5,gasoline,bmw,yes,2016-03-03,0,70008,2016-03-04 18:59:41
2016-03-28 11:05:21,12351,wagon,2005,manual,48,c4,125000,0,other,citroen,,2016-03-28,0,91332,2016-04-24 17:52:35
2016-04-06 21:59:14,21693,,2015,manual,166,,50000,4,,peugeot,no,2016-04-06,0,49783,2016-05-02 07:11:02
2016-03-26 18:08:06,10438,small,2004,manual,197,forfour,80000,0,petrol,smart,no,2016-03-26,0,27333,2016-04-09 03:39:25
2016-03-18 04:12:29,23699,suv,2015,manual,73,,60000,3,hybrid,audi,yes,2016-03-18,0,54297,2016-04-04 11:37:19
2016-03-27 03:17:49,7970,small,1995,manual,236,i30,90000,2,,hyundai,no,2016-03-27,0,22346,2016-04-21 08:54:43
2016-03-21 23:01:21,10427,small,2008,manual,122,fiesta,150000,10,gasoline,ford,,2016-03-21,0,83650,2016-04-16 04:00:49
2016-03-19 15:36:34,23194,suv,2006,manual,87,forfour,40000,12,petrol,smart,no,2016-03-19,0,96019,2016-03-28 23:13:51
2016-03-17 20:24:35,11381,small,2016,auto,159,3_reihe,150000,6,other,peugeot,,2016-03-17,0,62323,2016-04-16 07:10:31
2016-03-04 09:34:15,10697,small,2016,manual,225,andere,150000,5,lpg,sonstige_autos,no,2016-03-04,0,62700,2016-03-13 11:04:10
2016-03-31 22:12:51,45585,wagon,2009,auto,153,superb,10000,8,petrol,skoda,no,2016-03-31,0,56942,2016-04-17 23:34:09
2016-03-08 05:43:30,17509,sedan,2006,manual,205,panda,70000,10,gasoline,fiat,,2016-03-08,0,69092,2016-03-26 05:14:41
2016-03-30 02:10:30,8491,coupe,2004,manual,96,1er,90000,11,gasoline,bmw,yes,2016-03-30,0,51573,2016-04-20 18:31:41
2016-04-05 04:28:41,40010,convertible,2009,auto,126,clubman,10000,4,cng,mini,no,2016-04-05,0,34340,2016-04-22 10:53:41
2016-03-02 07:58:39,4503,sedan,2004,manual,89,tucson,150000,8,petrol,hyundai,,2016-03-02,0,77670,2016-03-17 19:41:39
2016-03-05 00:52:49,16720,suv,2005,,259,ka,150000,4,other,ford,no,2016-03-05,0,57157,2016-03-15 22:18:27
2016-04-09 18:38:17,11512,sedan,1999,manual,185,,150000,4,gasoline,renault,no,2016-04-09,0,34127,2016-04-23 18:23:48
2016-03-22 21:19:12,26876,suv,2009,manual,185,7er,150000,7,,bmw,no,2016-03-22,0,94002,2016-04-14 17:02:27
2016-03-24 19:19:48,8608,sedan,1999,manual,97,a_klasse,150000,11,gasoline,mercedes_benz,,2016-03-24,0,30794,2016-04-22 03:35:27
2016-03-25 01:35:52,24719,sedan,2011,manual,217,s_klasse,10000,5,petrol,mercedes_benz,no,2016-03-25,0,82036,2016-03-28 03:31:43
2016-03-31 17:10:03,6441,bus,2006,manual,114,c3,100000,5,other,citroen,,2016-03-31,0,72914,2016-04-11 10:05:40
2016-04-03 23:54:46,8964,other,1998,auto,106,insignia,125000,6,,opel,no,2016-04-03,0,87675,2016-04-14 05:05:38
2016-03-29 02:59:50,24206,sedan,1996,manual,235,note,125000,4,electric,nissan,no,2016-03-29,0,39516,2016-04-10 13:50:16
2016-04-09 09:02:14,27701,sedan,2008,auto,204,corolla,90000,1,gasoline,toyota,no,2016-04-09,0,83622,2016-04-16 23:09:37
2016-03-05 04:09:20,29980,convertible,2011,manual,56,avensis,30000,8,gasoline,toyota,no,2016-03-05,0,99544,2016-03-11 16:52:02
2016-04-04 04:40:38,21324,wagon,2010,manual,62,superb,100000,0,gasoline,skoda,no,2016-04-04,0,58512,2016-04-20 15:20:38
2016-03-24 06:38:05,11269,wagon,2005,manual,76,corsa,150000,0,petrol,opel,no,2016-03-24,0,24927,2016-04-06 07:31:52
2016-03-21 11:59:59,8878,small,2004,manual,224,berlingo,150000,11,other,citroen,no,2016-03-21,0,30658,2016-03-26 15:53:00
2016-03-18 23:41:45,21590,,1995,manual,187,twingo,150000,5,hybrid,renault,no,2016-03-18,0,46516,2016-03-25 11:20:28
2016-04-09 00:40:31,25936,other,2015,auto,127,e_klasse,100000,1,petrol,mercedes_benz,no,2016-04-09,0,92311,2016-04-21 14:21:22
2016-03-16 17:49:27,14450,sedan,2015,manual,150,mondeo,150000,1,other,ford,no,2016-03-16,0,10124,2016-03-24 13:14:14
2016-03-17 16:51:40,4266,sedan,1998,,51,c3,125000,8,gasoline,citroen,yes,2016-03-17,0,96343,2016-04-02 23:28:04
2016-03-16 22:46:45,30600,sedan,2012,auto,52,qashqai,30000,0,petrol,nissan,,2016-03-16,0,1193,2016-04-10 17:30:06
2016-03-09 01:56:15,31616,wagon,2016,manual,244,focus,150000,5,gasoline,ford,no,2016-03-09,0,74173,2016-04-05 13:58:28
2016-03-27 10:17:28,37768,sedan,2014,manual,244,v70,150000,1,electric,volvo,no,2016-03-27,0,66374,2016-04-01 13:37:17
2016-03-10 04:38:43,14108,small,2013,manual,104,,80000,11,gasoline,mazda,no,2016-03-10,0,79501,2016-03-27 12:06:38
2016-03-03 01:32:49,13563,suv,2005,manual,249,corolla,125000,7,gasoline,toyota,yes,2016-03-03,0,35700,2016-03-10 03:20:25
2016-04-02 06:59:46,7069,sedan,1999,manual,151,astra,150000,10,petrol,opel,no,2016-04-02,0,77922,2016-04-30 21:54:01
2016-03-23 00:20:30,56942,suv,2009,manual,194,fortwo,40000,1,electric,smart,no,2016-03-23,0,80301,2016-04-09 00:57:17
2016-03-17 22:28:00,22860,coupe,2004,manual,237,octavia,125000,10,gasoline,skoda,no,2016-03-17,0,56801,2016-04-11 14:38:56
2016-04-03 00:07:32,3360,small,2005,manual,89,scenic,80000,12,,renault,yes,2016-04-03,0,9711,2016-04-24 09:32:30
2016-04-09 17:52:45,21095,,2008,manual,208,cooper,150000,2,gasoline,mini,no,2016-04-09,0,53373,2016-05-04 21:30:30
2016-03-03 00:25:04,5244,small,2011,manual,111,fabia,80000,7,gasoline,skoda,yes,2016-03-03,0,92574,2016-03-11 07:45:37
2016-03-22 15:34:43,16131,coupe,2001,manual,115,leon,125000,6,gasoline,seat,,2016-03-22,0,94583,2016-04-14 04:00:04
2016-03-09 14:29:32,33195,suv,2003,auto,148,i20,150000,9,petrol,hyundai,no,2016-03-09,0,13975,2016-03-14 12:14:06
2016-04-04 13:52:14,10844,other,2002,manual,184,3_reihe,150000,1,petrol,mazda,no,2016-04-04,0,50257,2016-04-18 10:18:54
2016-04-01 07:03:36,23229,sedan,2011,manual,259,1er,80000,4,gasoline,bmw,no,2016-04-01,0,1618,2016-04-05 04:26:51
2016-03-10 19:22:38,19425,coupe,2002,manual,147,v70,125000,11,gasoline,volvo,no,2016-03-10,0,73129,2016-03-22 03:20:17
2016-03-12 13:30:26,0,small,1996,manual,209,clubman,125000,10,gasoline,mini,no,2016-03-12,0,87816,2016-04-02 06:36:59
2016-03-06 17:52:44,19547,other,1995,auto,159,s_klasse,70000,12,gasoline,mercedes_benz,no,2016-03-06,0,56096,2016-03-28 17:35:23
2016-04-04 11:32:44,5759,small,2008,manual,82,yaris,150000,3,other,toyota,no,2016-04-04,0,7994,2016-05-03 13:55:22
2016-03-20 01:46:15,41681,other,2016,auto,220,e_klasse,150000,1,gasoline,mercedes_benz,no,2016-03-20,0,19891,2016-03-25 02:32:27
2016-03-18 05:42:46,25633,bus,2009,auto,156,punto,150000,1,petrol,fiat,,2016-03-18,0,55942,2016-04-14 08:51:13
2016-03-20 10:32:52,11527,bus,2006,manual,190,c4,125000,6,electric,citroen,yes,2016-03-20,0,14013,2016-04-15 12:41:33
2016-03-19 20:22:59,22257,other,1995,manual,251,scenic,30000,2,hybrid,renault,,2016-03-19,0,24609,2016-03-26 00:49:50
2016-03-31 12:51:06,5101,convertible,1997,manual,104,megane,100000,5,petrol,renault,yes,2016-03-31,0,4408,2016-04-22 03:21:05
2016-03-18 10:22:51,11666,coupe,1997,manual,108,6_reihe,150000,8,petrol,mazda,no,2016-03-18,0,42904,2016-03-30 08:40:36
2016-03-11 05:28:59,13848,convertible,2005,,49,polo,150000,4,,volkswagen,no,2016-03-11,0,10635,2016-03-12 20:06:23
2016-03-13 22:51:33,7724,coupe,1998,auto,110,qashqai,60000,1,petrol,nissan,yes,2016-03-13,0,27366,2016-03-31 13:15:20
2016-03-25 01:36:47,31899,convertible,2014,manual,87,clio,5000,8,gasoline,renault,no,2016-03-25,0,19452,2016-04-08 17:27:54
2016-03-24 01:20:14,0,suv,2000,auto,259,yaris,125000,1,petrol,toyota,no,2016-03-24,0,43546,2016-04-05 10:07:47
2016-04-09 23:39:53,11837,small,2016,manual,102,3_reihe,150000,10,petrol,peugeot,no,2016-04-09,0,4620,2016-04-22 10:41:04
2016-03-28 03:46:09,13177,other,1995,auto,179,fiesta,90000,6,petrol,ford,no,2016-03-28,0,49591,2016-03-29 12:47:25
2016-03-11 01:03:53,7791,bus,2002,manual,247,clubman,150000,10,gasoline,mini,yes,2016-03-11,0,8936,2016-03-18 03:35:56
2016-03-22 07:17:27,13839,bus,2002,auto,76,yaris,150000,7,petrol,toyota,no,2016-03-22,0,34546,2016-04-05 07:02:14
2016-03-07 01:11:42,21726,,2003,auto,122,leon,90000,3,gasoline,seat,no,2016-03-07,0,30497,2016-03-08 10:38:26
2016-03-17 07:57:25,16272,other,2006,manual,245,fortwo,100000,10,petrol,smart,no,2016-03-17,0,13031,2016-04-11 23:02:40
2016-03-10 23:30:35,11834,small,2014,manual,75,5_reihe,150000,0,,peugeot,no,2016-03-10,0,58100,2016-03-29 22:21:27
2016-04-04 09:22:04,13092,wagon,2008,manual,47,clio,80000,3,lpg,renault,no,2016-04-04,0,39567,2016-04-20 13:09:27
2016-04-09 04:00:15,11686,other,2007,manual,175,yaris,125000,4,other,toyota,,2016-04-09,0,54541,2016-05-05 20:22:59
2016-03-16 10:07:16,19888,other,2009,manual,205,,125000,11,petrol,citroen,no,2016-03-16,0,75000,2016-03-24 02:47:24
2016-03-17 21:46:23,12543,suv,2004,manual,232,clubman,60000,7,petrol,mini,yes,2016-03-17,0,80856,2016-03-21 01:40:51
2016-03-16 22:32:02,10884,small,2006,manual,189,note,40000,8,,nissan,no,2016-03-16,0,98727,2016-03-24 12:18:36
2016-04-07 06:45:00,9648,small,2000,manual,179,fabia,150000,10,gasoline,skoda,no,2016-04-07,0,42600,2016-04-12 16:39:55
2016-03-25 16:36:27,27259,suv,2003,manual,71,v70,70000,8,hybrid,volvo,,2016-03-25,0,1134,2016-03-26 20:37:01
2016-03-08 23:58:54,11085,other,1995,auto,209,andere,150000,7,cng,sonstige_autos,no,2016-03-08,0,19805,2016-04-04 09:44:03
2016-03-21 19:19:05,18317,,2007,auto,179,tucson,60000,3,gasoline,hyundai,no,2016-03-21,0,10297,2016-03-22 23:27:37
2016-03-04 01:15:39,12848,,2000,auto,134,a_klasse,150000,10,other,mercedes_benz,,2016-03-04,0,72463,2016-03-27 03:23:49
2016-03-03 03:35:27,5453,other,1997,manual,45,tucson,150000,4,gasoline,hyundai,no,2016-03-03,0,7745,2016-03-20 09:14:45
2016-03-25 03:13:03,25304,coupe,2012,auto,167,andere,150000,2,,sonstige_autos,no,2016-03-25,0,81683,2016-04-06 00:05:26
2016-04-05 11:03:25,19440,sedan,2008,auto,155,berlingo,150000,11,,citroen,no,2016-04-05,0,74395,2016-04-18 16:41:24
2016-03-10 03:24:42,23362,wagon,2013,auto,52,a_klasse,100000,2,lpg,mercedes_benz,no,2016-03-10,0,16847,2016-04-08 09:00:47
2016-03-05 04:52:56,32502,wagon,2016,manual,191,berlingo,40000,0,gasoline,citroen,no,2016-03-05,0,76074,2016-03-25 20:36:26
2016-03-06 00:54:11,6681,,2010,manual,177,astra,150000,0,gasoline,opel,yes,2016-03-06,0,84070,2016-03-18 09:26:29
2016-04-07 10:11:21,12032,coupe,2015,manual,147,avensis,150000,0,,toyota,yes,2016-04-07,0,73835,2016-04-07 23:10:50
2016-03-02 16:10:38,23313,other,2004,auto,83,forfour,50000,3,gasoline,smart,no,2016-03-02,0,63241,2016-03-21 18:42:55
2016-03-17 13:29:36,3421,small,1996,manual,60,s60,150000,7,,volvo,,2016-03-17,0,36527,2016-04-01 03:03:00
2016-03-15 04:16:16,13984,coupe,1996,manual,232,a1,150000,7,petrol,audi,no,2016-03-15,0,6918,2016-03-24 23:22:38
2016-03-31 20:34:16,12062,convertible,2009,manual,234,altea,150000,10,petrol,seat,yes,2016-03-31,0,54937,2016-04-09 18:29:42
2016-03-08 07:09:57,11891,other,1997,manual,256,2_reihe,150000,1,petrol,peugeot,,2016-03-08,0,82293,2016-03-21 02:07:11
2016-03-21 19:45:12,27079,convertible,2013,manual,71,a4,90000,4,gasoline,audi,no,2016-03-21,0,92097,2016-04-13 06:26:11
2016-03-15 16:57:30,15218,wagon,2006,manual,231,avensis,150000,0,other,toyota,no,2016-03-15,0,54155,2016-04-09 06:02:25
2016-03-05 06:58:34,13278,sedan,1997,manual,152,,10000,5,petrol,volvo,no,2016-03-05,0,40293,2016-03-17 02:04:18
2016-04-09 08:41:08,17669,,2003,manual,0,note,150000,10,gasoline,nissan,no,2016-04-09,0,15395,2016-05-08 06:33:11
2016-03-05 10:15:30,18162,,2014,manual,133,polo,150000,12,gasoline,volkswagen,,2016-03-05,0,20622,2016-03-14 16:09:08
2016-03-03 11:15:55,10990,coupe,2002,manual,131,corolla,150000,0,other,toyota,,2016-03-03,0,29777,2016-04-02 02:08:47
2016-03-31 16:35:56,9550,sedan,2000,manual,102,2_reihe,125000,3,gasoline,mazda,no,2016-03-31,0,25578,2016-04-19 05:50:19
2016-03-12 00:04:20,2532,small,1995,,199,corsa,150000,6,lpg,opel,yes,2016-03-12,0,58802,2016-03-18 13:37:09
2016-04-06 21:04:28,12389,other,2012,manual,74,twingo,150000,4,,renault,no,2016-04-06,0,14305,2016-04-16 10:34:52
2016-03-22 18:08:21,25423,,2007,auto,55,yaris,150000,7,petrol,toyota,,2016-03-22,0,97199,2016-04-11 18:34:52
2016-03-19 15:28:31,15850,other,2009,manual,202,andere,90000,5,gasoline,sonstige_autos,no,2016-03-19,0,51981,2016-04-06 20:19:10
2016-03-08 13:19:38,23116,sedan,1997,auto,107,s60,40000,9,hybrid,volvo,no,2016-03-08,0,32655,2016-03-19 23:39:24
2016-03-03 19:17:29,17395,suv,2006,auto,232,tucson,125000,1,gasoline,hyundai,yes,2016-03-03,0,55797,2016-03-31 10:05:04
2016-03-07 00:42:42,19449,other,2012,manual,143,fabia,100000,6,petrol,skoda,,2016-03-07,0,48688,2016-03-12 11:40:20
2016-03-26 06:29:43,31919,,2014,manual,208,5er,90000,1,petrol,bmw,no,2016-03-26,0,49664,2016-04-15 08:47:52
2016-03-17 21:59:39,14107,other,2001,manual,0,note,150000,10,gasoline,nissan,no,2016-03-17,0,47221,2016-03-20 02:05:34
2016-03-27 04:23:20,9012,small,2008,auto,108,cooper,150000,8,other,mini,no,2016-03-27,0,38414,2016-04-13 21:17:28
2016-03-28 02:36:23,26095,sedan,2012,auto,0,a3,125000,7,petrol,audi,,2016-03-28,0,21107,2016-04-15 20:32:43
2016-03-01 00:53:23,14698,wagon,2015,manual,95,ibiza,150000,7,other,seat,no,2016-03-01,0,47186,2016-03-05 04:20:37
2016-03-17 04:51:35,23653,,2005,manual,237,x_reihe,100000,1,gasoline,bmw,no,2016-03-17,0,76695,2016-03-24 18:28:11
2016-04-04 01:57:37,6475,small,2002,manual,250,v40,125000,1,petrol,volvo,no,2016-04-04,0,2295,2016-04-16 02:45:15
2016-04-07 10:57:48,29195,other,2007,auto,123,twingo,70000,2,gasoline,renault,no,2016-04-07,0,5906,2016-04-13 05:12:32
2016-03-27 18:17:04,16337,wagon,2014,manual,173,,100000,7,gasoline,peugeot,no,2016-03-27,0,82167,2016-04-06 11:44:06
2016-03-30 00:25:38,12974,sedan,2002,manual,138,a1,150000,8,gasoline,audi,no,2016-03-30,0,79137,2016-04-23 21:50:37
2016-03-01 13:58:53,35471,other,2015,manual,220,transporter,90000,10,gasoline,volkswagen,,2016-03-01,0,19724,2016-03-24 15:00:42
2016-03-28 11:25:44,16631,other,2004,auto,105,c_klasse,150000,11,gasoline,mercedes_benz,no,2016-03-28,0,29613,2016-04-20 01:52:18
2016-03-14 07:06:18,9409,sedan,2010,manual,138,5er,90000,10,gasoline,bmw,yes,2016-03-14,0,64190,2016-03-16 20:28:47
2016-03-12 01:24:01,10042,other,2000,manual,253,tucson,150000,8,other,hyundai,no,2016-03-12,0,33756,2016-04-07 06:33:53
2016-03-22 09:23:33,16206,sedan,2011,manual,95,s60,150000,6,gasoline,volvo,no,2016-03-22,0,72492,2016-04-10 18:05:55
2016-03-26 08:55:30,14907,sedan,1998,auto,185,a4,150000,10,,audi,no,2016-03-26,0,61689,2016-04-07 18:28:15
2016-03-06 17:54:28,13097,other,1997,manual,89,andere,50000,11,gasoline,sonstige_autos,no,2016-03-06,0,33284,2016-03-27 03:10:32
2016-03-17 10:09:51,17022,other,2012,,145,500,80000,7,petrol,fiat,no,2016-03-17,0,37617,2016-04-07 19:32:20
2016-03-01 13:58:17,18556,bus,2007,manual,101,altea,150000,9,gasoline,seat,no,2016-03-01,0,10570,2016-03-19 21:03:09
2016-03-16 07:31:32,10402,coupe,1998,manual,45,3_reihe,100000,12,petrol,peugeot,no,2016-03-16,0,60324,2016-03-17 01:59:52
2016-03-18 23:53:52,10978,small,2002,manual,88,vectra,80000,11,gasoline,opel,no,2016-03-18,0,29594,2016-04-13 15:11:59
2016-03-12 14:10:48,26261,wagon,2007,manual,190,fortwo,150000,2,gasoline,smart,no,2016-03-12,0,83034,2016-03-12 20:45:00
2016-04-08 14:39:56,16110,small,2011,auto,195,avensis,100000,0,other,toyota,no,2016-04-08,0,13399,2016-04-23 11:32:27
2016-03-02 02:26:13,15433,wagon,1996,manual,64,s_klasse,60000,5,hybrid,mercedes_benz,no,2016-03-02,0,47922,2016-03-30 03:10:42
2016-03-28 21:06:18,17849,small,2006,manual,215,s60,70000,8,hybrid,volvo,no,2016-03-28,0,34575,2016-04-20 13:42:10
2016-03-14 17:59:44,9348,other,1997,manual,99,500,125000,2,gasoline,fiat,no,2016-03-14,0,35286,2016-03-27 19:18:34
2016-03-12 14:13:27,5977,bus,2007,manual,68,octavia,90000,3,petrol,skoda,yes,2016-03-12,0,10663,2016-03-14 19:09:23
2016-03-13 18:41:30,17559,suv,2000,manual,128,panda,90000,12,petrol,fiat,,2016-03-13,0,74171,2016-04-01 15:50:09
2016-03-16 10:06:06,46179,convertible,2014,manual,250,forfour,125000,1,electric,smart,,2016-03-16,0,82466,2016-04-02 07:57:22
2016-03-21 02:16:03,15459,,2002,auto,251,e_klasse,150000,1,petrol,mercedes_benz,no,2016-03-21,0,21673,2016-03-30 14:44:20
2016-04-09 12:36:32,5913,sedan,2004,manual,214,5_reihe,125000,8,petrol,peugeot,yes,2016-04-09,0,97951,2016-04-28 00:22:36
2016-04-07 04:41:26,4559,small,2010,manual,92,zafira,70000,1,gasoline,opel,yes,2016-04-07,0,28588,2016-05-04 05:20:35
2016-04-02 10:37:21,27200,convertible,2002,manual,243,transporter,125000,2,,volkswagen,no,2016-04-02,0,47844,2016-04-17 00:41:00
2016-04-09 16:40:35,6613,other,2012,auto,114,qashqai,150000,7,other,nissan,yes,2016-04-09,0,83688,2016-04-18 04:28:54
2016-04-08 17:18:21,13291,suv,2014,manual,89,3_reihe,30000,12,lpg,mazda,,2016-04-08,0,37603,2016-04-16 20:02:52
2016-03-01 00:24:56,10944,small,2009,manual,146,note,150000,0,petrol,nissan,no,2016-03-01,0,12591,2016-03-07 04:23:07
2016-03-28 08:51:36,18445,sedan,2003,auto,233,1er,150000,11,other,bmw,no,2016-03-28,0,26067,2016-03-28 13:29:31
2016-04-01 14:27:28,13383,bus,2003,manual,110,qashqai,150000,1,gasoline,nissan,no,2016-04-01,0,63933,2016-04-25 17:25:59
2016-04-06 04:22:13,8801,coupe,2008,manual,84,i20,80000,12,gasoline,hyundai,yes,2016-04-06,0,22729,2016-04-23 18:26:08
2016-03-21 22:26:03,10636,coupe,2003,manual,109,corsa,50000,11,gasoline,opel,yes,2016-03-21,0,27330,2016-04-14 12:57:35
2016-03-22 18:31:46,45812,convertible,2008,auto,166,6_reihe,150000,7,gasoline,mazda,no,2016-03-22,0,76213,2016-03-26 18:46:46
2016-03-19 22:20:33,17976,sedan,2014,manual,135,octavia,150000,8,gasoline,skoda,no,2016-03-19,0,15542,2016-04-02 09:11:21
2016-03-06 08:14:11,18453,,2015,manual,0,leon,10000,2,gasoline,seat,no,2016-03-06,0,50187,2016-04-03 12:52:25
2016-03-06 16:06:54,14391,sedan,2011,manual,194,tucson,150000,2,petrol,hyundai,,2016-03-06,0,95538,2016-03-28 04:17:11
2016-04-07 22:25:22,13550,suv,1996,auto,71,andere,150000,4,petrol,sonstige_autos,no,2016-04-07,0,69864,2016-04-24 08:29:43
2016-03-17 09:13:31,11637,sedan,2006,auto,161,andere,150000,5,petrol,sonstige_autos,no,2016-03-17,0,57992,2016-04-07 22:57:03
2016-03-28 01:52:45,26045,convertible,2005,auto,184,leon,125000,11,petrol,seat,no,2016-03-28,0,60395,2016-04-13 03:38:46
2016-03-14 03:49:08,6864,,1996,manual,105,punto,125000,10,gasoline,fiat,,2016-03-14,0,98908,2016-03-24 08:27:57
2016-03-30 06:26:11,2038,sedan,1995,manual,66,6_reihe,150000,7,gasoline,mazda,yes,2016-03-30,0,98429,2016-04-12 19:38:34
2016-03-09 03:33:27,9427,,2003,manual,108,tiguan,100000,8,lpg,volkswagen,no,2016-03-09,0,17586,2016-03-28 10:54:48
2016-03-12 08:00:37,7371,small,2007,auto,197,5er,150000,4,other,bmw,no,2016-03-12,0,55469,2016-03-22 11:13:30
2016-03-29 10:52:42,3862,small,1999,manual,60,polo,125000,9,gasoline,volkswagen,no,2016-03-29,0,51888,2016-04-01 15:07:52
2016-03-25 21:22:41,8533,sedan,2004,manual,127,fortwo,150000,5,other,smart,no,2016-03-25,0,88063,2016-03-27 07:10:36
2016-04-04 17:33:48,15208,suv,2002,manual,158,focus,100000,4,other,ford,no,2016-04-04,0,22796,2016-04-11 11:41:58
2016-04-06 18:14:15,43455,sedan,2007,auto,240,,10000,5,gasoline,ford,no,2016-04-06,0,13981,2016-04-09 20:15:00
2016-03-05 15:36:49,12767,other,2014,manual,72,tucson,150000,9,petrol,hyundai,no,2016-03-05,0,71285,2016-04-02 04:50:18
2016-03-29 19:17:08,11632,small,2003,manual,247,micra,150000,4,gasoline,nissan,,2016-03-29,0,75764,2016-04-23 05:45:55
2016-03-04 09:56:50,2301,small,1996,manual,229,tucson,125000,1,lpg,hyundai,yes,2016-03-04,0,95952,2016-03-30 17:51:55
2016-03-06 22:12:08,23636,sedan,2010,,213,fabia,125000,7,gasoline,skoda,,2016-03-06,0,94199,2016-03-29 19:58:05
2016-03-05 00:35:05,12703,other,1995,auto,168,3er,125000,0,gasoline,bmw,no,2016-03-05,0,80057,2016-03-13 02:48:37
2016-03-04 13:02:31,21993,wagon,2001,manual,161,astra,90000,9,gasoline,opel,no,2016-03-04,0,8678,2016-03-07 23:09:29
2016-04-08 17:16:15,12346,other,1998,auto,253,500,150000,2,petrol,fiat,,2016-04-08,0,23598,2016-04-08 19:47:38
2016-03-14 21:33:18,10699,,2006,manual,99,corsa,150000,12,other,opel,,2016-03-14,0,63990,2016-03-16 11:50:58
2016-04-03 08:59:34,14232,sedan,2006,manual,219,,150000,4,petrol,mercedes_benz,no,2016-04-03,0,24224,2016-04-13 21:27:57
2016-03-26 04:23:14,28726,,1998,auto,151,corsa,60000,12,petrol,opel,no,2016-03-26,0,88390,2016-04-24 15:24:58
2016-03-10 16:20:23,21377,sedan,2013,manual,97,scenic,100000,11,gasoline,renault,no,2016-03-10,0,98906,2016-03-16 16:52:21
2016-04-08 12:40:52,4557,other,2011,manual,154,5_reihe,125000,8,other,peugeot,yes,2016-04-08,0,7264,2016-04-10 04:10:20
2016-03-12 05:26:44,27411,convertible,2009,manual,64,tiguan,70000,0,gasoline,volkswagen,no,2016-03-12,0,59666,2016-03-28 22:12:25
2016-03-13 04:59:16,17140,wagon,2016,auto,222,cooper,90000,6,gasoline,mini,yes,2016-03-13,0,48186,2016-04-04 03:17:20
2016-03-25 05:14:31,8178,sedan,1996,manual,121,ibiza,30000,7,petrol,seat,no,2016-03-25,0,91625,2016-04-17 09:35:44
2016-04-08 04:25:10,13669,wagon,1997,manual,175,note,125000,6,gasoline,nissan,no,2016-04-08,0,78049,2016-05-02 00:19:25
2016-03-23 16:08:13,6338,other,2002,auto,213,qashqai,150000,0,petrol,nissan,yes,2016-03-23,0,74838,2016-04-12 09:06:45
2016-03-31 21:38:39,40821,wagon,2014,manual,215,fiesta,50000,5,gasoline,ford,no,2016-03-31,0,32931,2016-04-22 05:49:03
2016-04-06 08:51:04,17753,convertible,2002,,75,s60,70000,4,lpg,volvo,no,2016-04-06,0,98036,2016-04-22 08:33:07
2016-03-21 17:41:26,27554,other,2011,auto,114,ibiza,150000,0,gasoline,seat,no,2016-03-21,0,73488,2016-04-19 08:04:33
2016-03-07 22:16:43,5989,other,1998,manual,151,a4,90000,9,gasoline,audi,yes,2016-03-07,0,47695,2016-04-04 12:00:17
2016-04-02 10:47:31,14407,other,2011,manual,6527,leon,150000,12,other,seat,no,2016-04-02,0,79401,2016-04-24 04:03:27
2016-03-07 03:33:35,18555,other,2016,manual,105,berlingo,125000,12,petrol,citroen,no,2016-03-07,0,13995,2016-04-02 00:03:41
2016-03-16 20:47:40,9356,small,2002,auto,196,,150000,10,petrol,nissan,no,2016-03-16,0,14424,2016-04-07 18:00:55
2016-04-01 16:20:36,23074,small,2000,auto,247,fabia,10000,2,gasoline,skoda,,2016-04-01,0,87327,2016-04-05 05:47:00
2016-03-14 14:54:47,26158,bus,2012,manual,161,ka,125000,8,gasoline,ford,,2016-03-14,0,33485,2016-03-23 18:26:24
2016-03-22 14:59:51,17184,,2005,manual,163,v40,150000,10,petrol,volvo,no,2016-03-22,0,67250,2016-04-08 03:29:30
2016-04-02 01:21:21,8192,small,2005,manual,99,clubman,125000,5,petrol,mini,no,2016-04-02,0,85491,2016-05-01 05:13:25
2016-04-05 05:41:40,13207,other,2008,manual,68,a1,150000,12,gasoline,audi,no,2016-04-05,0,20879,2016-04-15 13:53:40
2016-03-09 04:59:43,8006,sedan,2014,auto,219,5_reihe,150000,1,other,peugeot,yes,2016-03-09,0,34186,2016-03-09 07:55:05
2016-03-15 01:13:23,5249,small,1999,manual,110,3er,60000,8,other,bmw,,2016-03-15,0,1250,2016-03-18 17:47:06
2016-03-13 22:48:08,14648,wagon,2007,auto,63,,150000,5,petrol,mini,no,2016-03-13,0,80404,2016-03-23 09:17:55
2016-04-08 19:42:05,22661,other,1996,,258,focus,150000,12,electric,ford,no,2016-04-08,0,87185,2016-04-11 21:56:56
2016-03-17 17:10:26,7286,other,1999,manual,245,insignia,30000,4,gasoline,opel,yes,2016-03-17,0,58949,2016-04-04 20:48:58
2016-03-11 16:26:28,13824,,2000,manual,66,5_reihe,125000,2,petrol,peugeot,no,2016-03-11,0,54030,2016-03-17 21:08:20
2016-03-22 03:18:01,8709,small,2000,manual,218,transporter,30000,11,other,volkswagen,no,2016-03-22,0,20953,2016-03-28 12:41:41
2016-04-02 10:49:05,19108,bus,2015,manual,88,clubman,70000,1,petrol,mini,,2016-04-02,0,95768,2016-04-27 13:20:06
2016-03-11 16:35:28,16577,,2009,manual,54,6_reihe,50000,3,other,mazda,no,2016-03-11,0,80193,2016-03-23 11:19:31
2016-03-06 21:45:35,16751,sedan,1996,auto,163,mondeo,150000,10,gasoline,ford,no,2016-03-06,0,99652,2016-03-13 06:42:17
2016-03-21 13:55:39,14190,,2001,auto,256,v40,150000,3,hybrid,volvo,yes,2016-03-21,0,80652,2016-04-07 11:32:58
2016-03-30 05:51:31,29281,,2002,manual,232,a3,150000,10,gasoline,audi,,2016-03-30,0,91907,2016-04-25 01:16:46
2016-03-16 15:20:48,10456,sedan,2001,manual,140,avensis,150000,6,gasoline,toyota,no,2016-03-16,0,98103,2016-03-22 07:57:38
2016-03-29 00:30:03,34274,convertible,2015,manual,123,500,150000,8,gasoline,fiat,no,2016-03-29,0,92635,2016-04-12 10:31:00
2016-04-03 12:05:27,8951,,2002,auto,55,a4,150000,2,petrol,audi,no,2016-04-03,0,12867,2016-04-30 09:29:14
2016-04-04 20:07:18,21049,suv,2013,manual,167,ibiza,90000,3,petrol,seat,no,2016-04-04,0,48545,2016-04-10 06:50:56
2016-03-06 06:49:02,55172,sedan,2007,auto,222,3er,10000,0,electric,bmw,no,2016-03-06,0,31260,2016-03-12 16:32:45
2016-03-29 08:03:55,13599,sedan,2012,manual,138,fabia,150000,5,petrol,skoda,,2016-03-29,0,66198,2016-04-04 02:53:33
2016-03-30 07:13:05,44584,convertible,2008,auto,131,e_klasse,90000,12,gasoline,mercedes_benz,no,2016-03-30,0,31568,2016-04-19 02:01:41
2016-03-17 06:14:13,6739,wagon,2005,manual,218,focus,150000,1,gasoline,ford,yes,2016-03-17,0,95769,2016-04-09 19:04:14
2016-03-07 22:50:13,30316,sedan,2008,auto,123,,150000,3,hybrid,opel,,2016-03-07,0,13670,2016-04-05 03:12:53
2016-04-05 18:16:54,29838,suv,2007,,123,qashqai,90000,6,gasoline,nissan,,2016-04-05,0,81964,2016-04-12 06:31:26
2016-03-04 20:29:26,20088,sedan,2003,manual,217,fabia,40000,11,gasoline,skoda,no,2016-03-04,0,96518,2016-04-01 01:49:12
2016-03-10 14:29:57,18059,other,2015,manual,130,fortwo,100000,11,petrol,smart,no,2016-03-10,0,61196,2016-03-27 10:47:23
2016-03-19 22:51:11,35662,bus,2012,manual,129,,20000,0,gasoline,mazda,,2016-03-19,0,1754,2016-04-01 10:12:06
2016-03-29 05:32:25,13296,sedan,2004,auto,141,focus,125000,1,petrol,ford,no,2016-03-29,0,20385,2016-04-11 10:05:16
2016-04-04 20:20:47,14950,,1998,manual,0,polo,90000,10,gasoline,volkswagen,no,2016-04-04,0,38309,2016-04-29 06:06:13
2016-03-18 00:47:13,10570,bus,2006,manual,220,,10000,5,petrol,bmw,yes,2016-03-18,0,8327,2016-04-03 02:57:23
2016-03-08 14:04:28,20581,sedan,2008,manual,256,passat,80000,3,gasoline,volkswagen,no,2016-03-08,0,63237,2016-03-30 19:27:47
2016-03-02 08:53:41,18214,,2009,manual,167,qashqai,150000,5,petrol,nissan,no,2016-03-02,0,77259,2016-03-27 21:16:57
2016-03-14 18:10:27,7642,sedan,2015,manual,194,fortwo,150000,11,petrol,smart,yes,2016-03-14,0,14582,2016-03-25 15:10:21
2016-03-28 05:25:25,6427,small,1998,,112,panda,150000,3,gasoline,fiat,no,2016-03-28,0,61858,2016-04-26 03:53:36
2016-03-27 18:24:13,22469,,2010,manual,154,5_reihe,150000,0,other,peugeot,,2016-03-27,0,95751,2016-04-25 10:11:57
2016-03-05 18:31:02,20931,bus,2007,manual,238,note,90000,3,petrol,nissan,,2016-03-05,0,38293,2016-03-30 01:46:59
2016-03-01 08:20:49,11009,small,2000,auto,46,tucson,150000,10,hybrid,hyundai,no,2016-03-01,0,10191,2016-03-05 01:54:57
2016-03-23 09:25:13,8216,wagon,1998,manual,191,polo,125000,8,cng,volkswagen,no,2016-03-23,0,78034,2016-04-03 22:12:13
2016-04-04 16:38:48,22872,suv,2011,manual,174,c_klasse,150000,0,other,mercedes_benz,no,2016-04-04,0,18526,2016-04-26 10:13:27
2016-03-20 08:44:44,29195,coupe,2012,manual,243,superb,125000,5,other,skoda,no,2016-03-20,0,30126,2016-03-31 05:52:48
2016-04-08 03:50:56,35126,sedan,2009,auto,225,2_reihe,150000,11,gasoline,mazda,no,2016-04-08,0,75301,2016-05-05 07:58:22
2016-03-22 19:21:33,29799,coupe,2014,manual,192,a3,150000,7,petrol,audi,no,2016-03-22,0,52404,2016-04-05 13:02:26
2016-03-04 09:58:53,22088,sedan,2015,manual,148,micra,100000,9,petrol,nissan,no,2016-03-04,0,5554,2016-03-21 07:27:15
2016-03-11 17:02:17,53872,coupe,2011,manual,258,passat,30000,11,gasoline,volkswagen,no,2016-03-11,0,97304,2016-04-10 11:59:47
2016-03-05 17:05:09,19921,wagon,2010,manual,168,qashqai,150000,7,petrol,nissan,no,2016-03-05,0,99413,2016-03-24 07:08:38
2016-03-06 09:56:12,6777,small,2005,manual,248,500,150000,11,other,fiat,no,2016-03-06,0,29147,2016-04-01 08:01:40
2016-04-05 19:51:55,15138,suv,2002,auto,169,andere,70000,8,gasoline,sonstige_autos,yes,2016-04-05,0,53417,2016-04-22 15:02:41
2016-03-16 12:25:58,10175,small,1998,manual,215,3_reihe,70000,4,gasoline,peugeot,no,2016-03-16,0,82519,2016-03-26 23:33:45
2016-03-31 06:21:53,13085,other,2014,manual,57,fortwo,150000,3,gasoline,smart,no,2016-03-31,0,54921,2016-04-03 21:46:45
2016-03-19 04:17:24,4680,small,1998,manual,56,ka,90000,7,lpg,ford,no,2016-03-19,0,73088,2016-03-19 18:15:25
2016-03-06 13:14:22,24927,bus,2011,manual,253,a1,50000,12,other,audi,no,2016-03-06,0,15630,2016-04-03 05:12:50
2016-03-05 09:39:00,5833,small,1996,,190,avensis,100000,6,petrol,toyota,,2016-03-05,0,40956,2016-03-31 01:25:46
2016-03-08 03:40:45,55052,bus,2008,auto,190,leon,125000,7,,seat,no,2016-03-08,0,36042,2016-04-04 15:39:58
2016-03-17 19:52:37,5348,small,1997,auto,253,qashqai,150000,9,petrol,nissan,yes,2016-03-17,0,96747,2016-03-31 09:43:35
2016-03-17 17:31:59,24132,bus,2011,manual,235,c4,90000,7,gasoline,citroen,no,2016-03-17,0,12297,2016-04-03 05:07:00
2016-03-17 16:00:51,12528,sedan,2002,manual,246,6_reihe,150000,6,petrol,mazda,,2016-03-17,0,1088,2016-03-21 14:20:32
2016-03-30 18:35:34,8263,small,2000,auto,52,5_reihe,150000,12,gasoline,peugeot,no,2016-03-30,0,55747,2016-04-11 21:12:12
2016-04-05 00:12:20,3054,coupe,1995,manual,147,transporter,150000,7,other,volkswagen,yes,2016-04-05,0,46969,2016-04-20 09:16:52
2016-03-11 19:23:49,31835,other,2013,manual,226,note,60000,3,gasoline,nissan,,2016-03-11,0,46476,2016-03-22 07:51:11
2016-03-07 18:29:43,14242,wagon,2003,manual,0,q5,150000,7,gasoline,audi,no,2016-03-07,0,68352,2016-03-31 04:43:40
2016-03-15 14:01:17,25337,sedan,2015,manual,155,qashqai,150000,6,gasoline,nissan,no,2016-03-15,0,47993,2016-04-02 03:40:23
2016-03-06 11:52:44,18188,sedan,2012,manual,214,ka,150000,12,petrol,ford,no,2016-03-06,0,26548,2016-04-03 12:26:06
2016-04-07 18:29:25,16089,bus,2001,manual,245,corolla,30000,8,hybrid,toyota,,2016-04-07,0,12249,2016-05-05 09:03:51
2016-03-05 20:24:18,9763,small,1999,auto,108,5_reihe,125000,5,gasoline,peugeot,no,2016-03-05,0,70923,2016-03-11 18:03:37
2016-04-02 08:44:18,6976,sedan,2003,auto,213,e_klasse,150000,3,gasoline,mercedes_benz,,2016-04-02,0,82467,2016-04-04 13:40:59
2016-03-17 02:34:00,7856,small,2004,,65,andere,80000,1,,sonstige_autos,no,2016-03-17,0,25611,2016-03-25 02:23:45
2016-03-23 03:11:14,20207,other,2014,manual,0,v40,80000,9,gasoline,volvo,,2016-03-23,0,18825,2016-04-02 16:23:15
2016-04-05 10:49:40,23033,sedan,2006,manual,241,forfour,80000,2,gasoline,smart,,2016-04-05,0,14214,2016-04-26 06:09:56
2016-03-03 12:07:44,5317,sedan,2009,manual,47,corolla,80000,3,petrol,toyota,yes,2016-03-03,0,38899,2016-03-21 15:11:15
2016-04-07 09:59:15,33447,bus,2016,manual,250,qashqai,150000,9,petrol,nissan,no,2016-04-07,0,7845,2016-04-29 04:32:13
2016-03-25 03:07:43,7868,sedan,2007,manual,52,cooper,150000,4,gasoline,mini,no,2016-03-25,0,47090,2016-04-23 20:41:33
2016-03-20 12:56:42,11318,small,2000,manual,190,i20,150000,2,,hyundai,no,2016-03-20,0,26397,2016-04-14 04:00:59
2016-03-12 14:40:02,31731,,2001,,187,i20,90000,4,gasoline,hyundai,no,2016-03-12,0,83009,2016-03-21 08:10:36
2016-03-01 09:46:45,7395,sedan,2006,manual,243,punto,150000,2,gasoline,fiat,,2016-03-01,0,44361,2016-03-07 22:13:37
2016-03-19 20:33:56,26325,bus,2010,auto,135,polo,150000,2,gasoline,volkswagen,no,2016-03-19,0,12239,2016-04-01 03:11:52
2016-03-21 02:00:19,15810,small,2014,manual,42,,125000,1,hybrid,mercedes_benz,no,2016-03-21,0,27197,2016-04-14 14:31:25
2016-04-06 11:15:29,16515,wagon,2005,manual,120,s60,30000,7,petrol,volvo,,2016-04-06,0,10394,2016-04-10 06:30:10
2016-03-28 21:56:28,15782,convertible,2009,manual,100,clubman,100000,0,other,mini,no,2016-03-28,0,84366,2016-04-05 03:56:40
2016-04-01 22:18:41,21647,coupe,2003,,121,6_reihe,90000,9,gasoline,mazda,no,2016-04-01,0,26606,2016-04-27 06:27:57
2016-04-03 20:37:28,45317,wagon,2015,auto,202,forfour,80000,11,gasoline,smart,,2016-04-03,0,99811,2016-05-02 10:33:19
2016-03-14 18:01:20,11611,other,2000,manual,49,6_reihe,125000,8,gasoline,mazda,no,2016-03-14,0,84413,2016-04-08 08:19:56
2016-03-08 15:44:10,13742,,2000,manual,138,passat,125000,0,gasoline,volkswagen,,2016-03-08,0,41050,2016-04-06 04:21:50
2016-03-25 09:31:23,36811,sedan,2015,auto,215,fortwo,40000,4,petrol,smart,no,2016-03-25,0,99306,2016-04-06 12:54:59
2016-04-06 23:46:58,22902,wagon,2016,manual,116,fortwo,125000,12,petrol,smart,no,2016-04-06,0,35530,2016-04-16 05:50:52
2016-03-25 20:54:51,16754,convertible,2013,manual,92,3_reihe,50000,9,petrol,peugeot,no,2016-03-25,0,29365,2016-04-22 09:46:45
2016-03-25 15:43:45,19283,wagon,1997,auto,131,q5,125000,0,gasoline,audi,no,2016-03-25,0,51627,2016-04-06 18:51:44
2016-03-04 23:30:00,4797,suv,1998,manual,41,a3,100000,7,gasoline,audi,yes,2016-03-04,0,99099,2016-03-21 16:19:39
2016-03-14 17:11:31,20067,convertible,2016,manual,231,transporter,80000,11,gasoline,volkswagen,yes,2016-03-14,0,23930,2016-04-13 03:47:53
2016-03-03 01:31:35,21234,wagon,2002,auto,211,clubman,125000,11,petrol,mini,no,2016-03-03,0,45321,2016-03-25 23:43:02
2016-03-29 11:35:46,21002,,2005,manual,137,andere,90000,8,other,sonstige_autos,no,2016-03-29,0,2792,2016-03-30 14:05:08
2016-04-03 00:16:29,30762,sedan,2002,auto,84,andere,90000,2,hybrid,sonstige_autos,,2016-04-03,0,86725,2016-04-26 11:55:45
2016-03-23 08:27:22,7909,coupe,2015,manual,67,v70,150000,11,petrol,volvo,yes,2016-03-23,0,31204,2016-04-12 22:52:51
2016-03-28 04:48:39,15433,small,2014,manual,88,berlingo,70000,2,gasoline,citroen,no,2016-03-28,0,21959,2016-04-08 10:30:58
2016-03-24 23:15:10,15966,other,2002,auto,40,a1,70000,12,gasoline,audi,,2016-03-24,0,5235,2016-04-04 03:58:41
2016-03-27 07:22:21,28135,wagon,2002,manual,225,500,125000,2,gasoline,fiat,,2016-03-27,0,38298,2016-04-15 18:52:50
2016-04-02 02:11:52,11551,small,2007,manual,131,cooper,20000,2,petrol,mini,no,2016-04-02,0,60638,2016-04-30 15:38:56
2016-03-20 09:35:36,24454,coupe,1998,manual,193,6_reihe,10000,10,gasoline,mazda,no,2016-03-20,0,54810,2016-03-31 18:58:41
2016-03-24 21:18:21,29258,wagon,2011,auto,122,zafira,150000,11,gasoline,opel,no,2016-03-24,0,66639,2016-04-18 11:06:53
2016-03-27 16:22:11,10362,other,1996,manual,93,tucson,60000,10,gasoline,hyundai,no,2016-03-27,0,70121,2016-04-10 13:14:39
2016-04-06 08:59:12,9628,small,2016,manual,149,fabia,80000,8,other,skoda,no,2016-04-06,0,9000,2016-04-09 10:24:32
2016-03-05 07:03:39,10263,wagon,2007,manual,248,c3,150000,7,gasoline,citroen,yes,2016-03-05,0,77196,2016-03-06 23:23:24
2016-03-22 22:34:32,5974,coupe,1998,manual,46,clio,125000,6,other,renault,,2016-03-22,0,71042,2016-03-27 18:42:16
2016-03-10 20:06:49,20427,coupe,2003,,142,clubman,70000,12,,mini,no,2016-03-10,0,95045,2016-04-04 01:28:53
2016-04-01 22:51:31,9998,other,2004,manual,77,2_reihe,125000,12,petrol,peugeot,no,2016-04-01,0,74166,2016-05-01 00:54:28
2016-03-05 03:18:27,22668,convertible,2012,manual,69,tucson,150000,12,,hyundai,no,2016-03-05,0,33182,2016-03-24 21:50:12
2016-03-21 05:39:51,17377,wagon,2016,,83,c_klasse,125000,7,other,mercedes_benz,no,2016-03-21,0,82157,2016-03-30 08:59:27
2016-03-10 02:14:34,9352,other,1995,manual,130,clio,40000,9,other,renault,no,2016-03-10,0,12742,2016-03-21 09:55:39
2016-03-11 22:29:06,3655,other,1997,manual,82,i30,150000,11,petrol,hyundai,,2016-03-11,0,95277,2016-03-20 06:21:37
2016-04-06 13:41:54,19981,coupe,1996,manual,120,7er,150000,11,hybrid,bmw,no,2016-04-06,0,93465,2016-04-29 09:58:12
2016-03-18 00:43:28,13631,wagon,2004,manual,172,,125000,6,lpg,nissan,no,2016-03-18,0,92872,2016-03-18 11:31:44
2016-03-05 13:47:02,4750,sedan,2000,manual,83,andere,50000,2,gasoline,sonstige_autos,yes,2016-03-05,0,43116,2016-04-03 10:29:35
2016-03-04 17:45:25,22084,sedan,2015,manual,166,cooper,125000,7,petrol,mini,no,2016-03-04,0,41656,2016-03-23 13:50:52
2016-03-02 17:26:40,21663,suv,2006,manual,117,a1,125000,10,petrol,audi,no,2016-03-02,0,90233,2016-03-24 04:15:35
2016-03-07 07:03:37,19513,other,2016,auto,69,,30000,9,other,opel,,2016-03-07,0,3078,2016-03-23 11:30:15
2016-04-05 16:25:37,24056,suv,2009,manual,215,twingo,70000,6,other,renault,no,2016-04-05,0,94882,2016-04-13 22:45:41
2016-03-10 23:57:26,19918,other,2010,manual,128,corolla,150000,7,hybrid,toyota,no,2016-03-10,0,38753,2016-03-26 18:41:49
2016-04-06 02:54:53,27748,other,2010,auto,141,fiesta,125000,7,gasoline,ford,no,2016-04-06,0,73338,2016-04-15 20:25:25
2016-03-03 16:35:53,17044,convertible,1995,manual,200,i20,90000,2,gasoline,hyundai,no,2016-03-03,0,11774,2016-03-25 01:52:07
2016-03-22 19:14:21,15694,bus,1997,auto,97,superb,10000,10,lpg,skoda,no,2016-03-22,0,41141,2016-04-18 02:20:54
2016-03-15 19:34:48,5852,other,1998,manual,120,3_reihe,150000,8,petrol,mazda,no,2016-03-15,0,27144,2016-03-31 20:11:34
2016-03-15 16:23:39,18682,other,1997,manual,224,touran,150000,0,,volkswagen,no,2016-03-15,0,73813,2016-04-14 13:24:12
2016-03-12 15:53:22,21430,bus,2013,manual,0,i20,50000,9,petrol,hyundai,no,2016-03-12,0,7850,2016-03-26 13:01:58
2016-03-31 15:53:12,58854,coupe,2013,auto,259,polo,60000,11,gasoline,volkswagen,no,2016-03-31,0,21445,2016-04-28 15:17:13
2016-03-23 22:16:19,0,,1999,manual,219,e_klasse,150000,7,gasoline,mercedes_benz,yes,2016-03-23,0,8797,2016-04-04 00:03:52
2016-04-07 10:59:37,25811,small,2019,,236,twingo,125000,6,gasoline,renault,no,2016-04-07,0,22407,2016-04-08 15:51:40
2016-03-26 07:08:35,14343,coupe,2005,manual,172,,150000,7,petrol,skoda,no,2016-03-26,0,49120,2016-04-13 14:32:50
2016-04-09 13:06:53,5956,small,2010,auto,111,andere,10000,3,petrol,sonstige_autos,yes,2016-04-09,0,22838,2016-04-17 02:13:58
2016-04-09 18:24:37,45315,wagon,2011,auto,189,s_klasse,80000,8,gasoline,mercedes_benz,no,2016-04-09,0,2705,2016-05-07 03:44:58
2016-03-05 17:22:51,8545,small,2012,auto,231,2_reihe,150000,5,gasoline,peugeot,yes,2016-03-05,0,18207,2016-03-26 13:27:55
2016-04-05 00:17:48,13910,sedan,2007,auto,70,v70,125000,1,electric,volvo,yes,2016-04-05,0,83233,2016-05-03 14:26:16
2016-03-08 10:09:26,25464,suv,2006,manual,83,2_reihe,90000,9,gasoline,mazda,no,2016-03-08,0,17578,2016-03-11 19:24:14
2016-03-09 14:28:26,11353,,2012,manual,183,clubman,150000,8,petrol,mini,no,2016-03-09,0,16653,2016-03-19 17:15:10
2016-03-05 00:58:10,50733,coupe,2011,auto,161,fabia,40000,7,gasoline,skoda,no,2016-03-05,0,41344,2016-03-26 02:16:56
2016-04-06 16:00:53,28264,wagon,2007,manual,136,punto,20000,5,hybrid,fiat,no,2016-04-06,0,74531,2016-04-15 07:21:16
2016-03-09 04:18:28,15026,other,1996,,242,6_reihe,90000,7,petrol,mazda,no,2016-03-09,0,38944,2016-03-29 15:39:26
2016-04-09 08:58:48,13955,sedan,1996,manual,250,octavia,125000,6,petrol,skoda,no,2016-04-09,0,38227,2016-04-24 01:05:50
2016-03-07 05:48:05,10426,suv,2001,manual,49,golf,150000,9,petrol,volkswagen,no,2016-03-07,0,31850,2016-03-21 17:52:53
2016-04-01 09:29:37,21394,sedan,2011,manual,259,3_reihe,125000,5,petrol,peugeot,no,2016-04-01,0,42509,2016-04-22 19:40:49
2016-03-21 14:30:42,19158,bus,2006,manual,145,cooper,70000,1,,mini,no,2016-03-21,0,67329,2016-04-04 09:34:51
2016-03-21 08:38:59,13636,sedan,2008,manual,92,,40000,0,petrol,mazda,no,2016-03-21,0,16799,2016-04-19 11:15:59
2016-04-09 18:43:42,6235,convertible,2004,manual,44,andere,150000,7,gasoline,sonstige_autos,,2016-04-09,0,43994,2016-04-29 04:17:31
2016-03-24 04:11:52,6333,suv,1999,manual,131,note,125000,10,petrol,nissan,yes,2016-03-24,0,21000,2016-04-14 23:16:09
2016-03-28 21:37:53,5754,small,2013,manual,241,yaris,125000,9,,toyota,yes,2016-03-28,0,9217,2016-04-03 01:37:14
2016-03-06 16:54:08,34039,wagon,2016,manual,143,leon,40000,8,gasoline,seat,no,2016-03-06,0,17722,2016-03-31 12:38:18
2016-03-16 20:18:27,26292,suv,2016,manual,209,clio,150000,7,other,renault,no,2016-03-16,0,18847,2016-04-15 03:24:16
2016-03-20 11:12:44,16792,sedan,2001,,196,forfour,50000,6,,smart,no,2016-03-20,0,54556,2016-04-11 01:58:20
2016-04-05 14:29:33,10526,small,2005,manual,181,2_reihe,125000,11,petrol,mazda,,2016-04-05,0,42102,2016-04-22 14:55:32
2016-03-23 07:00:35,12866,bus,2011,manual,221,panda,70000,9,gasoline,fiat,,2016-03-23,0,68501,2016-04-08 12:40:29
2016-03-07 16:46:47,6314,small,2016,auto,71,a_klasse,125000,4,other,mercedes_benz,yes,2016-03-07,0,42923,2016-04-01 15:39:26
2016-03-23 08:47:46,30449,,2010,auto,160,passat,125000,6,petrol,volkswagen,no,2016-03-23,0,14268,2016-04-14 07:18:51
2016-03-20 13:19:21,8566,small,2011,manual,214,3_reihe,80000,10,other,peugeot,no,2016-03-20,0,3199,2016-04-19 07:35:54
2016-03-10 02:46:41,22841,bus,2013,manual,187,clubman,150000,1,gasoline,mini,no,2016-03-10,0,13654,2016-03-12 18:24:24
2016-03-30 07:34:19,11903,small,2008,manual,209,i20,125000,3,gasoline,hyundai,no,2016-03-30,0,84769,2016-04-24 20:57:38
2016-03-13 01:27:00,4935,coupe,2002,manual,133,fortwo,150000,6,other,smart,yes,2016-03-13,0,28452,2016-04-04 03:21:28
2016-04-05 06:56:17,11867,bus,1998,manual,103,yaris,20000,8,lpg,toyota,no,2016-04-05,0,99033,2016-04-06 17:59:57
2016-03-10 06:03:19,13697,sedan,1997,manual,238,1er,150000,2,gasoline,bmw,no,2016-03-10,0,37741,2016-03-23 09:24:53
2016-03-30 12:36:19,48269,suv,2008,auto,97,i20,5000,11,,hyundai,no,2016-03-30,0,77299,2016-04-14 13:56:59
2016-03-30 06:52:56,27092,,2012,manual,53,forfour,50000,12,petrol,smart,no,2016-03-30,0,76447,2016-04-05 03:45:38
2016-03-09 13:06:22,20331,wagon,2002,auto,109,berlingo,150000,3,gasoline,citroen,no,2016-03-09,0,23912,2016-03-23 04:40:30
2016-03-02 01:34:55,14032,coupe,2001,manual,235,q5,150000,2,petrol,audi,no,2016-03-02,0,88881,2016-03-17 02:18:42
2016-03-23 09:38:33,34972,,2004,manual,153,scenic,125000,5,,renault,no,2016-03-23,0,83298,2016-03-26 00:23:43
2016-04-03 07:39:01,15900,sedan,2007,,167,i30,100000,8,gasoline,hyundai,,2016-04-03,0,62128,2016-04-08 12:08:26
2016-03-19 13:52:10,13794,bus,2000,manual,155,altea,150000,4,gasoline,seat,no,2016-03-19,0,41285,2016-04-14 23:49:32
2016-03-28 19:55:27,12688,wagon,2005,auto,53,a1,125000,8,petrol,audi,,2016-03-28,0,55949,2016-04-26 03:26:17
2016-03-30 08:53:51,23346,small,2004,auto,0,transporter,40000,8,electric,volkswagen,no,2016-03-30,0,8293,2016-04-26 01:07:34
2016-03-30 15:09:35,8656,suv,2014,manual,59,i20,150000,1,other,hyundai,,2016-03-30,0,91867,2016-03-31 22:44:25
2016-03-20 00:00:01,18454,other,2012,manual,141,touran,30000,11,,volkswagen,no,2016-03-20,0,38771,2016-03-25 17:12:27
2016-03-22 12:55:34,6288,small,2008,manual,99,3er,150000,2,lpg,bmw,,2016-03-22,0,96178,2016-04-06 05:21:10
2016-04-07 19:29:20,7825,small,1995,manual,170,micra,10000,6,cng,nissan,no,2016-04-07,0,94792,2016-04-13 13:55:47
2016-03-28 13:09:45,12517,sedan,2011,manual,104,5_reihe,150000,12,gasoline,peugeot,no,2016-03-28,0,82834,2016-04-26 09:04:24
2016-03-14 14:25:01,39093,suv,2003,,212,punto,125000,8,gasoline,fiat,no,2016-03-14,0,10931,2016-04-04 06:17:38
2016-04-08 04:58:30,21286,wagon,1999,manual,107,x_reihe,90000,1,hybrid,bmw,no,2016-04-08,0,23119,2016-05-05 07:17:08
2016-03-29 04:51:56,17151,convertible,2003,manual,134,panda,150000,7,petrol,fiat,no,2016-03-29,0,77456,2016-04-15 19:20:57
2016-03-21 18:20:40,8074,small,2002,manual,259,5er,150000,6,petrol,bmw,no,2016-03-21,0,7948,2016-03-25 01:48:53
2016-03-04 06:27:35,0,sedan,2001,manual,76,qashqai,80000,1,petrol,nissan,no,2016-03-04,0,65540,2016-03-28 01:44:03
2016-03-28 01:53:18,17651,,2005,manual,77,a3,150000,9,lpg,audi,no,2016-03-28,0,90765,2016-04-19 18:31:26
2016-03-09 02:29:54,9065,sedan,2000,manual,106,clubman,70000,9,other,mini,no,2016-03-09,0,60266,2016-03-27 04:12:30
2016-04-02 09:42:45,39266,wagon,2000,auto,182,forfour,20000,2,gasoline,smart,no,2016-04-02,0,83093,2016-04-21 01:49:36
2016-03-14 15:47:11,16095,,2011,manual,53,fiesta,10000,12,petrol,ford,no,2016-03-14,0,22126,2016-04-02 05:48:47
2016-03-24 17:57:31,21783,suv,2002,manual,125,2_reihe,70000,12,petrol,peugeot,no,2016-03-24,0,84140,2016-04-09 16:59:55
2016-03-09 03:59:16,18311,other,2014,manual,184,a6,80000,1,,audi,no,2016-03-09,0,48047,2016-03-11 06:24:12
2016-03-28 14:20:32,15934,other,2000,manual,255,6_reihe,5000,11,petrol,mazda,no,2016-03-28,0,97602,2016-04-24 09:44:29
2016-04-05 19:44:40,4283,,2001,manual,0,x_reihe,150000,11,petrol,bmw,no,2016-04-05,0,9392,2016-04-08 18:38:10
2016-03-27 05:47:45,7433,convertible,1999,manual,249,7er,150000,8,other,bmw,yes,2016-03-27,0,81975,2016-04-04 04:16:40
2016-03-15 19:38:04,15465,bus,2009,manual,50,corolla,150000,8,gasoline,toyota,no,2016-03-15,0,3924,2016-04-13 07:27:57
2016-04-02 08:18:25,13995,suv,2012,auto,51,leon,125000,3,gasoline,seat,,2016-04-02,0,53415,2016-04-04 15:40:39
2016-04-06 00:14:32,13798,,2007,,183,fabia,90000,6,,skoda,no,2016-04-06,0,15846,2016-04-14 19:43:54
2016-03-15 15:03:10,27145,wagon,2014,manual,65,panda,80000,3,gasoline,fiat,no,2016-03-15,0,92621,2016-03-22 21:39:29
2016-04-09 11:40:10,38094,coupe,2008,manual,209,yaris,90000,0,hybrid,toyota,no,2016-04-09,0,6615,2016-04-29 16:40:55
2016-03-07 03:56:33,5924,,2012,,132,5_reihe,20000,11,gasoline,peugeot,yes,2016-03-07,0,13964,2016-03-26 05:34:52
2016-04-06 03:01:00,14408,convertible,2010,manual,192,,40000,9,gasoline,renault,yes,2016-04-06,0,99726,2016-04-18 07:13:30
2016-03-10 03:16:46,36097,suv,2005,auto,198,qashqai,90000,5,petrol,nissan,no,2016-03-10,0,86898,2016-03-23 02:53:43
2016-03-11 13:25:22,17254,other,2003,manual,236,corsa,125000,9,petrol,opel,,2016-03-11,0,40755,2016-03-30 14:53:01
2016-03-13 13:33:33,19357,suv,1998,manual,139,cooper,150000,12,gasoline,mini,no,2016-03-13,0,66162,2016-04-06 15:00:55
2016-03-08 12:29:14,0,sedan,2006,manual,121,focus,30000,10,gasoline,ford,no,2016-03-08,0,77937,2016-04-03 23:38:41
2016-03-29 19:17:22,16062,suv,1999,manual,172,1er,50000,12,,bmw,no,2016-03-29,0,50153,2016-04-26 23:56:52
2016-03-12 19:48:37,27624,coupe,2006,manual,162,micra,150000,10,,nissan,,2016-03-12,0,6378,2016-03-12 19:49:26
2016-03-23 14:04:23,26359,,2007,auto,150,v70,100000,6,petrol,volvo,no,2016-03-23,0,2675,2016-04-12 16:55:47
2016-03-27 23:07:35,24038,other,2011,auto,90,a_klasse,150000,3,gasoline,mercedes_benz,no,2016-03-27,0,70485,2016-04-12 16:22:59
2016-04-07 21:02:01,13230,sedan,2010,auto,256,7er,90000,9,petrol,bmw,yes,2016-04-07,0,10961,2016-05-04 05:32:10
2016-03-15 09:35:09,20080,sedan,2006,manual,179,leon,125000,7,gasoline,seat,no,2016-03-15,0,31933,2016-04-03 11:37:20
2016-03-23 08:49:15,8136,,2016,manual,156,punto,125000,2,other,fiat,no,2016-03-23,0,77783,2016-04-17 00:03:30
2016-03-04 09:13:20,18246,convertible,2000,,163,qashqai,150000,6,petrol,nissan,no,2016-03-04,0,94655,2016-03-27 20:43:28
2016-03-08 00:27:41,2081,sedan,1997,manual,68,e_klasse,150000,5,,mercedes_benz,yes,2016-03-08,0,61510,2016-03-11 12:31:41
2016-03-21 09:40:07,21075,convertible,2007,manual,86,i30,150000,12,gasoline,hyundai,no,2016-03-21,0,58065,2016-04-18 10:22:03
2016-03-14 19:52:35,8729,other,2014,,154,i30,150000,7,gasoline,hyundai,yes,2016-03-14,0,41526,2016-04-05 04:30:18
2016-03-17 00:53:08,9103,sedan,1997,manual,205,s_klasse,150000,1,petrol,mercedes_benz,no,2016-03-17,0,43449,2016-03-23 01:10:37
2016-04-01 20:36:02,8838,other,1998,auto,66,micra,150000,1,,nissan,no,2016-04-01,0,20599,2016-04-18 15:44:04
2016-03-14 12:03:43,7534,sedan,2016,manual,42,punto,30000,6,gasoline,fiat,yes,2016-03-14,0,42522,2016-03-29 19:19:02
2016-03-09 08:26:07,14342,,2008,auto,67,note,150000,6,petrol,nissan,no,2016-03-09,0,12752,2016-03-13 05:03:03
2016-03-24 12:05:23,7762,wagon,2004,auto,231,fortwo,60000,4,other,smart,yes,2016-03-24,0,26307,2016-04-02 15:20:41
2016-03-12 06:41:45,10246,coupe,2002,manual,105,octavia,150000,11,other,skoda,no,2016-03-12,0,61108,2016-03-31 20:32:02
2016-03-21 23:32:45,18052,small,2006,auto,0,1er,90000,4,gasoline,bmw,,2016-03-21,0,76246,2016-04-08 17:21:23
2016-03-21 11:06:43,19213,other,2015,manual,149,vectra,100000,11,other,opel,no,2016-03-21,0,64130,2016-04-13 14:08:52
2016-03-10 09:04:05,21130,,2009,manual,81,7er,150000,1,petrol,bmw,no,2016-03-10,0,88553,2016-03-31 10:32:28
2016-04-07 17:07:32,7807,sedan,2002,auto,105,,150000,5,other,skoda,no,2016-04-07,0,50515,2016-05-06 20:14:14
2016-03-28 01:46:45,7431,small,2005,auto,178,andere,5000,10,petrol,sonstige_autos,yes,2016-03-28,0,77625,2016-04-04 17:45:24
2016-04-07 13:04:46,14937,coupe,1996,manual,115,ibiza,70000,9,gasoline,seat,,2016-04-07,0,10528,2016-04-22 02:16:16
2016-03-17 20:53:19,0,small,2016,manual,186,panda,150000,10,petrol,fiat,no,2016-03-17,0,19469,2016-04-09 06:16:27
2016-03-29 21:28:18,15237,other,2006,manual,95,2_reihe,5000,7,other,peugeot,no,2016-03-29,0,12069,2016-04-09 05:56:38
2016-03-17 18:46:04,0,other,2002,manual,194,avensis,50000,8,petrol,toyota,no,2016-03-17,0,8685,2016-03-23 07:18:16
2016-04-05 12:00:00,19649,wagon,2005,manual,173,x_reihe,150000,10,gasoline,bmw,,2016-04-05,0,21585,2016-04-11 08:40:50
2016-03-29 07:55:53,29137,convertible,2005,auto,194,yaris,40000,11,other,toyota,,2016-03-29,0,39349,2016-04-02 15:13:24
2016-03-23 16:19:46,14915,,2011,auto,242,a6,100000,1,petrol,audi,yes,2016-03-23,0,31882,2016-04-13 18:43:27
2016-03-13 11:25:41,8593,wagon,2003,manual,0,punto,150000,9,petrol,fiat,,2016-03-13,0,79107,2016-03-14 13:20:05
2016-04-05 13:42:58,34795,suv,2007,auto,61,cooper,70000,4,gasoline,mini,no,2016-04-05,0,58972,2016-04-13 09:30:06
2016-03-24 17:36:55,16657,sedan,2004,manual,227,micra,150000,4,petrol,nissan,no,2016-03-24,0,43236,2016-04-08 22:20:12
2016-03-15 17:26:31,7142,sedan,2006,manual,223,panda,60000,6,gasoline,fiat,yes,2016-03-15,0,4265,2016-04-02 08:49:59
2016-04-06 19:29:07,34467,suv,2010,manual,225,a_klasse,150000,6,gasoline,mercedes_benz,,2016-04-06,0,37775,2016-04-13 13:36:42
2016-03-17 11:43:58,12588,,2005,manual,92,500,150000,4,petrol,fiat,no,2016-03-17,0,42960,2016-03-29 12:56:19
2016-03-15 10:57:05,6510,sedan,2008,manual,179,fabia,150000,12,gasoline,skoda,,2016-03-15,0,92814,2016-04-05 13:07:05
2016-04-06 16:54:40,14370,sedan,2008,manual,132,berlingo,125000,4,other,citroen,no,2016-04-06,0,84583,2016-04-10 02:48:55
2016-03-01 02:58:34,49784,wagon,2016,auto,52,andere,150000,3,electric,sonstige_autos,no,2016-03-01,0,16292,2016-03-17 19:30:42
2016-03-16 13:00:59,25597,small,1800,manual,240,s60,20000,0,gasoline,volvo,no,2016-03-16,0,57959,2016-03-19 22:41:43
2016-03-06 17:42:46,19962,wagon,2014,manual,147,yaris,30000,8,gasoline,toyota,no,2016-03-06,0,93646,2016-03-17 23:56:03
2016-03-06 13:03:39,6705,small,2003,manual,0,zafira,150000,4,petrol,opel,no,2016-03-06,0,57692,2016-03-09 09:21:41
2016-04-03 23:17:08,20925,wagon,2014,manual,151,clubman,100000,3,petrol,mini,no,2016-04-03,0,67723,2016-04-17 19:36:30
2016-03-03 19:50:04,18955,wagon,1998,manual,216,altea,90000,0,,seat,no,2016-03-03,0,74688,2016-03-22 10:05:58
2016-03-22 23:00:05,18792,sedan,2016,manual,114,fabia,150000,6,petrol,skoda,no,2016-03-22,0,88347,2016-03-26 01:12:03
2016-03-19 00:21:24,20478,sedan,2003,manual,186,ka,70000,12,gasoline,ford,no,2016-03-19,0,23763,2016-03-25 06:45:12
2016-03-06 04:16:16,26512,wagon,2013,auto,77,ibiza,150000,9,gasoline,seat,no,2016-03-06,0,10879,2016-03-12 18:12:33
2016-03-19 23:17:12,46007,convertible,2013,manual,248,c4,5000,2,,citroen,no,2016-03-19,0,23185,2016-04-05 01:35:17
2016-04-08 15:00:38,3642,,2011,manual,128,golf,100000,2,gasoline,volkswagen,yes,2016-04-08,0,3863,2016-05-06 03:33:06
2016-03-17 15:46:45,10797,,2009,manual,210,6_reihe,150000,0,other,mazda,no,2016-03-17,0,18605,2016-04-03 04:24:46
2016-04-09 15:25:59,17441,wagon,2015,,143,5er,125000,11,,bmw,no,2016-04-09,0,8832,2016-04-18 19:03:05
2016-04-01 00:35:26,16578,bus,2005,manual,205,panda,90000,10,petrol,fiat,no,2016-04-01,0,99892,2016-04-30 16:10:01
2016-03-18 23:08:27,16304,sedan,2011,manual,185,fortwo,125000,4,gasoline,smart,no,2016-03-18,0,41055,2016-04-15 19:52:55
2016-03-12 19:04:36,7564,sedan,1996,auto,172,500,80000,4,other,fiat,no,2016-03-12,0,96025,2016-04-09 21:03:13
2016-03-03 12:40:46,11951,convertible,1995,manual,216,q5,150000,10,other,audi,no,2016-03-03,0,35424,2016-03-20 10:08:38
2016-03-09 08:23:34,23309,bus,2015,manual,192,s60,150000,1,petrol,volvo,,2016-03-09,0,11563,2016-04-06 16:46:52
2016-04-09 20:22:21,9738,other,2000,manual,146,andere,150000,9,cng,sonstige_autos,no,2016-04-09,0,77088,2016-05-06 21:11:01
2016-03-10 04:04:38,31845,wagon,2015,auto,170,octavia,150000,6,gasoline,skoda,no,2016-03-10,0,99056,2016-03-19 07:08:31
2016-03-30 09:01:56,10626,sedan,1996,manual,159,3_reihe,90000,0,petrol,mazda,,2016-03-30,0,7315,2016-04-29 02:53:29
2016-03-13 10:43:53,32894,convertible,1997,auto,123,twingo,80000,8,hybrid,renault,no,2016-03-13,0,47688,2016-04-04 15:29:06
2016-03-26 09:06:42,13165,bus,2015,manual,246,500,20000,12,petrol,fiat,,2016-03-26,0,6949,2016-04-22 03:18:50
2016-04-07 16:01:53,3885,,2005,manual,205,fiesta,150000,8,other,ford,yes,2016-04-07,0,61597,2016-04-13 11:20:10
2016-03-08 17:50:28,14154,wagon,2013,manual,84,3er,125000,5,petrol,bmw,no,2016-03-08,0,52488,2016-03-14 18:44:06
2016-04-09 16:10:21,14054,,2006,manual,95,mondeo,100000,12,petrol,ford,no,2016-04-09,0,21782,2016-05-02 22:42:13
2016-03-26 17:27:46,20861,other,2005,auto,61,clubman,5000,11,other,mini,no,2016-03-26,0,96859,2016-03-27 00:24:22
2016-03-19 00:56:31,8174,other,2012,manual,47,clubman,100000,8,hybrid,mini,,2016-03-19,0,3076,2016-04-17 12:30:51
2016-04-06 03:00:04,16466,wagon,2000,manual,140,twingo,50000,3,gasoline,renault,no,2016-04-06,0,3894,2016-04-06 11:00:14
2016-03-08 21:39:42,6942,small,1999,manual,130,note,100000,9,gasoline,nissan,no,2016-03-08,0,91301,2016-03-13 12:29:24
2016-03-17 02:56:04,14547,wagon,1998,auto,80,cooper,125000,11,gasoline,mini,no,2016-03-17,0,6103,2016-03-23 21:46:54
2016-03-31 17:37:00,2913,small,2011,manual,164,forfour,150000,0,,smart,yes,2016-03-31,0,61880,2016-04-07 17:33:42
2016-03-06 02:17:36,13011,small,2015,auto,95,insignia,150000,2,,opel,no,2016-03-06,0,95268,2016-03-29 08:49:18
2016-03-15 02:27:47,14359,other,2011,auto,239,tucson,50000,7,gasoline,hyundai,yes,2016-03-15,0,19908,2016-04-10 22:31:50
2016-04-01 19:50:20,8231,wagon,1996,manual,77,v40,150000,5,gasoline,volvo,no,2016-04-01,0,13457,2016-04-19 08:29:03
2016-03-05 08:19:25,15151,small,2002,manual,186,fiesta,80000,7,hybrid,ford,no,2016-03-05,0,84220,2016-03-29 08:46:29
2016-03-04 03:17:41,45997,wagon,2015,auto,145,q5,10000,6,gasoline,audi,no,2016-03-04,0,57761,2016-03-07 06:34:58
2016-03-24 16:16:11,11316,small,2009,manual,130,3er,80000,2,gasoline,bmw,no,2016-03-24,0,70675,2016-04-19 05:48:12
2016-03-09 10:19:19,7807,suv,2012,auto,64,superb,150000,4,gasoline,skoda,,2016-03-09,0,72334,2016-03-11 01:35:54
2016-04-08 08:26:22,4961,coupe,1996,manual,49,2_reihe,150000,8,petrol,mazda,,2016-04-08,0,16631,2016-04-14 18:14:01
2016-04-03 03:42:59,17455,wagon,2016,manual,104,,150000,7,petrol,audi,no,2016-04-03,0,2778,2016-04-17 19:47:11
2016-03-19 19:30:04,5841,suv,1999,manual,94,mondeo,90000,7,gasoline,ford,,2016-03-19,0,87548,2016-04-01 01:01:53
2016-03-15 02:43:32,2538,wagon,1995,manual,129,a4,125000,1,,audi,yes,2016-03-15,0,57277,2016-04-02 00:55:15
2016-03-10 14:19:40,10718,small,2007,manual,176,5_reihe,150000,6,,peugeot,no,2016-03-10,0,30971,2016-03-22 15:34:47
2016-03-18 23:35:24,6994,,2001,manual,190,cooper,125000,10,lpg,mini,,2016-03-18,0,22739,2016-04-16 17:13:35
2016-04-09 09:21:11,12061,wagon,2002,manual,53,q5,150000,12,,audi,no,2016-04-09,0,94413,2016-04-25 03:37:43
2016-03-23 01:45:31,9660,small,2002,manual,140,c_klasse,90000,3,,mercedes_benz,no,2016-03-23,0,31136,2016-04-01 02:02:30
2016-03-12 13:44:18,12851,sedan,2006,manual,175,zafira,150000,5,petrol,opel,,2016-03-12,0,50425,2016-03-25 09:23:19
2016-03-02 04:21:37,10199,wagon,1999,manual,150,scenic,150000,5,gasoline,renault,no,2016-03-02,0,83577,2016-03-20 13:02:38
2016-03-13 13:05:54,29213,coupe,1998,auto,251,golf,90000,12,petrol,volkswagen,no,2016-03-13,0,86310,2016-04-07 07:06:42
2016-03-30 18:00:26,0,bus,2014,manual,197,ka,90000,5,,ford,no,2016-03-30,0,86173,2016-04-07 21:06:05
2016-03-14 05:24:28,6244,small,2002,manual,99,forfour,150000,5,cng,smart,no,2016-03-14,0,87497,2016-04-05 12:10:40
2016-03-13 19:16:30,10070,coupe,2007,auto,250,insignia,150000,0,other,opel,yes,2016-03-13,0,45509,2016-04-12 13:48:18
2016-03-09 05:05:53,11313,bus,2015,manual,211,a4,150000,0,gasoline,audi,yes,2016-03-09,0,53019,2016-03-27 23:33:20
2016-03-21 02:24:18,10116,suv,2003,,102,micra,70000,11,other,nissan,yes,2016-03-21,0,62981,2016-04-13 18:55:30
2016-03-01 22:46:37,31476,wagon,2003,manual,212,c3,150000,4,electric,citroen,,2016-03-01,0,48849,2016-03-28 10:01:04
2016-04-03 16:28:50,17975,other,2006,manual,167,v40,125000,10,gasoline,volvo,no,2016-04-03,0,17504,2016-04-06 17:37:24
2016-03-08 22:18:54,13422,small,2012,auto,70,corolla,125000,10,petrol,toyota,no,2016-03-08,0,35787,2016-03-26 20:14:18
2016-03-16 00:15:18,4672,small,2005,auto,88,,100000,1,gasoline,renault,yes,2016-03-16,0,83467,2016-03-25 09:58:26
2016-03-14 04:39:06,10682,wagon,2003,manual,57,a4,100000,0,petrol,audi,no,2016-03-14,0,55586,2016-04-02 10:56:36
2016-03-22 04:47:22,25426,sedan,2009,auto,73,ibiza,30000,12,petrol,seat,no,2016-03-22,0,73600,2016-03-23 02:11:14
2016-03-26 18:11:42,16517,sedan,2002,manual,236,andere,60000,5,petrol,sonstige_autos,no,2016-03-26,0,47376,2016-04-18 17:00:59
2016-04-07 10:02:09,15369,wagon,1998,manual,210,v40,150000,3,gasoline,volvo,no,2016-04-07,0,98353,2016-04-22 20:38:58
2016-03-12 15:15:39,22038,sedan,2015,manual,147,astra,150000,9,gasoline,opel,,2016-03-12,0,17615,2016-04-04 09:56:50
2016-03-08 11:38:06,12063,wagon,2003,manual,71,v70,60000,0,other,volvo,no,2016-03-08,0,56834,2016-03-25 04:29:38
2016-03-12 18:07:18,15421,sedan,2011,manual,60,corsa,150000,10,gasoline,opel,no,2016-03-12,0,61616,2016-04-02 13:26:53
2016-03-10 15:21:58,10829,small,2013,manual,233,500,125000,0,other,fiat,no,2016-03-10,0,8227,2016-03-22 18:51:19
2016-03-17 14:02:30,10853,sedan,2001,manual,141,7er,150000,2,gasoline,bmw,no,2016-03-17,0,69232,2016-04-15 12:43:54
2016-03-13 02:26:34,26754,convertible,2012,manual,185,corolla,90000,2,,toyota,no,2016-03-13,0,44296,2016-03-17 17:39:53
2016-03-18 04:30:48,6792,wagon,2011,,229,yaris,150000,11,petrol,toyota,yes,2016-03-18,0,76728,2016-04-08 11:43:11
2016-03-21 06:49:37,8938,coupe,1999,auto,172,v40,60000,4,other,volvo,,2016-03-21,0,6252,2016-04-05 05:44:29
2016-03-25 16:49:42,22519,convertible,2012,manual,209,i30,150000,5,gasoline,hyundai,no,2016-03-25,0,82052,2016-04-21 01:42:34
2016-03-04 09:45:58,10080,other,1996,manual,207,passat,80000,5,other,volkswagen,no,2016-03-04,0,23179,2016-03-19 17:55:00
2016-03-14 09:02:57,19463,bus,2001,manual,175,fabia,70000,3,petrol,skoda,no,2016-03-14,0,62938,2016-03-22 08:19:08
2016-03-02 08:05:42,12111,sedan,2004,manual,52,transporter,90000,9,gasoline,volkswagen,no,2016-03-02,0,72676,2016-03-07 13:02:58
2016-03-09 12:32:36,26349,coupe,1999,manual,253,fortwo,10000,9,,smart,no,2016-03-09,0,31143,2016-03-20 01:20:24
2016-03-27 08:32:33,22198,,2005,auto,233,3er,40000,5,cng,bmw,no,2016-03-27,0,88075,2016-03-27 23:47:49
2016-04-02 11:46:32,9744,wagon,2016,manual,218,3er,150000,0,gasoline,bmw,,2016-04-02,0,45811,2016-04-08 06:39:27
2016-03-18 13:56:17,14635,suv,2010,manual,238,c4,100000,6,petrol,citroen,yes,2016-03-18,0,88586,2016-04-05 16:54:41
2016-03-13 01:49:02,4582,sedan,2003,manual,121,2_reihe,100000,10,petrol,peugeot,yes,2016-03-13,0,84332,2016-04-04 16:48:26
2016-03-25 20:20:09,17389,sedan,2005,manual,191,3_reihe,100000,0,gasoline,peugeot,,2016-03-25,0,88059,2016-04-12 12:20:04
2016-03-11 21:03:42,10535,small,2005,manual,176,3_reihe,125000,3,gasoline,mazda,no,2016-03-11,0,5572,2016-04-01 22:39:42
2016-04-01 10:59:41,3669,other,2000,manual,133,a_klasse,125000,5,,mercedes_benz,yes,2016-04-01,0,95657,2016-04-24 22:25:46
2016-03-28 13:07:28,7549,bus,1995,manual,113,c4,125000,12,other,citroen,no,2016-03-28,0,59921,2016-04-17 00:39:20
2016-03-14 00:10:00,10212,coupe,1998,manual,65,focus,150000,1,gasoline,ford,no,2016-03-14,0,98816,2016-04-10 18:40:52
2016-03-04 05:51:41,24372,other,2015,manual,193,polo,125000,8,gasoline,volkswagen,no,2016-03-04,0,34844,2016-03-07 06:30:42
2016-03-28 03:31:05,6469,sedan,2014,manual,117,v70,150000,9,petrol,volvo,yes,2016-03-28,0,75253,2016-04-23 19:57:43
2016-03-15 10:16:32,20244,,2008,manual,0,andere,90000,8,gasoline,sonstige_autos,no,2016-03-15,0,16827,2016-04-07 03:33:42
2016-03-19 12:09:06,17935,sedan,2008,auto,87,tucson,90000,9,petrol,hyundai,no,2016-03-19,0,88751,2016-03-22 18:57:13
2016-03-13 09:44:30,14771,other,2015,auto,54,cooper,70000,12,gasoline,mini,yes,2016-03-13,0,73050,2016-04-09 14:14:37
2016-03-01 14:22:19,26275,bus,2011,manual,0,6_reihe,150000,9,gasoline,mazda,no,2016-03-01,0,61802,2016-03-26 03:07:51
2016-04-03 09:59:19,13299,sedan,2006,manual,134,q5,150000,0,petrol,audi,no,2016-04-03,0,15465,2016-04-15 06:59:35
2016-03-02 12:48:52,0,suv,2001,auto,247,altea,150000,5,gasoline,seat,no,2016-03-02,0,5643,2016-03-18 08:16:12
2016-03-13 16:03:59,12993,other,2008,manual,144,2_reihe,150000,8,gasoline,peugeot,no,2016-03-13,0,85205,2016-04-11 00:27:49
2016-03-13 19:53:30,13793,small,2003,auto,208,tucson,150000,8,,hyundai,no,2016-03-13,0,70352,2016-03-19 17:07:54
2016-03-19 22:38:54,31380,wagon,2008,,62,fortwo,30000,1,gasoline,smart,no,2016-03-19,0,59970,2016-04-10 04:40:04
2016-03-03 11:12:10,6722,small,2009,manual,174,clio,100000,1,electric,renault,yes,2016-03-03,0,65119,2016-03-10 06:07:06
2016-04-07 20:56:12,25774,other,2016,manual,78,fortwo,30000,9,gasoline,smart,,2016-04-07,0,89980,2016-04-08 13:13:58
2016-03-29 19:59:51,16518,small,2013,manual,136,2_reihe,10000,6,petrol,mazda,no,2016-03-29,0,82233,2016-04-04 09:15:31
2016-03-04 14:52:52,26706,convertible,2015,manual,124,andere,70000,4,petrol,sonstige_autos,no,2016-03-04,0,25159,2016-03-14 05:53:21
2016-03-27 18:02:14,20487,suv,2011,manual,139,,125000,8,electric,renault,yes,2016-03-27,0,54717,2016-04-23 08:42:35
2016-03-28 03:53:25,47689,convertible,2016,manual,88,cooper,100000,5,hybrid,mini,no,2016-03-28,0,70113,2016-04-24 05:27:01
2016-03-27 10:53:19,21035,other,2006,auto,140,clubman,125000,8,gasoline,mini,no,2016-03-27,0,85120,2016-03-27 21:08:44
2016-04-07 02:12:12,19799,other,2004,auto,155,1er,125000,8,gasoline,bmw,no,2016-04-07,0,92428,2016-04-27 03:21:58
2016-03-23 23:08:52,32615,convertible,1996,auto,142,fabia,80000,0,gasoline,skoda,no,2016-03-23,0,94808,2016-03-30 01:35:23
2016-03-11 23:54:38,8817,other,2006,manual,241,berlingo,150000,4,gasoline,citroen,yes,2016-03-11,0,2553,2016-04-03 14:26:27
2016-03-24 16:53:52,11021,suv,2001,auto,46,cooper,150000,3,petrol,mini,,2016-03-24,0,65359,2016-03-27 00:23:17
2016-03-29 14:41:13,48204,suv,1996,manual,244,superb,30000,10,hybrid,skoda,no,2016-03-29,0,42212,2016-04-09 05:51:25
2016-03-19 16:07:33,13428,sedan,2010,,65,v70,150000,3,,volvo,,2016-03-19,0,56913,2016-03-23 00:19:41
2016-04-07 18:31:50,13090,,2013,manual,139,forfour,90000,8,gasoline,smart,yes,2016-04-07,0,30478,2016-04-27 21:14:48
2016-03-28 06:14:30,6059,suv,2001,manual,103,2_reihe,150000,8,petrol,peugeot,yes,2016-03-28,0,27182,2016-04-26 02:06:34
2016-04-06 08:10:35,6297,small,1999,manual,221,3er,150000,12,other,bmw,no,2016-04-06,0,99726,2016-04-18 10:53:55
2016-03-17 09:26:48,15944,wagon,2000,auto,181,focus,150000,6,other,ford,no,2016-03-17,0,22254,2016-03-26 23:51:01
2016-03-21 22:07:42,24009,sedan,2009,manual,254,megane,125000,1,gasoline,renault,no,2016-03-21,0,13692,2016-04-02 11:49:01
2016-03-10 19:02:08,20502,sedan,2004,manual,187,andere,100000,6,gasoline,sonstige_autos,no,2016-03-10,0,71013,2016-04-06 08:24:32
2016-03-23 12:14:30,9993,other,1996,manual,193,mondeo,125000,11,petrol,ford,no,2016-03-23,0,6517,2016-04-17 17:23:20
2016-03-06 13:57:21,31202,,1999,auto,152,zafira,80000,4,gasoline,opel,,2016-03-06,0,79081,2016-03-07 02:05:35
2016-03-27 03:40:25,19557,bus,2006,manual,182,cooper,125000,5,other,mini,no,2016-03-27,0,40748,2016-04-22 14:39:24
2016-03-14 03:11:17,15874,sedan,2006,manual,244,,125000,0,gasoline,renault,no,2016-03-14,0,27651,2016-03-30 11:10:32
2016-03-30 00:59:26,38906,convertible,2007,auto,188,tiguan,90000,12,petrol,volkswagen,no,2016-03-30,0,25181,2016-04-07 19:10:08
2016-03-21 00:01:52,19533,coupe,2005,manual,248,x_reihe,150000,9,petrol,bmw,no,2016-03-21,0,27564,2016-03-24 16:07:20
2016-03-22 02:13:07,7669,small,1996,auto,68,,125000,9,,ford,no,2016-03-22,0,39628,2016-03-29 11:07:18
2016-03-17 18:12:20,4070,,2006,manual,94,500,90000,7,other,fiat,no,2016-03-17,0,64416,2016-04-13 10:46:48
2016-03-01 02:28:01,10305,wagon,2001,manual,104,s_klasse,80000,11,,mercedes_benz,no,2016-03-01,0,90862,2016-03-13 10:24:27
2016-04-01 19:59:41,16948,sedan,2010,auto,134,cooper,90000,6,petrol,mini,no,2016-04-01,0,42674,2016-04-03 08:38:18
2016-03-18 11:47:42,19961,other,2012,manual,132,forfour,30000,9,petrol,smart,,2016-03-18,0,72082,2016-03-28 19:29:22
2016-03-02 02:02:16,13795,coupe,2015,auto,84,5_reihe,150000,8,petrol,peugeot,yes,2016-03-02,0,45514,2016-03-22 14:38:12
2016-03-10 09:45:45,14252,sedan,1999,manual,175,tiguan,10000,11,lpg,volkswagen,no,2016-03-10,0,64538,2016-03-12 05:42:01
2016-03-25 14:05:24,16355,convertible,1996,manual,194,clio,100000,3,gasoline,renault,no,2016-03-25,0,98896,2016-04-11 15:31:17
2016-03-05 06:24:30,6931,other,1996,auto,154,2_reihe,125000,12,lpg,mazda,no,2016-03-05,0,6900,2016-03-23 16:40:13
2016-03-09 04:54:52,12099,other,2013,manual,122,2_reihe,125000,7,other,peugeot,no,2016-03-09,0,54702,2016-03-17 14:42:31
2016-03-20 11:43:55,31373,,2008,auto,183,polo,150000,7,gasoline,volkswagen,no,2016-03-20,0,53009,2016-04-07 17:11:53
2016-03-07 15:19:11,13702,bus,2010,manual,106,mondeo,150000,2,petrol,ford,no,2016-03-07,0,3107,2016-03-19 04:43:38
2016-04-05 14:23:17,3420,small,2001,manual,231,scenic,150000,9,petrol,renault,yes,2016-04-05,0,65666,2016-04-30 23:52:11
2016-03-10 12:23:52,20983,other,2005,manual,221,clubman,50000,12,gasoline,mini,no,2016-03-10,0,87895,2016-03-12 16:33:12
2016-03-21 10:54:57,6173,suv,2003,manual,108,5er,80000,5,other,bmw,yes,2016-03-21,0,22524,2016-04-19 02:59:45
2016-03-12 11:41:37,9312,small,1996,manual,224,punto,150000,11,gasoline,fiat,no,2016-03-12,0,84664,2016-03-25 03:51:39
2016-03-04 01:46:25,23684,suv,2004,manual,214,panda,30000,7,other,fiat,no,2016-03-04,0,2708,2016-03-17 10:37:35
2016-03-12 23:31:42,0,coupe,2015,auto,81,3er,150000,3,gasoline,bmw,,2016-03-12,0,51286,2016-03-20 20:48:28
2016-04-01 09:54:39,20621,other,2000,manual,252,3_reihe,60000,5,gasoline,peugeot,no,2016-04-01,0,84644,2016-05-01 02:37:04
2016-03-23 07:33:35,26099,wagon,2013,manual,236,3_reihe,150000,11,gasoline,peugeot,no,2016-03-23,0,29558,2016-04-03 15:51:40
2016-03-26 03:50:18,24397,sedan,2012,auto,209,v40,150000,5,petrol,volvo,no,2016-03-26,0,48563,2016-04-18 00:56:00
2016-03-03 16:18:21,8311,,1998,auto,81,andere,150000,8,,sonstige_autos,,2016-03-03,0,21539,2016-03-05 12:44:57
2016-04-05 08:01:15,22844,wagon,2016,auto,155,qashqai,150000,0,gasoline,nissan,,2016-04-05,0,3769,2016-04-13 08:10:42
2016-04-09 02:53:07,20894,,2009,manual,164,cooper,125000,11,petrol,mini,no,2016-04-09,0,89249,2016-05-04 16:15:37
2016-03-22 02:06:55,10466,small,2013,manual,159,transporter,125000,12,petrol,volkswagen,,2016-03-22,0,70659,2016-04-10 05:06:22
2016-04-08 15:50:34,37909,suv,2000,auto,230,avensis,150000,4,gasoline,toyota,,2016-04-08,0,31000,2016-05-07 03:03:46
2016-03-01 04:41:25,40598,sedan,2013,auto,256,polo,50000,11,gasoline,volkswagen,no,2016-03-01,0,68121,2016-03-02 22:22:52
2016-03-20 20:04:37,10040,sedan,1995,,141,s60,90000,7,petrol,volvo,no,2016-03-20,0,43333,2016-03-29 06:36:34
2016-03-12 14:56:17,19040,bus,1996,auto,248,avensis,150000,7,petrol,toyota,no,2016-03-12,0,90122,2016-04-08 11:00:14
2016-03-24 20:34:18,7037,small,2014,auto,60,c3,125000,11,gasoline,citroen,yes,2016-03-24,0,66940,2016-03-31 00:05:41
2016-03-13 07:30:10,10777,,1996,auto,134,,80000,6,gasoline,mercedes_benz,yes,2016-03-13,0,63547,2016-04-06 10:02:30
2016-04-05 12:31:49,24453,convertible,2001,manual,200,c4,150000,4,gasoline,citroen,no,2016-04-05,0,79448,2016-04-22 20:08:17
2016-03-19 10:09:25,28627,sedan,2013,manual,233,7er,125000,1,gasoline,bmw,,2016-03-19,0,27531,2016-03-25 09:40:12
2016-04-01 18:30:51,26377,,2013,manual,220,punto,150000,11,gasoline,fiat,no,2016-04-01,0,56745,2016-04-28 10:59:49
2016-03-19 07:46:53,4588,sedan,2003,manual,0,cooper,150000,10,petrol,mini,yes,2016-03-19,0,39348,2016-03-20 21:01:16
2016-03-26 14:33:28,9205,small,2005,manual,136,passat,150000,6,gasoline,volkswagen,no,2016-03-26,0,43980,2016-04-04 07:49:45
2016-04-03 07:12:19,13888,,2010,manual,66,c3,40000,0,petrol,citroen,yes,2016-04-03,0,38582,2016-04-12 07:08:58
2016-03-02 01:21:30,26550,other,2015,manual,243,v40,150000,11,gasoline,volvo,,2016-03-02,0,21296,2016-03-12 15:07:28
2016-04-04 07:31:30,0,suv,1996,auto,50,s60,100000,8,petrol,volvo,no,2016-04-04,0,31259,2016-04-23 18:16:07
2016-03-19 05:11:01,8647,other,1999,manual,124,v40,90000,12,other,volvo,no,2016-03-19,0,18490,2016-03-22 14:30:20
2016-03-19 05:10:17,4599,other,1997,manual,151,s_klasse,150000,1,gasoline,mercedes_benz,yes,2016-03-19,0,60205,2016-03-26 15:42:44
2016-03-25 12:42:38,3660,small,2003,manual,122,andere,30000,11,petrol,sonstige_autos,yes,2016-03-25,0,62354,2016-04-24 09:17:02
2016-04-01 14:37:51,8710,sedan,1998,auto,69,corsa,150000,8,lpg,opel,no,2016-04-01,0,99307,2016-04-14 18:46:56
2016-03-02 14:24:55,17196,suv,2007,manual,168,andere,10000,9,gasoline,sonstige_autos,yes,2016-03-02,0,55876,2016-03-16 03:12:35
2016-03-13 14:02:19,14358,sedan,2010,auto,110,3_reihe,100000,0,other,peugeot,no,2016-03-13,0,48440,2016-03-30 07:11:13
2016-03-15 03:02:18,10549,small,2012,manual,179,s60,150000,5,gasoline,volvo,no,2016-03-15,0,38820,2016-03-27 00:45:58
2016-03-12 06:38:29,35446,bus,2016,auto,171,3_reihe,100000,4,petrol,peugeot,,2016-03-12,0,45763,2016-03-26 12:48:32
2016-03-10 04:10:16,27579,convertible,2010,manual,126,v70,150000,4,gasoline,volvo,no,2016-03-10,0,47587,2016-04-08 16:20:11
2016-04-04 00:03:14,11485,sedan,1997,auto,142,corsa,125000,6,other,opel,no,2016-04-04,0,89003,2016-04-13 06:09:13
2016-03-14 20:04:09,23710,wagon,2009,manual,87,corsa,50000,12,gasoline,opel,no,2016-03-14,0,1832,2016-04-04 20:19:09
2016-03-19 07:18:28,11473,small,2005,auto,237,tucson,70000,11,other,hyundai,no,2016-03-19,0,15428,2016-03-30 05:04:03
2016-03-15 14:35:43,12739,small,2016,manual,227,fortwo,90000,1,other,smart,no,2016-03-15,0,45817,2016-04-12 11:49:49
2016-03-16 02:39:36,10264,other,2011,manual,243,fabia,150000,7,gasoline,skoda,yes,2016-03-16,0,88331,2016-04-08 20:14:06
2016-03-12 00:10:15,12348,sedan,1998,manual,134,avensis,70000,7,gasoline,toyota,no,2016-03-12,0,91605,2016-03-24 00:30:08
2016-03-24 17:00:27,11027,sedan,2007,manual,54,s60,150000,11,gasoline,volvo,no,2016-03-24,0,85944,2016-04-04 17:34:56
2016-03-06 19:59:01,17090,small,2012,manual,206,,125000,5,hybrid,volvo,no,2016-03-06,0,52786,2016-03-15 07:59:00
2016-03-10 00:54:00,31613,bus,2000,auto,194,a_klasse,60000,1,petrol,mercedes_benz,no,2016-03-10,0,1425,2016-03-19 09:20:11
2016-03-09 12:48:36,19605,sedan,2016,manual,222,clio,150000,2,,renault,no,2016-03-09,0,21994,2016-04-03 11:41:32
2016-04-03 15:26:09,18812,other,2001,manual,0,twingo,60000,0,petrol,renault,no,2016-04-03,0,22565,2016-04-06 04:33:44
2016-03-07 10:59:37,17383,suv,2013,manual,77,focus,100000,8,petrol,ford,no,2016-03-07,0,28653,2016-03-14 16:24:55
2016-04-01 20:13:55,14317,sedan,2002,manual,108,7er,80000,6,petrol,bmw,no,2016-04-01,0,12551,2016-04-08 15:45:20
2016-03-17 21:59:24,56713,convertible,2014,auto,142,e_klasse,70000,3,gasoline,mercedes_benz,no,2016-03-17,0,80827,2016-03-25 21:24:48
2016-04-07 03:28:20,42298,wagon,2009,auto,112,micra,125000,0,hybrid,nissan,no,2016-04-07,0,71189,2016-04-28 18:08:42
2016-03-18 17:31:31,26513,wagon,2014,manual,137,500,20000,2,petrol,fiat,no,2016-03-18,0,19293,2016-03-21 15:46:23
2016-03-08 00:10:49,21587,other,2006,manual,240,insignia,30000,0,gasoline,opel,no,2016-03-08,0,87461,2016-03-23 01:50:14
2016-03-25 00:29:07,31509,coupe,2010,,83,c4,50000,11,petrol,citroen,no,2016-03-25,0,56070,2016-04-03 02:40:32
2016-03-28 11:11:15,7018,small,2001,manual,123,ka,150000,5,petrol,ford,no,2016-03-28,0,81675,2016-04-19 22:21:10
2016-03-21 01:11:07,17496,suv,2001,manual,111,fabia,100000,8,,skoda,,2016-03-21,0,30892,2016-04-01 05:34:02
2016-03-09 04:59:40,9178,convertible,1998,manual,81,touran,150000,0,petrol,volkswagen,no,2016-03-09,0,28142,2016-04-04 09:40:35
2016-03-23 23:29:53,22097,sedan,2000,auto,170,v40,70000,7,petrol,volvo,,2016-03-23,0,45643,2016-04-10 08:43:05
2016-03-10 01:00:28,12009,other,1998,manual,123,i30,125000,8,gasoline,hyundai,no,2016-03-10,0,13812,2016-03-30 00:01:51
2016-03-25 19:44:57,19174,bus,2001,auto,214,leon,150000,9,other,seat,no,2016-03-25,0,49826,2016-04-07 14:13:16
2016-03-06 13:32:19,16823,coupe,1999,manual,44,clio,90000,2,,renault,no,2016-03-06,0,48309,2016-03-29 17:38:26
2016-03-16 03:25:02,5778,suv,2008,manual,102,2_reihe,150000,11,petrol,mazda,,2016-03-16,0,39389,2016-03-27 12:09:26
2016-04-07 23:18:04,12101,sedan,2002,manual,218,fortwo,150000,2,gasoline,smart,no,2016-04-07,0,34259,2016-05-01 18:11:52
2016-03-04 20:17:47,9687,small,2004,manual,185,2_reihe,150000,3,petrol,peugeot,no,2016-03-04,0,12487,2016-03-19 19:49:00
2016-03-10 17:07:13,16809,small,2008,manual,199,megane,5000,1,gasoline,renault,no,2016-03-10,0,96495,2016-03-16 21:04:21
2016-03-23 09:06:41,23197,small,2011,auto,135,scenic,70000,5,gasoline,renault,,2016-03-23,0,52907,2016-03-28 23:30:09
2016-04-08 10:28:03,35709,suv,2006,manual,245,focus,100000,8,gasoline,ford,no,2016-04-08,0,14344,2016-05-06 06:38:59
2016-03-01 12:43:03,14131,sedan,2011,auto,47,s_klasse,150000,11,gasoline,mercedes_benz,,2016-03-01,0,21574,2016-03-30 23:00:42
2016-03-16 09:32:18,6221,small,2001,manual,155,andere,150000,1,,sonstige_autos,no,2016-03-16,0,54115,2016-04-03 20:04:12
2016-04-03 21:23:54,27954,wagon,1997,auto,184,c4,50000,2,,citroen,no,2016-04-03,0,29037,2016-04-12 06:39:33
2016-03-12 12:28:15,20966,other,2000,auto,186,i20,90000,7,petrol,hyundai,no,2016-03-12,0,50008,2016-03-15 05:05:06
2016-03-12 12:04:50,11577,other,2005,manual,207,superb,150000,4,other,skoda,no,2016-03-12,0,66511,2016-03-30 00:40:39
2016-03-29 10:54:42,80210,suv,2014,auto,230,fortwo,100000,8,gasoline,smart,,2016-03-29,0,86671,2016-04-06 21:11:24
2016-04-04 12:31:49,0,,2000,manual,232,panda,150000,5,hybrid,fiat,yes,2016-04-04,0,48869,2016-04-10 19:54:11
2016-04-09 08:30:41,68235,suv,2014,auto,161,insignia,90000,1,,opel,no,2016-04-09,0,90728,2016-04-13 17:44:27
2016-04-06 00:13:55,2691,sedan,1997,manual,99,avensis,125000,9,petrol,toyota,yes,2016-04-06,0,95652,2016-05-05 19:14:17
2016-04-09 06:52:56,22839,wagon,1999,,174,tiguan,30000,7,other,volkswagen,no,2016-04-09,0,23826,2016-04-14 11:30:38
2016-03-28 13:09:23,9994,small,2008,manual,112,cooper,90000,12,gasoline,mini,no,2016-03-28,0,98898,2016-03-31 12:56:37
2016-03-13 02:54:56,11165,sedan,2012,manual,86,3_reihe,100000,9,hybrid,peugeot,yes,2016-03-13,0,53675,2016-03-21 23:58:07
2016-03-20 00:23:58,12437,sedan,2002,manual,258,3_reihe,150000,4,petrol,peugeot,no,2016-03-20,0,77638,2016-04-18 05:14:46
2016-03-24 17:23:30,24679,wagon,2010,manual,215,forfour,100000,4,petrol,smart,no,2016-03-24,0,65029,2016-04-12 16:55:05
2016-03-06 22:59:40,10999,sedan,1995,auto,208,,150000,8,petrol,citroen,no,2016-03-06,0,93762,2016-03-15 12:28:17
2016-03-07 23:29:51,16214,sedan,2004,auto,215,500,150000,8,petrol,fiat,no,2016-03-07,0,39819,2016-03-25 15:26:25
2016-04-02 16:30:30,0,convertible,2002,auto,115,mondeo,125000,6,petrol,ford,,2016-04-02,0,51324,2016-04-11 18:55:25
2016-03-26 16:28:09,14019,convertible,2010,manual,245,i30,125000,11,gasoline,hyundai,yes,2016-03-26,0,50546,2016-04-19 20:42:04
2016-03-31 07:23:58,19193,wagon,2004,,131,panda,60000,10,gasoline,fiat,no,2016-03-31,0,55197,2016-04-13 19:34:53
2016-03-27 13:59:51,18292,other,2004,manual,0,5_reihe,150000,7,petrol,peugeot,no,2016-03-27,0,19271,2016-04-18 20:43:32
2016-04-04 00:12:44,15983,sedan,2000,auto,63,forfour,150000,7,,smart,no,2016-04-04,0,74917,2016-04-26 14:48:24
2016-03-25 23:15:56,13064,other,2005,manual,94,2_reihe,150000,4,gasoline,mazda,no,2016-03-25,0,58391,2016-04-11 12:54:26
2016-03-19 23:39:56,12291,,1995,auto,221,,150000,7,other,citroen,,2016-03-19,0,54427,2016-04-15 18:33:49
2016-03-10 07:48:20,19779,other,1996,auto,178,7er,125000,12,,bmw,,2016-03-10,0,35321,2016-03-18 22:15:13
2016-03-26 02:53:15,19854,suv,1995,auto,0,zafira,150000,6,gasoline,opel,no,2016-03-26,0,39077,2016-04-21 16:46:14
2016-03-04 00:14:55,4147,small,1997,manual,239,corolla,100000,10,gasoline,toyota,,2016-03-04,0,42057,2016-03-27 22:23:37
2016-04-07 09:04:50,20521,sedan,2012,manual,79,leon,150000,0,gasoline,seat,no,2016-04-07,0,74740,2016-04-16 13:02:58
2016-03-04 04:10:06,11354,small,2012,manual,72,5er,70000,12,gasoline,bmw,no,2016-03-04,0,47956,2016-03-14 16:37:39
2016-03-14 19:31:01,20836,other,2012,manual,172,,125000,5,gasoline,seat,no,2016-03-14,0,1530,2016-03-29 09:48:05
2016-03-18 12:01:03,22843,sedan,2016,auto,140,c_klasse,150000,6,petrol,mercedes_benz,no,2016-03-18,0,60361,2016-03-24 06:05:56
2016-03-01 05:42:25,15647,suv,2004,manual,93,forfour,10000,8,other,smart,no,2016-03-01,0,33059,2016-03-26 03:58:44
2016-03-19 04:15:58,10609,coupe,1995,,121,3_reihe,150000,8,gasoline,mazda,no,2016-03-19,0,36506,2016-03-28 14:42:12
2016-03-21 05:24:55,26013,,2009,manual,177,fortwo,80000,11,gasoline,smart,no,2016-03-21,0,41871,2016-04-02 02:44:56
2016-03-17 00:50:13,6047,wagon,1996,manual,165,6_reihe,150000,1,,mazda,no,2016-03-17,0,59839,2016-03-29 09:29:35
2016-04-08 02:04:44,12158,wagon,1998,manual,182,3_reihe,80000,1,cng,peugeot,,2016-04-08,0,96914,2016-04-20 11:27:54
2016-03-25 02:57:19,18646,suv,2009,manual,152,fabia,90000,6,other,skoda,no,2016-03-25,0,6561,2016-03-29 03:35:29
2016-03-19 00:37:33,12520,other,2009,manual,141,punto,150000,4,petrol,fiat,no,2016-03-19,0,68542,2016-03-29 17:54:11
2016-03-22 13:56:27,18628,wagon,2005,manual,187,ka,125000,10,gasoline,ford,no,2016-03-22,0,37746,2016-03-31 16:56:52
2016-03-31 01:54:02,12293,wagon,2002,manual,229,touran,150000,1,gasoline,volkswagen,no,2016-03-31,0,59142,2016-04-24 16:03:34
2016-03-04 11:38:08,15481,,2000,manual,195,6_reihe,125000,0,gasoline,mazda,no,2016-03-04,0,84877,2016-03-07 11:48:21
2016-03-16 09:30:07,49919,suv,2008,auto,185,e_klasse,20000,12,petrol,mercedes_benz,no,2016-03-16,0,75080,2016-03-31 08:26:29
2016-03-10 21:49:16,12448,small,2015,,48,forfour,125000,12,gasoline,smart,no,2016-03-10,0,59972,2016-03-15 01:43:09
2016-03-26 08:20:18,43830,suv,2008,manual,139,v40,5000,2,gasoline,volvo,no,2016-03-26,0,80122,2016-04-11 16:10:28
2016-03-21 23:10:03,14304,small,1998,manual,231,fiesta,70000,9,gasoline,ford,no,2016-03-21,0,98127,2016-04-02 13:52:05
2016-03-08 11:42:52,16122,,2016,manual,153,mondeo,150000,2,gasoline,ford,no,2016-03-08,0,96247,2016-04-04 05:05:45
2016-03-18 14:41:30,20065,sedan,2012,manual,141,,40000,10,gasoline,smart,no,2016-03-18,0,77151,2016-04-08 18:45:15
2016-03-01 07:49:59,29538,other,2014,auto,181,scenic,50000,8,petrol,renault,no,2016-03-01,0,44196,2016-03-17 12:57:52
2016-03-10 09:35:47,12107,bus,2001,manual,202,5er,150000,5,,bmw,,2016-03-10,0,68240,2016-04-04 15:39:55
2016-03-21 06:41:27,2160,sedan,1998,manual,52,v40,125000,10,other,volvo,yes,2016-03-21,0,31799,2016-04-17 18:47:22
2016-03-21 18:43:23,13725,other,2011,,187,7er,125000,4,cng,bmw,no,2016-03-21,0,89461,2016-03-31 19:42:13
2016-04-09 01:15:47,23960,sedan,2014,auto,254,leon,70000,8,petrol,seat,no,2016-04-09,0,39403,2016-04-17 22:08:30
2016-04-04 05:00:34,39337,sedan,2013,auto,175,s_klasse,150000,5,hybrid,mercedes_benz,no,2016-04-04,0,19513,2016-04-06 18:27:12
2016-03-25 15:36:10,18881,other,1997,manual,89,panda,30000,8,hybrid,fiat,no,2016-03-25,0,29018,2016-04-23 10:05:11
2016-04-05 14:59:45,9389,small,2006,manual,258,c3,100000,12,other,citroen,no,2016-04-05,0,65277,2016-04-07 00:41:03
2016-04-06 08:14:49,11697,small,2010,,259,golf,90000,6,petrol,volkswagen,no,2016-04-06,0,47377,2016-04-22 18:46:51
2016-03-16 23:01:46,30512,other,2005,auto,0,s60,20000,2,gasoline,volvo,,2016-03-16,0,18080,2016-03-26 21:26:30
2016-04-04 07:13:44,9311,wagon,1998,manual,170,focus,125000,12,other,ford,,2016-04-04,0,43639,2016-04-22 03:26:11
2016-03-02 14:20:02,16925,coupe,2001,manual,194,6_reihe,150000,12,petrol,mazda,,2016-03-02,0,68942,2016-04-01 02:41:08
2016-04-07 22:01:50,10219,small,2004,manual,247,micra,150000,4,petrol,nissan,no,2016-04-07,0,33224,2016-04-17 10:59:29
2016-04-03 13:36:03,7592,wagon,2006,manual,237,note,150000,7,other,nissan,yes,2016-04-03,0,25105,2016-04-17 11:04:46
2016-03-15 13:50:43,11356,other,2006,manual,65,panda,70000,12,petrol,fiat,no,2016-03-15,0,82071,2016-03-25 16:30:22
2016-03-14 17:18:27,6323,bus,2007,auto,104,leon,150000,9,petrol,seat,yes,2016-03-14,0,2189,2016-03-29 02:10:56
2016-03-31 19:45:29,7250,small,1996,auto,140,superb,150000,0,,skoda,no,2016-03-31,0,80805,2016-04-23 11:05:06
2016-03-07 07:46:28,17590,small,2005,auto,0,fortwo,40000,6,gasoline,smart,no,2016-03-07,0,60580,2016-03-10 06:09:09
2016-03-09 16:19:13,18812,other,1995,manual,191,tucson,60000,5,gasoline,hyundai,,2016-03-09,0,58214,2016-03-25 08:16:06
2016-03-28 05:08:39,11933,wagon,1999,manual,45,cooper,100000,0,gasoline,mini,no,2016-03-28,0,50949,2016-04-17 09:20:07
2016-03-14 16:24:39,0,other,2015,manual,92,andere,150000,4,gasoline,sonstige_autos,no,2016-03-14,0,24229,2016-03-27 01:07:01
2016-03-23 01:59:32,21791,,2012,manual,115,i20,50000,12,petrol,hyundai,no,2016-03-23,0,47374,2016-04-07 05:39:21
2016-03-12 21:32:27,11681,coupe,1999,manual,98,a3,125000,6,petrol,audi,no,2016-03-12,0,68436,2016-03-31 13:29:12
2016-03-13 13:54:16,6470,small,2009,manual,100,note,150000,3,petrol,nissan,no,2016-03-13,0,19020,2016-03-25 16:57:35
2016-03-23 01:29:57,11412,small,2011,,129,leon,150000,0,gasoline,seat,no,2016-03-23,0,95722,2016-04-07 13:50:02
2016-04-01 18:57:07,10374,sedan,2001,manual,143,berlingo,150000,0,lpg,citroen,,2016-04-01,0,25598,2016-04-07 06:57:42
2016-03-08 09:56:07,22319,sedan,2015,manual,162,q5,150000,8,gasoline,audi,,2016-03-08,0,76916,2016-03-23 16:00:29
2016-03-08 14:00:51,22290,bus,2011,manual,179,micra,125000,12,petrol,nissan,no,2016-03-08,0,88064,2016-04-05 08:41:41
2016-03-10 07:58:22,20619,suv,2010,manual,119,note,125000,5,gasoline,nissan,,2016-03-10,0,89221,2016-03-23 06:38:48
2016-03-22 15:12:34,30765,sedan,2012,manual,247,2_reihe,50000,10,gasoline,peugeot,no,2016-03-22,0,93480,2016-04-03 06:02:35
2016-03-30 17:47:28,8732,wagon,1998,manual,245,ibiza,70000,10,gasoline,seat,,2016-03-30,0,60180,2016-04-05 02:57:19
2016-03-29 06:30:11,27949,wagon,2004,manual,104,a3,10000,0,gasoline,audi,no,2016-03-29,0,21616,2016-04-24 23:56:37
2016-03-13 12:25:58,4549,sedan,1998,manual,47,i30,150000,12,other,hyundai,no,2016-03-13,0,68169,2016-03-15 14:28:20
2016-03-07 06:45:10,11036,,2011,manual,171,mondeo,150000,0,gasoline,ford,yes,2016-03-07,0,77909,2016-03-13 05:25:58
2016-03-20 19:13:45,7907,suv,2005,manual,84,a_klasse,80000,3,petrol,mercedes_benz,yes,2016-03-20,0,31443,2016-03-27 03:44:20
2016-03-30 20:34:33,24107,bus,2014,manual,179,ka,150000,0,gasoline,ford,no,2016-03-30,0,92730,2016-04-21 10:09:08
2016-03-25 16:46:05,4014,small,1997,manual,65,andere,150000,4,gasoline,sonstige_autos,,2016-03-25,0,56699,2016-03-29 02:39:18
2016-03-05 09:26:09,8487,small,1999,auto,98,astra,150000,7,gasoline,opel,,2016-03-05,0,28739,2016-04-01 11:26:55
2016-04-09 17:11:58,19452,coupe,1998,auto,96,punto,150000,7,,fiat,no,2016-04-09,0,22431,2016-04-16 10:11:49
2016-03-09 13:32:50,18005,convertible,2012,manual,95,v40,150000,8,gasoline,volvo,no,2016-03-09,0,80814,2016-03-21 14:48:19
2016-03-22 01:40:38,8356,small,2000,,62,c_klasse,150000,12,gasoline,mercedes_benz,no,2016-03-22,0,77025,2016-03-31 02:35:46
2016-03-31 07:43:38,23543,other,1999,auto,49,v70,30000,11,gasoline,volvo,no,2016-03-31,0,27434,2016-04-20 23:55:42
2016-03-11 20:56:19,7457,small,2000,manual,153,andere,40000,6,other,sonstige_autos,no,2016-03-11,0,44635,2016-03-20 16:08:13
2016-03-27 22:36:49,23009,other,1998,auto,179,altea,90000,8,gasoline,seat,no,2016-03-27,0,85193,2016-04-10 13:51:04
2016-04-07 04:11:34,23770,other,2014,manual,198,megane,150000,11,gasoline,renault,no,2016-04-07,0,35414,2016-04-30 12:38:51
2016-03-05 15:13:06,17010,wagon,1999,auto,254,yaris,125000,3,other,toyota,no,2016-03-05,0,80347,2016-03-29 01:43:00
2016-03-12 03:07:29,23522,other,2004,auto,241,zafira,150000,11,gasoline,opel,no,2016-03-12,0,10964,2016-03-20 10:10:08
2016-03-21 10:06:33,7276,suv,1997,manual,238,ka,100000,5,other,ford,yes,2016-03-21,0,32027,2016-04-17 17:17:33
2016-03-06 22:43:41,9375,wagon,1995,manual,220,micra,150000,12,other,nissan,no,2016-03-06,0,58183,2016-04-04 20:01:03
2016-03-20 20:36:19,16186,,2004,auto,45,andere,100000,2,lpg,sonstige_autos,no,2016-03-20,0,23152,2016-03-30 22:22:12
2016-03-11 18:39:42,9540,small,2003,manual,111,1er,125000,0,gasoline,bmw,no,2016-03-11,0,46628,2016-04-02 04:36:08
2016-03-04 13:35:40,10301,,2014,manual,102,clubman,60000,7,petrol,mini,,2016-03-04,0,24128,2016-03-09 05:38:03
2016-04-01 06:59:26,5160,wagon,2013,,103,s60,125000,5,other,volvo,yes,2016-04-01,0,79917,2016-04-13 08:38:29
2016-03-12 00:56:19,5457,,2001,manual,185,andere,150000,6,,sonstige_autos,,2016-03-12,0,5634,2016-03-22 09:41:00
2016-03-11 13:56:42,11943,small,2007,manual,236,i20,80000,7,petrol,hyundai,no,2016-03-11,0,16786,2016-03-31 21:44:19
2016-04-08 09:25:29,30357,other,2015,manual,147,c_klasse,150000,9,electric,mercedes_benz,no,2016-04-08,0,14457,2016-05-06 04:30:59
2016-03-25 10:24:59,9216,sedan,1995,auto,98,fortwo,150000,5,gasoline,smart,no,2016-03-25,0,52220,2016-04-04 10:27:57
2016-03-23 09:42:41,7789,sedan,1999,manual,177,i30,125000,3,petrol,hyundai,,2016-03-23,0,80359,2016-04-17 23:30:24
2016-03-30 18:52:32,22212,sedan,2009,auto,41,berlingo,70000,6,petrol,citroen,no,2016-03-30,0,14348,2016-04-20 12:16:50
2016-03-10 20:02:08,19933,coupe,2008,manual,87,i20,60000,11,other,hyundai,no,2016-03-10,0,4782,2016-04-06 23:49:28
2016-03-14 08:32:34,12293,wagon,2001,manual,93,,125000,10,gasoline,bmw,no,2016-03-14,0,28132,2016-03-21 15:39:37
2016-03-28 03:19:24,10457,small,1997,,132,yaris,5000,9,gasoline,toyota,no,2016-03-28,0,5441,2016-04-25 11:12:16
2016-03-16 05:52:09,13135,,2012,manual,219,tucson,10000,9,,hyundai,no,2016-03-16,0,89128,2016-04-08 13:32:27
2016-03-05 09:06:11,31857,convertible,2009,auto,241,berlingo,100000,0,other,citroen,no,2016-03-05,0,88441,2016-03-14 03:08:10
2016-04-01 07:30:57,19875,other,1995,auto,97,5_reihe,70000,5,electric,peugeot,no,2016-04-01,0,98304,2016-04-24 10:10:39
2016-03-30 10:45:55,6831,sedan,1997,,200,5er,150000,6,gasoline,bmw,,2016-03-30,0,70123,2016-04-23 06:47:49
2016-03-06 02:04:12,3117,small,2003,manual,254,transporter,150000,10,petrol,volkswagen,yes,2016-03-06,0,51595,2016-03-18 12:44:06
2016-03-17 01:32:34,16816,sedan,2012,manual,142,corsa,100000,8,petrol,opel,no,2016-03-17,0,22735,2016-04-13 01:43:31
2016-03-18 14:41:05,27692,coupe,2001,auto,194,avensis,100000,2,lpg,toyota,no,2016-03-18,0,27276,2016-03-25 06:23:22
2016-03-04 06:48:33,19001,bus,2006,manual,162,i30,90000,3,gasoline,hyundai,no,2016-03-04,0,6015,2016-03-06 00:29:08
2016-03-15 03:28:58,10582,other,2010,auto,200,vectra,125000,3,gasoline,opel,yes,2016-03-15,0,76634,2016-03-15 17:23:15
2016-03-18 12:26:09,12910,sedan,2012,auto,0,andere,125000,9,,sonstige_autos,,2016-03-18,0,61783,2016-03-24 21:50:21
2016-03-25 12:13:46,10146,suv,2009,auto,127,superb,150000,12,petrol,skoda,yes,2016-03-25,0,69373,2016-04-14 06:45:14
2016-03-29 12:08:13,23549,wagon,2013,manual,84,5_reihe,90000,5,gasoline,peugeot,no,2016-03-29,0,78010,2016-04-10 07:43:46
2016-03-12 08:24:44,23327,,2003,manual,129,fortwo,5000,10,petrol,smart,no,2016-03-12,0,87788,2016-03-24 18:42:39
2016-03-11 01:40:55,9260,suv,2004,auto,42,,150000,1,petrol,nissan,yes,2016-03-11,0,46141,2016-04-09 15:10:42
2016-03-09 20:50:10,6830,small,2001,manual,0,zafira,100000,8,petrol,opel,no,2016-03-09,0,42065,2016-03-12 01:31:31
2016-03-02 18:11:50,22731,small,2008,auto,259,c4,70000,12,gasoline,citroen,no,2016-03-02,0,52925,2016-03-22 17:11:46
2016-04-03 11:35:21,3180,small,1997,manual,173,ibiza,50000,6,other,seat,yes,2016-04-03,0,81491,2016-05-02 23:23:28
2016-03-04 23:18:41,5591,convertible,2001,manual,113,fabia,150000,2,petrol,skoda,,2016-03-04,0,65720,2016-03-05 03:18:53
2016-03-19 18:09:43,11281,,1995,manual,122,octavia,10000,8,gasoline,skoda,no,2016-03-19,0,75312,2016-04-04 09:04:38
2016-03-09 16:00:17,5230,small,2010,manual,50,andere,5000,10,gasoline,sonstige_autos,yes,2016-03-09,0,36026,2016-03-31 10:44:21
2016-03-05 08:32:21,15195,coupe,2016,manual,47,octavia,90000,7,other,skoda,no,2016-03-05,0,60378,2016-04-03 09:11:00
2016-03-17 01:09:33,12627,small,2011,manual,82,a1,30000,11,gasoline,audi,,2016-03-17,0,59622,2016-04-08 17:18:02
2016-04-03 23:25:10,12664,small,2007,manual,78,tucson,90000,11,hybrid,hyundai,,2016-04-03,0,28240,2016-04-09 13:16:08
2016-03-22 12:49:18,14446,,2012,manual,48,berlingo,80000,12,other,citroen,no,2016-03-22,0,18944,2016-04-15 11:14:23
2016-03-24 05:00:55,19823,suv,2008,manual,122,note,125000,11,,nissan,no,2016-03-24,0,16241,2016-04-17 01:15:00
2016-03-22 17:30:49,9515,bus,1997,manual,81,5er,150000,3,gasoline,bmw,no,2016-03-22,0,15712,2016-03-26 17:49:24
2016-03-05 23:20:26,16943,sedan,2013,manual,104,5_reihe,125000,0,petrol,peugeot,,2016-03-05,0,8934,2016-03-18 01:04:38
2016-03-07 09:01:03,11719,wagon,1997,manual,138,1er,150000,2,gasoline,bmw,no,2016-03-07,0,25629,2016-03-24 22:46:40
2016-04-01 06:31:19,10607,other,2015,auto,137,octavia,150000,12,petrol,skoda,,2016-04-01,0,58058,2016-04-23 13:10:23
2016-03-31 22:57:28,16970,small,2016,auto,46,2_reihe,50000,7,other,peugeot,,2016-03-31,0,92927,2016-04-28 22:04:18
2016-03-31 22:33:38,11790,suv,2002,manual,94,1er,150000,11,,bmw,,2016-03-31,0,94166,2016-04-18 00:01:35
2016-03-12 03:27:26,36437,convertible,2015,manual,233,fortwo,80000,12,other,smart,no,2016-03-12,0,45931,2016-03-17 05:35:48
2016-03-07 20:04:12,8486,wagon,1999,manual,219,fortwo,100000,10,gasoline,smart,yes,2016-03-07,0,21626,2016-03-27 06:02:35
2016-03-18 11:57:32,23654,wagon,2009,auto,132,,150000,11,gasoline,opel,no,2016-03-18,0,7759,2016-04-01 03:57:41
2016-03-11 02:27:10,35336,suv,2013,manual,171,3_reihe,100000,2,,peugeot,no,2016-03-11,0,65964,2016-04-08 00:39:37
2016-03-25 21:18:09,17836,sedan,2007,manual,68,octavia,5000,8,gasoline,skoda,no,2016-03-25,0,18761,2016-04-03 13:19:06
2016-03-20 19:28:43,17869,other,1999,manual,242,ibiza,30000,9,gasoline,seat,,2016-03-20,0,99704,2016-04-18 21:42:36
2016-03-04 22:52:36,17304,,2016,manual,46,,150000,11,other,hyundai,no,2016-03-04,0,70086,2016-03-11 01:41:21
2016-03-21 02:30:11,17257,,2003,,73,andere,100000,1,gasoline,sonstige_autos,no,2016-03-21,0,82144,2016-03-25 20:58:20
2016-03-27 19:45:19,10790,sedan,2004,manual,0,q5,70000,6,gasoline,audi,no,2016-03-27,0,55811,2016-03-31 07:08:52
2016-04-05 19:38:37,14526,sedan,1999,manual,162,v40,150000,10,gasoline,volvo,no,2016-04-05,0,10363,2016-04-06 17:40:55
2016-03-19 00:50:54,12731,other,2000,manual,193,zafira,150000,4,gasoline,opel,no,2016-03-19,0,70548,2016-04-16 11:31:47
2016-04-01 12:34:25,13229,sedan,1998,manual,208,corolla,40000,3,other,toyota,no,2016-04-01,0,61661,2016-04-05 08:34:11
2016-04-02 16:56:38,5956,small,1999,manual,84,i30,90000,0,,hyundai,no,2016-04-02,0,43113,2016-04-23 23:02:13
2016-04-01 02:03:50,20742,sedan,2006,manual,167,s60,150000,4,hybrid,volvo,no,2016-04-01,0,94316,2016-04-11 10:12:03
2016-03-23 06:24:37,13705,wagon,1998,manual,224,fabia,90000,12,petrol,skoda,no,2016-03-23,0,38636,2016-04-15 13:29:08
2016-03-30 03:18:17,40741,coupe,2005,auto,227,3_reihe,150000,4,gasoline,peugeot,no,2016-03-30,0,18097,2016-04-05 02:45:53
2016-03-01 07:24:27,9040,small,1998,auto,217,a_klasse,100000,5,petrol,mercedes_benz,no,2016-03-01,0,55432,2016-03-07 18:34:11
2016-03-02 11:47:44,18385,,2014,manual,140,twingo,90000,1,petrol,renault,no,2016-03-02,0,2140,2016-03-16 02:15:19
2016-03-02 20:41:37,9241,suv,1997,manual,126,,100000,3,gasoline,volvo,yes,2016-03-02,0,26846,2016-03-24 15:04:38
2016-03-19 23:30:48,11513,suv,1995,manual,80,fabia,90000,3,petrol,skoda,no,2016-03-19,0,67431,2016-04-11 20:02:26
2016-03-14 20:18:21,23615,sedan,2012,manual,222,v70,150000,4,gasoline,volvo,no,2016-03-14,0,38890,2016-04-07 07:23:42
2016-03-06 12:57:51,3783,other,1995,,58,mondeo,150000,5,other,ford,no,2016-03-06,0,73297,2016-03-21 08:39:47
2016-03-12 01:16:56,12515,other,1996,manual,74,fortwo,30000,7,hybrid,smart,,2016-03-12,0,96965,2016-03-20 16:00:39
2016-04-01 06:09:51,17808,other,2013,auto,168,tucson,150000,11,other,hyundai,no,2016-04-01,0,23069,2016-04-19 03:53:23
2016-03-04 12:50:00,13727,wagon,2001,manual,192,v70,150000,4,gasoline,volvo,,2016-03-04,0,35018,2016-03-13 23:05:52
2016-03-19 22:37:23,14391,convertible,1998,manual,184,passat,125000,0,petrol,volkswagen,no,2016-03-19,0,3481,2016-04-08 10:48:26
2016-04-09 11:10:48,9787,small,2003,manual,109,,5000,4,other,volkswagen,no,2016-04-09,0,76639,2016-04-28 21:54:03
2016-04-05 03:33:48,2672,small,1997,auto,150,forfour,150000,3,other,smart,yes,2016-04-05,0,89381,2016-04-26 07:27:43
2016-03-11 14:15:56,28509,other,2004,manual,197,cooper,80000,9,hybrid,mini,no,2016-03-11,0,2172,2016-03-18 05:46:07
2016-03-30 10:50:22,7519,sedan,2003,manual,51,avensis,150000,5,petrol,toyota,no,2016-03-30,0,62608,2016-04-11 06:48:17
2016-03-30 10:23:58,8691,sedan,1997,manual,100,leon,150000,12,gasoline,seat,no,2016-03-30,0,7576,2016-04-07 12:40:01
2016-03-29 06:36:17,10189,small,2005,manual,51,leon,150000,8,hybrid,seat,,2016-03-29,0,97839,2016-03-30 15:36:52
2016-04-04 20:18:05,6820,small,1996,auto,229,a4,70000,11,other,audi,no,2016-04-04,0,52313,2016-05-04 11:44:06
2016-03-11 05:51:07,13206,bus,1996,manual,87,c_klasse,150000,10,electric,mercedes_benz,,2016-03-11,0,15098,2016-03-13 09:02:59
2016-04-01 00:20:21,5603,suv,1995,manual,104,superb,150000,4,gasoline,skoda,,2016-04-01,0,67390,2016-04-19 20:58:46
2016-03-04 16:08:11,6026,small,1995,auto,65,,30000,1,petrol,volkswagen,,2016-03-04,0,62362,2016-03-27 14:17:50
2016-03-05 11:23:30,13631,,2008,manual,105,twingo,125000,11,gasoline,renault,no,2016-03-05,0,43349,2016-03-05 16:28:43
2016-03-26 19:41:44,26014,,2002,auto,56,clubman,70000,9,gasoline,mini,,2016-03-26,0,82476,2016-04-04 13:31:03
2016-03-30 13:06:11,33217,suv,2010,manual,160,forfour,100000,2,gasoline,smart,no,2016-03-30,0,83314,2016-04-13 17:53:05
2016-03-03 15:15:51,17907,other,2002,manual,249,superb,150000,12,,skoda,no,2016-03-03,0,68143,2016-03-23 07:28:36
2016-03-15 05:16:46,31836,convertible,2006,manual,188,c3,150000,2,gasoline,citroen,no,2016-03-15,0,53749,2016-03-16 02:16:32
2016-03-22 02:08:08,11080,small,2011,manual,138,note,150000,6,other,nissan,,2016-03-22,0,22624,2016-03-30 03:51:46
2016-03-10 00:03:37,9978,small,1999,,133,6_reihe,150000,9,electric,mazda,no,2016-03-10,0,27068,2016-03-11 14:19:43
2016-03-26 19:51:02,18744,suv,1997,auto,44,c4,80000,2,gasoline,citroen,no,2016-03-26,0,8777,2016-04-18 16:04:48
2016-03-23 07:30:30,0,small,1995,manual,117,fortwo,40000,10,hybrid,smart,yes,2016-03-23,0,47833,2016-04-21 19:33:12
2016-04-01 00:01:32,4083,small,2002,manual,78,cooper,150000,6,petrol,mini,no,2016-04-01,0,28442,2016-04-09 04:30:59
2016-04-09 23:35:34,46881,convertible,2010,manual,60,s60,30000,12,,volvo,,2016-04-09,0,18770,2016-04-28 10:20:30
2016-03-24 18:28:25,10763,suv,2014,manual,60,clio,150000,0,gasoline,renault,,2016-03-24,0,86856,2016-04-20 19:37:41
2016-03-07 03:51:50,10023,small,2004,manual,50,altea,40000,6,,seat,no,2016-03-07,0,47103,2016-03-15 17:10:54
2016-03-11 07:14:57,2258,sedan,1996,,162,superb,125000,3,petrol,skoda,,2016-03-11,0,67560,2016-03-26 15:55:45
2016-03-28 17:40:34,24783,other,2013,manual,58,tucson,5000,7,gasoline,hyundai,no,2016-03-28,0,13867,2016-04-06 12:39:30
2016-03-23 18:45:26,20317,wagon,2010,manual,100,micra,150000,1,gasoline,nissan,no,2016-03-23,0,90821,2016-04-12 04:09:32
2016-03-16 19:58:03,25331,other,2016,manual,210,fortwo,90000,5,petrol,smart,no,2016-03-16,0,97498,2016-03-30 00:43:45
2016-03-10 01:08:46,5624,bus,1996,manual,54,scenic,125000,8,gasoline,renault,no,2016-03-10,0,60555,2016-03-26 20:01:35
2016-04-08 14:52:41,6763,small,1995,manual,222,astra,150000,7,gasoline,opel,no,2016-04-08,0,77912,2016-04-12 19:49:37
2016-03-13 17:23:19,4240,small,2012,manual,101,3er,150000,10,gasoline,bmw,yes,2016-03-13,0,61550,2016-03-18 05:18:03
2016-03-19 09:05:33,18191,coupe,2006,manual,59,panda,150000,1,gasoline,fiat,no,2016-03-19,0,84843,2016-04-18 05:42:38
2016-03-07 07:09:04,0,wagon,2014,manual,226,clubman,150000,1,petrol,mini,,2016-03-07,0,21641,2016-03-31 20:00:34
2016-03-22 07:51:06,7609,small,2005,manual,186,a_klasse,150000,4,other,mercedes_benz,no,2016-03-22,0,13180,2016-04-04 19:53:35
2016-03-10 19:34:42,16694,coupe,2001,auto,46,a4,125000,7,gasoline,audi,no,2016-03-10,0,71923,2016-04-06 13:50:09
2016-03-11 15:18:37,30180,sedan,2016,auto,154,,150000,7,gasoline,mercedes_benz,,2016-03-11,0,99130,2016-03-12 08:10:23
2016-03-09 07:45:20,30421,,2010,manual,96,mondeo,70000,10,hybrid,ford,no,2016-03-09,0,48464,2016-03-24 19:48:59
2016-03-24 10:59:47,38642,coupe,2014,manual,136,3_reihe,125000,10,hybrid,mazda,no,2016-03-24,0,4147,2016-04-22 09:39:49
2016-03-06 10:30:16,18369,small,2010,auto,118,note,50000,0,gasoline,nissan,no,2016-03-06,0,17368,2016-03-16 00:00:04
2016-03-15 17:01:43,14780,convertible,2016,manual,103,2_reihe,10000,0,,mazda,yes,2016-03-15,0,7448,2016-04-02 22:33:35
2016-03-17 07:23:04,21432,other,2008,manual,237,2_reihe,150000,0,gasoline,peugeot,no,2016-03-17,0,91215,2016-03-23 06:41:39
2016-03-01 07:37:26,20484,,2008,manual,229,e_klasse,60000,6,gasoline,mercedes_benz,no,2016-03-01,0,36802,2016-03-01 09:20:30
2016-03-06 17:11:18,14819,sedan,2009,manual,65,scenic,125000,6,gasoline,renault,no,2016-03-06,0,79528,2016-03-17 08:56:54
2016-03-02 17:52:46,8044,coupe,2002,manual,189,cooper,100000,5,,mini,yes,2016-03-02,0,5122,2016-03-03 00:09:57
2016-04-08 23:54:09,10416,sedan,2006,manual,161,scenic,150000,0,other,renault,no,2016-04-08,0,70842,2016-04-09 03:51:32
2016-04-02 23:03:12,12912,sedan,2009,,112,insignia,150000,5,gasoline,opel,,2016-04-02,0,70548,2016-04-14 14:13:17
2016-03-16 14:10:23,16112,wagon,2004,auto,237,,150000,7,other,hyundai,no,2016-03-16,0,24258,2016-04-02 16:59:33
2016-03-13 21:06:35,14087,suv,1996,manual,222,v40,150000,12,other,volvo,no,2016-03-13,0,13645,2016-03-14 03:06:15
2016-03-28 17:15:00,12484,suv,2003,manual,87,twingo,125000,9,,renault,no,2016-03-28,0,20786,2016-04-27 02:46:56
2016-03-02 21:40:06,12100,other,2006,manual,200,astra,150000,3,other,opel,no,2016-03-02,0,52707,2016-03-30 05:12:25
2016-03-11 13:55:26,10719,small,1997,auto,259,v70,60000,3,other,volvo,no,2016-03-11,0,22186,2016-03-29 13:29:09
2016-03-21 15:29:14,8590,small,2004,manual,115,a4,125000,2,gasoline,audi,no,2016-03-21,0,86340,2016-04-01 19:10:05
2016-03-19 07:33:40,10321,sedan,2001,auto,125,ibiza,150000,2,other,seat,no,2016-03-19,0,4955,2016-04-03 12:34:13
2016-03-01 05:20:52,60370,wagon,2016,auto,236,i30,40000,3,gasoline,hyundai,no,2016-03-01,0,53682,2016-03-08 04:55:36
2016-04-04 17:24:26,15289,coupe,1999,manual,174,yaris,80000,9,other,toyota,no,2016-04-04,0,37200,2016-04-20 10:16:21
2016-03-19 12:19:19,13665,other,1999,manual,176,superb,150000,8,gasoline,skoda,no,2016-03-19,0,79376,2016-03-23 16:58:53
2016-04-05 17:54:55,28178,sedan,2014,auto,170,5er,150000,2,petrol,bmw,,2016-04-05,0,59252,2016-05-04 10:05:49
2016-03-28 10:32:25,12201,sedan,1998,manual,205,avensis,150000,6,gasoline,toyota,no,2016-03-28,0,16628,2016-04-19 13:39:54
2016-03-10 20:34:02,21784,convertible,2001,auto,81,500,150000,2,,fiat,no,2016-03-10,0,39395,2016-03-22 19:00:00
2016-03-06 12:37:28,10980,wagon,1995,manual,141,avensis,90000,12,gasoline,toyota,no,2016-03-06,0,45198,2016-03-20 12:22:48
2016-03-23 01:05:53,14118,,2016,manual,112,yaris,100000,11,gasoline,toyota,no,2016-03-23,0,6387,2016-03-23 20:17:48
2016-04-02 12:01:05,15492,,2009,manual,183,,125000,6,other,peugeot,no,2016-04-02,0,66004,2016-04-24 09:27:23
2016-03-19 00:27:18,15550,small,2014,auto,69,leon,100000,6,,seat,no,2016-03-19,0,27506,2016-03-29 03:16:03
2016-03-15 21:28:12,7857,coupe,1997,manual,66,leon,125000,12,cng,seat,no,2016-03-15,0,24797,2016-03-22 20:55:38
2016-04-02 00:54:01,24892,sedan,2002,auto,248,qashqai,150000,11,gasoline,nissan,no,2016-04-02,0,70210,2016-04-08 11:21:37
2016-04-03 03:24:28,6519,small,1999,manual,127,octavia,70000,9,petrol,skoda,no,2016-04-03,0,81173,2016-04-16 13:31:37
2016-04-01 14:13:56,15685,sedan,2008,manual,210,a_klasse,70000,8,petrol,mercedes_benz,no,2016-04-01,0,97694,2016-04-09 20:23:31
2016-03-06 08:28:50,3626,small,1999,manual,0,altea,125000,10,other,seat,no,2016-03-06,0,69990,2016-03-29 22:13:55
2016-03-05 17:15:57,8667,other,1996,manual,137,fortwo,70000,11,other,smart,no,2016-03-05,0,2917,2016-03-26 15:15:56
2016-04-09 22:30:02,14356,sedan,2003,manual,102,c3,90000,7,gasoline,citroen,,2016-04-09,0,50980,2016-04-20 05:59:30
2016-04-07 20:57:33,0,convertible,2005,,136,andere,30000,11,petrol,sonstige_autos,,2016-04-07,0,70907,2016-04-23 06:19:55
2016-03-15 22:15:19,10304,,1800,manual,78,a1,150000,3,gasoline,audi,,2016-03-15,0,29444,2016-03-25 19:15:50
2016-03-12 13:15:12,7317,small,1998,manual,155,yaris,30000,0,other,toyota,no,2016-03-12,0,94611,2016-03-23 03:37:35
2016-03-30 23:54:49,90000,small,2006,manual,95,altea,125000,2,petrol,seat,no,2016-03-30,0,23160,2016-04-26 20:27:59
2016-03-15 08:05:55,47035,wagon,2011,manual,159,mondeo,30000,11,hybrid,ford,no,2016-03-15,0,59385,2016-03-18 15:30:18
2016-04-07 20:48:45,36456,other,2007,auto,168,altea,150000,11,electric,seat,no,2016-04-07,0,10360,2016-04-29 02:26:24
2016-03-22 00:48:49,0,small,2016,manual,179,a3,125000,0,gasoline,audi,yes,2016-03-22,0,27730,2016-04-07 06:13:43
2016-04-06 15:32:09,16743,small,2016,manual,250,panda,125000,7,gasoline,fiat,no,2016-04-06,0,39104,2016-04-22 04:23:58
2016-03-06 05:59:20,5537,other,1995,auto,50,e_klasse,150000,1,petrol,mercedes_benz,no,2016-03-06,0,93538,2016-03-22 07:53:39
2016-04-02 22:46:50,8797,sedan,1996,manual,140,yaris,90000,6,gasoline,toyota,no,2016-04-02,0,55339,2016-04-24 17:32:09
2016-03-04 11:44:16,30047,convertible,2007,auto,180,500,90000,11,,fiat,,2016-03-04,0,8469,2016-03-16 12:08:45
2016-03-10 12:06:17,23877,,2012,manual,41,s60,100000,3,gasoline,volvo,,2016-03-10,0,34697,2016-03-15 05:40:42
2016-04-02 03:46:02,10339,bus,1995,manual,253,fortwo,125000,4,other,smart,no,2016-04-02,0,98776,2016-04-14 12:45:08
2016-03-16 05:24:16,15662,bus,1998,manual,50,astra,40000,5,gasoline,opel,no,2016-03-16,0,69015,2016-04-11 06:55:58
2016-03-14 14:35:23,23211,suv,2010,manual,111,6_reihe,125000,10,other,mazda,no,2016-03-14,0,74588,2016-04-06 11:08:26
2016-03-24 07:20:34,19577,convertible,2006,manual,175,corsa,40000,10,other,opel,no,2016-03-24,0,99498,2016-04-14 19:40:52
2016-03-20 21:42:01,9545,small,2010,manual,100,500,100000,11,petrol,fiat,no,2016-03-20,0,17246,2016-04-03 19:39:18
2016-03-04 20:24:23,33123,wagon,2014,auto,51,note,125000,5,gasoline,nissan,no,2016-03-04,0,12950,2016-03-05 07:54:22
2016-03-26 17:31:03,6968,small,2005,manual,77,a1,100000,3,petrol,audi,,2016-03-26,0,43452,2016-04-15 05:43:34
2016-03-23 09:06:46,16536,small,2015,auto,97,fortwo,50000,4,petrol,smart,no,2016-03-23,0,66205,2016-04-22 00:52:54
2016-04-04 14:00:22,22120,sedan,2011,manual,165,fabia,80000,5,gasoline,skoda,no,2016-04-04,0,69155,2016-04-11 07:25:03
2016-04-07 09:33:55,5076,sedan,1998,manual,67,3er,125000,5,other,bmw,no,2016-04-07,0,36900,2016-04-13 16:24:02
2016-03-15 02:30:39,6143,other,2001,manual,84,golf,150000,10,other,volkswagen,no,2016-03-15,0,87984,2016-04-04 08:11:33
2016-03-28 23:54:18,39720,coupe,2001,auto,0,1er,50000,10,gasoline,bmw,no,2016-03-28,0,67547,2016-03-29 21:42:55
2016-03-07 07:16:43,15109,bus,2005,manual,185,twingo,80000,3,cng,renault,,2016-03-07,0,49313,2016-03-27 18:47:22
2016-03-16 01:39:17,3528,small,2003,auto,107,,150000,2,other,nissan,,2016-03-16,0,94827,2016-03-19 02:40:05
2016-03-04 18:20:07,30404,sedan,2005,manual,249,superb,10000,5,gasoline,skoda,no,2016-03-04,0,3944,2016-03-25 13:48:54
2016-03-27 08:16:48,16394,small,2014,manual,175,octavia,125000,11,gasoline,skoda,no,2016-03-27,0,12141,2016-04-23 08:51:59
2016-03-29 14:29:25,14157,sedan,1997,manual,130,mondeo,150000,1,hybrid,ford,no,2016-03-29,0,59768,2016-04-02 15:12:25
2016-03-09 08:53:41,24689,sedan,2012,auto,214,forfour,90000,3,other,smart,no,2016-03-09,0,40231,2016-03-10 14:43:08
2016-03-14 23:13:54,0,,2011,manual,173,fiesta,90000,8,hybrid,ford,no,2016-03-14,0,36328,2016-03-28 06:05:02
2016-04-08 17:52:44,17712,,2007,manual,161,clio,150000,3,electric,renault,,2016-04-08,0,58465,2016-04-13 20:59:00
2016-04-02 01:46:11,18353,small,2004,manual,242,5_reihe,90000,7,hybrid,peugeot,no,2016-04-02,0,81723,2016-04-12 19:38:23
2016-03-12 04:09:21,18370,other,1996,manual,156,v70,125000,2,,volvo,,2016-03-12,0,41713,2016-04-10 15:43:48
2016-03-04 18:49:05,16785,small,2006,auto,211,500,150000,11,gasoline,fiat,no,2016-03-04,0,8656,2016-03-22 16:54:09
2016-03-09 00:22:28,14104,sedan,2002,manual,258,octavia,5000,5,other,skoda,no,2016-03-09,0,72663,2016-03-22 17:34:49
2016-03-04 04:25:04,12106,sedan,2001,auto,89,i30,150000,0,petrol,hyundai,no,2016-03-04,0,52880,2016-03-18 13:43:18
2016-03-13 07:54:54,16416,other,2008,manual,213,,40000,11,cng,volkswagen,no,2016-03-13,0,66031,2016-03-24 17:32:19
2016-03-30 04:31:36,23064,wagon,2011,auto,139,zafira,125000,7,,opel,,2016-03-30,0,50918,2016-03-30 13:16:32
2016-03-31 06:46:18,28058,other,2011,auto,173,x_reihe,60000,7,gasoline,bmw,no,2016-03-31,0,36840,2016-04-01 10:15:57
2016-03-21 16:47:24,4238,other,2000,manual,202,a4,100000,5,other,audi,yes,2016-03-21,0,45398,2016-03-31 22:57:13
2016-04-09 18:40:42,29233,other,2014,manual,151,2_reihe,150000,12,hybrid,mazda,no,2016-04-09,0,33957,2016-04-10 00:19:31
2016-04-03 03:55:01,22245,sedan,2011,manual,200,2_reihe,80000,0,gasoline,mazda,no,2016-04-03,0,43750,2016-05-01 17:24:02
2016-03-01 05:27:09,8610,small,2009,manual,79,i20,125000,8,gasoline,hyundai,no,2016-03-01,0,10645,2016-03-09 21:42:15
2016-04-01 19:00:52,14140,suv,2002,auto,44,3_reihe,150000,2,lpg,peugeot,no,2016-04-01,0,60081,2016-04-18 19:31:02
2016-03-28 11:11:40,13694,wagon,2000,manual,82,astra,40000,6,petrol,opel,no,2016-03-28,0,61244,2016-04-14 23:41:20
2016-03-28 01:47:33,23998,other,2009,manual,91,cooper,150000,10,electric,mini,no,2016-03-28,0,99398,2016-04-26 19:59:59
2016-03-08 20:50:40,20534,wagon,1999,auto,0,e_klasse,90000,3,petrol,mercedes_benz,,2016-03-08,0,92036,2016-04-05 00:46:08
2016-03-01 04:22:06,11354,wagon,1995,manual,236,octavia,150000,6,other,skoda,no,2016-03-01,0,25435,2016-03-03 17:46:43
2016-03-10 03:30:53,13010,wagon,1995,manual,198,,125000,4,electric,volkswagen,,2016-03-10,0,65780,2016-03-20 23:12:48
2016-03-12 02:15:40,10336,small,1999,auto,239,avensis,150000,7,petrol,toyota,no,2016-03-12,0,26756,2016-03-21 07:23:21
2016-03-11 05:07:06,23898,sedan,1997,manual,248,,90000,5,hybrid,sonstige_autos,no,2016-03-11,0,58992,2016-03-12 22:44:43
2016-03-31 01:05:31,9573,bus,2000,manual,71,,80000,0,other,sonstige_autos,no,2016-03-31,0,84872,2016-04-10 06:23:53
2016-04-06 03:13:59,49167,wagon,2013,auto,157,micra,70000,6,hybrid,nissan,no,2016-04-06,0,52129,2016-04-12 02:00:24
2016-03-01 03:22:35,26787,convertible,2000,,169,fortwo,5000,7,gasoline,smart,no,2016-03-01,0,80198,2016-03-25 04:28:20
2016-03-21 16:26:02,18802,suv,1997,manual,85,i20,10000,11,petrol,hyundai,no,2016-03-21,0,80509,2016-04-01 15:10:03
2016-03-09 18:11:56,10152,small,2016,manual,225,passat,90000,8,other,volkswagen,no,2016-03-09,0,80172,2016-04-02 20:44:40
2016-03-01 22:08:01,6072,small,1996,manual,179,megane,150000,2,gasoline,renault,,2016-03-01,0,52211,2016-03-18 20:22:01
2016-03-05 08:39:03,15587,sedan,2002,manual,111,s60,30000,2,gasoline,volvo,no,2016-03-05,0,13878,2016-03-20 11:03:22
2016-03-09 02:37:24,6698,convertible,1999,manual,122,clubman,150000,8,gasoline,mini,yes,2016-03-09,0,32763,2016-03-25 10:22:28
2016-03-16 16:14:05,7067,wagon,2005,manual,96,fortwo,50000,4,petrol,smart,,2016-03-16,0,4599,2016-04-10 20:03:54
2016-03-08 02:33:51,18797,,2002,,152,andere,60000,11,petrol,sonstige_autos,no,2016-03-08,0,39577,2016-03-22 22:56:02
2016-03-17 03:53:48,0,small,2001,manual,160,,150000,10,petrol,toyota,no,2016-03-17,0,37298,2016-04-06 03:58:52
2016-03-17 22:04:59,7493,other,2014,manual,243,tucson,150000,4,petrol,hyundai,yes,2016-03-17,0,90526,2016-03-29 02:34:03
2016-04-03 17:48:20,31591,suv,2015,,249,polo,150000,4,petrol,volkswagen,no,2016-04-03,0,16508,2016-04-15 00:25:32
2016-03-21 07:18:28,24568,wagon,2012,auto,49,i30,150000,0,lpg,hyundai,,2016-03-21,0,83015,2016-04-08 19:07:41
2016-03-01 22:30:07,6359,coupe,2000,manual,175,megane,100000,1,,renault,,2016-03-01,0,45794,2016-03-09 16:59:24
2016-03-27 04:28:33,23401,suv,2009,manual,124,forfour,125000,6,petrol,smart,no,2016-03-27,0,86884,2016-03-31 17:10:48
2016-03-23 23:26:39,21717,wagon,2015,manual,226,e_klasse,125000,12,petrol,mercedes_benz,no,2016-03-23,0,95187,2016-04-17 08:49:24
2016-03-01 08:11:46,11719,other,2014,manual,59,passat,70000,0,other,volkswagen,,2016-03-01,0,62205,2016-03-11 14:27:29
2016-03-13 21:27:52,15472,sedan,2012,manual,68,3_reihe,150000,11,gasoline,peugeot,no,2016-03-13,0,40261,2016-04-06 23:43:24
2016-03-22 09:38:31,29620,other,2008,manual,212,andere,30000,10,gasoline,sonstige_autos,no,2016-03-22,0,62263,2016-04-04 19:19:36
2016-03-16 08:21:24,21166,sedan,2009,auto,167,tucson,90000,1,petrol,hyundai,no,2016-03-16,0,65008,2016-03-17 18:02:35
2016-03-19 16:38:27,10210,wagon,2008,manual,232,mondeo,125000,1,gasoline,ford,yes,2016-03-19,0,73682,2016-04-09 05:40:12
2016-03-16 04:48:07,17051,sedan,2013,manual,208,ka,150000,1,other,ford,no,2016-03-16,0,94667,2016-04-11 23:10:13
2016-03-10 18:03:03,9891,sedan,2012,manual,150,qashqai,150000,8,other,nissan,no,2016-03-10,0,92208,2016-03-16 20:54:39
2016-04-05 08:17:35,72280,suv,2015,auto,250,v40,100000,6,gasoline,volvo,no,2016-04-05,0,35302,2016-04-19 17:58:45
2016-03-24 19:37:35,10432,sedan,2002,auto,226,c_klasse,10000,10,other,mercedes_benz,yes,2016-03-24,0,73831,2016-04-09 08:52:56
2016-03-11 18:47:50,28765,,2010,auto,57,yaris,150000,1,petrol,toyota,no,2016-03-11,0,70482,2016-04-05 09:55:13
2016-03-22 18:34:51,35756,coupe,2012,auto,90,avensis,150000,2,,toyota,,2016-03-22,0,53629,2016-03-29 18:08:56
2016-03-19 17:53:17,21024,suv,2001,manual,167,superb,150000,2,gasoline,skoda,no,2016-03-19,0,63572,2016-04-17 18:48:11
2016-03-06 04:31:33,5522,other,2007,auto,86,,125000,3,petrol,audi,,2016-03-06,0,30045,2016-03-17 13:07:52
2016-03-14 23:43:56,25475,coupe,1998,manual,121,2_reihe,40000,9,gasoline,mazda,,2016-03-14,0,47181,2016-03-27 01:11:44
2016-03-10 00:38:53,7922,small,1995,manual,240,yaris,150000,11,petrol,toyota,no,2016-03-10,0,55964,2016-03-31 20:39:20
2016-03-18 12:21:39,17674,sedan,2006,manual,190,scenic,60000,4,petrol,renault,no,2016-03-18,0,70085,2016-03-27 16:53:42
2016-03-16 06:22:57,10419,suv,1998,manual,114,,150000,8,other,ford,no,2016-03-16,0,71064,2016-04-01 07:05:26
2016-03-01 02:13:15,7782,small,2000,manual,257,berlingo,150000,10,other,citroen,,2016-03-01,0,3357,2016-03-16 10:23:05
2016-03-01 13:32:22,16715,wagon,2009,,137,2_reihe,150000,6,gasoline,peugeot,no,2016-03-01,0,84176,2016-03-27 14:07:57
2016-03-29 06:12:02,8058,small,2008,manual,95,passat,90000,1,cng,volkswagen,,2016-03-29,0,59244,2016-04-14 13:04:16
2016-03-07 16:08:50,35008,sedan,2012,auto,200,e_klasse,150000,3,gasoline,mercedes_benz,no,2016-03-07,0,27877,2016-03-24 15:06:09
2016-03-22 10:59:06,9194,,2009,manual,41,clubman,125000,4,gasoline,mini,,2016-03-22,0,48162,2016-03-23 13:06:55
2016-03-30 17:31:27,2918,,1995,manual,68,superb,150000,11,lpg,skoda,no,2016-03-30,0,61555,2016-03-30 20:07:39
2016-03-11 19:00:23,14113,wagon,1998,manual,181,a_klasse,125000,9,gasoline,mercedes_benz,no,2016-03-11,0,52850,2016-04-03 17:47:56
2016-03-01 13:56:52,14390,small,2014,manual,133,fabia,125000,10,hybrid,skoda,no,2016-03-01,0,96728,2016-03-29 17:37:08
2016-03-18 23:11:06,17521,suv,2015,auto,63,,150000,6,,hyundai,yes,2016-03-18,0,28683,2016-04-13 20:47:58
2016-04-07 15:04:12,22963,suv,2002,manual,163,andere,150000,0,gasoline,sonstige_autos,no,2016-04-07,0,79559,2016-04-22 08:35:01
2016-03-18 08:05:03,10176,sedan,2001,manual,96,tiguan,30000,2,petrol,volkswagen,no,2016-03-18,0,79071,2016-03-23 15:13:29
2016-03-10 04:30:20,20389,other,2001,manual,102,fiesta,5000,6,,ford,no,2016-03-10,0,50190,2016-03-18 00:26:43
2016-03-15 22:32:09,6694,sedan,2015,manual,123,7er,150000,10,petrol,bmw,yes,2016-03-15,0,60254,2016-04-02 07:52:58
2016-03-13 18:14:01,12539,,1998,manual,153,mondeo,150000,12,cng,ford,no,2016-03-13,0,43486,2016-03-24 18:07:59
2016-04-01 01:01:30,19831,bus,2010,manual,50,forfour,60000,10,gasoline,smart,,2016-04-01,0,18510,2016-04-15 18:59:09
2016-03-17 09:21:25,21066,other,2000,manual,159,q5,150000,10,electric,audi,,2016-03-17,0,19643,2016-04-10 10:08:11
2016-03-01 01:27:33,4952,small,1998,manual,169,500,150000,6,,fiat,no,2016-03-01,0,67641,2016-03-22 22:47:05
2016-03-28 18:38:46,36612,coupe,2011,auto,188,megane,90000,9,lpg,renault,,2016-03-28,0,39523,2016-03-29 09:31:07
2016-03-03 00:38:30,14682,sedan,2015,manual,94,i20,80000,9,other,hyundai,,2016-03-03,0,53612,2016-03-04 03:24:37
2016-03-23 13:17:36,13751,other,1999,manual,177,qashqai,70000,7,gasoline,nissan,no,2016-03-23,0,41103,2016-03-24 12:31:43
2016-03-09 11:22:17,31521,,2014,manual,229,c3,60000,2,,citroen,no,2016-03-09,0,72550,2016-03-12 02:21:07
2016-03-08 16:17:04,23793,other,2005,manual,204,ka,60000,12,gasoline,ford,no,2016-03-08,0,29456,2016-03-31 00:08:34
2016-04-08 19:22:23,12160,small,2008,manual,198,ibiza,80000,11,petrol,seat,,2016-04-08,0,37833,2016-04-25 06:47:43
2016-03-23 23:49:25,23277,convertible,2004,manual,194,v70,150000,4,gasoline,volvo,no,2016-03-23,0,26926,2016-04-02 19:17:23
2016-03-02 01:37:01,23361,convertible,2012,manual,94,forfour,90000,11,,smart,no,2016-03-02,0,79618,2016-03-04 23:01:32
2016-03-15 16:12:53,18465,other,2003,manual,250,2_reihe,90000,6,gasoline,mazda,,2016-03-15,0,63289,2016-04-13 16:41:22
2016-03-08 12:16:54,11979,other,1995,,0,fiesta,100000,12,gasoline,ford,no,2016-03-08,0,93672,2016-03-29 08:17:37
2016-03-04 00:57:39,48172,suv,2012,auto,195,corolla,100000,0,gasoline,toyota,,2016-03-04,0,91800,2016-03-17 01:00:02
2016-03-19 04:09:00,14245,sedan,2007,manual,166,panda,125000,11,other,fiat,no,2016-03-19,0,41038,2016-04-09 11:34:54
2016-03-04 00:49:27,13589,,2015,auto,198,i30,90000,8,petrol,hyundai,yes,2016-03-04,0,44853,2016-03-09 11:00:05
2016-03-04 16:18:33,11346,small,2008,manual,161,berlingo,150000,4,gasoline,citroen,no,2016-03-04,0,79913,2016-03-24 14:33:56
2016-04-03 17:51:09,10806,small,2009,manual,51,clubman,50000,9,gasoline,mini,no,2016-04-03,0,5421,2016-04-04 07:36:32
2016-03-18 10:11:20,6543,sedan,2014,manual,84,yaris,150000,0,cng,toyota,,2016-03-18,0,10063,2016-04-06 15:40:07
2016-03-28 23:09:59,24120,convertible,2001,manual,243,altea,150000,2,gasoline,seat,no,2016-03-28,0,17418,2016-04-15 01:44:58
2016-03-28 12:26:49,24793,other,2008,manual,166,tucson,10000,3,gasoline,hyundai,,2016-03-28,0,85381,2016-04-03 06:33:23
2016-04-09 00:52:28,19907,suv,2008,manual,144,a_klasse,125000,3,lpg,mercedes_benz,no,2016-04-09,0,35167,2016-04-20 08:21:59
2016-04-02 05:00:56,0,other,2007,manual,251,5_reihe,150000,3,petrol,peugeot,no,2016-04-02,0,98041,2016-04-14 14:26:05
2016-04-05 04:13:24,17303,sedan,1999,manual,157,vectra,125000,12,hybrid,opel,no,2016-04-05,0,39995,2016-04-11 21:47:38
2016-03-22 21:03:21,6729,wagon,2000,manual,237,,150000,5,petrol,audi,yes,2016-03-22,0,55145,2016-03-25 19:36:51
2016-03-31 21:30:41,10429,sedan,1998,manual,251,corsa,125000,0,other,opel,no,2016-03-31,0,80009,2016-04-02 19:07:00
2016-03-10 02:30:23,17742,sedan,2005,auto,191,golf,90000,10,cng,volkswagen,no,2016-03-10,0,75327,2016-03-23 21:35:33
2016-03-07 05:13:58,32977,wagon,2009,manual,215,forfour,90000,4,gasoline,smart,no,2016-03-07,0,12210,2016-03-22 13:20:20
2016-04-08 16:12:08,8912,wagon,2014,manual,178,panda,150000,7,petrol,fiat,yes,2016-04-08,0,93595,2016-04-19 23:11:36
2016-03-01 02:12:02,17231,other,2011,manual,124,a4,125000,7,cng,audi,no,2016-03-01,0,95508,2016-03-11 21:24:21
2016-03-24 21:58:14,15256,coupe,2002,auto,59,,150000,3,petrol,ford,no,2016-03-24,0,29268,2016-03-27 14:25:47
2016-03-07 19:31:04,12425,other,2005,manual,102,andere,40000,3,other,sonstige_autos,,2016-03-07,0,61823,2016-03-11 18:14:49
2016-03-05 17:47:12,44359,,2014,auto,241,,80000,7,gasoline,volvo,no,2016-03-05,0,48846,2016-03-23 06:19:41
2016-03-27 03:45:03,35233,sedan,2012,manual,248,altea,40000,9,gasoline,seat,no,2016-03-27,0,19869,2016-04-09 13:17:26
2016-03-31 17:17:27,17129,small,2016,auto,121,v70,125000,2,petrol,volvo,,2016-03-31,0,6586,2016-04-03 23:10:05
2016-03-20 00:45:46,4842,,2001,manual,145,insignia,150000,0,petrol,opel,no,2016-03-20,0,92049,2016-04-08 08:33:20
2016-03-25 20:56:12,20887,wagon,2008,manual,160,altea,90000,4,lpg,seat,no,2016-03-25,0,30521,2016-04-23 21:59:31
2016-03-10 01:45:24,11562,small,2014,manual,165,ibiza,150000,4,lpg,seat,no,2016-03-10,0,24424,2016-04-07 19:23:26
2016-03-12 23:04:21,27419,,2000,auto,116,focus,5000,6,petrol,ford,no,2016-03-12,0,28217,2016-04-10 20:17:11
2016-03-07 05:41:21,35659,other,2010,,60,fiesta,20000,6,gasoline,ford,no,2016-03-07,0,62642,2016-03-09 06:36:54
2016-03-04 02:12:21,28792,convertible,2007,manual,138,i20,10000,8,petrol,hyundai,,2016-03-04,0,42291,2016-04-02 17:20:49
2016-03-04 10:31:08,17706,small,2013,auto,222,note,150000,6,gasoline,nissan,no,2016-03-04,0,9851,2016-04-02 12:16:02
2016-03-23 19:22:34,13140,,2000,manual,182,3_reihe,100000,4,gasoline,mazda,no,2016-03-23,0,52877,2016-04-09 09:16:48
2016-04-01 02:45:27,11428,small,2013,manual,184,scenic,90000,2,other,renault,,2016-04-01,0,66246,2016-04-15 22:10:20
2016-03-17 22:11:09,6309,sedan,2004,auto,125,,150000,2,petrol,peugeot,yes,2016-03-17,0,68352,2016-03-30 17:49:11
2016-03-11 22:01:31,11721,small,2001,manual,0,berlingo,150000,11,gasoline,citroen,no,2016-03-11,0,71303,2016-03-20 05:41:50
2016-03-01 16:52:42,20800,suv,2015,manual,164,a1,150000,10,other,audi,no,2016-03-01,0,6044,2016-03-05 16:51:37
2016-03-04 06:38:34,31369,,2005,manual,244,focus,10000,5,petrol,ford,no,2016-03-04,0,94921,2016-03-14 07:38:11
2016-03-10 19:58:35,4796,,1999,manual,92,5er,5000,8,other,bmw,yes,2016-03-10,0,37915,2016-03-24 07:03:26
2016-03-02 11:30:43,7505,bus,1999,manual,0,leon,150000,6,petrol,seat,no,2016-03-02,0,88718,2016-03-27 22:42:55
2016-04-02 04:05:43,14138,other,2014,manual,59,mondeo,90000,8,petrol,ford,no,2016-04-02,0,83863,2016-04-16 09:04:44
2016-03-13 07:40:19,20285,wagon,2007,auto,150,note,125000,5,gasoline,nissan,no,2016-03-13,0,11822,2016-04-07 12:43:40
2016-03-19 09:02:42,19386,wagon,2009,manual,132,fabia,150000,6,gasoline,skoda,,2016-03-19,0,5728,2016-03-25 11:38:24
2016-03-31 16:23:14,16449,bus,2001,auto,113,berlingo,90000,5,petrol,citroen,no,2016-03-31,0,69453,2016-04-02 02:12:00
2016-03-04 01:42:30,10291,sedan,1996,auto,148,golf,150000,1,gasoline,volkswagen,no,2016-03-04,0,42482,2016-03-30 09:52:53
2016-03-30 08:36:08,21546,coupe,2002,,218,andere,125000,10,petrol,sonstige_autos,no,2016-03-30,0,48307,2016-04-14 06:56:22
2016-03-15 05:58:19,8667,wagon,2008,,111,octavia,40000,11,petrol,skoda,,2016-03-15,0,88108,2016-03-29 05:23:53
2016-03-09 19:24:15,1959,sedan,1995,,57,e_klasse,150000,8,petrol,mercedes_benz,yes,2016-03-09,0,40953,2016-03-29 23:49:21
2016-03-10 17:52:16,3655,small,2016,manual,140,e_klasse,125000,8,petrol,mercedes_benz,yes,2016-03-10,0,60421,2016-03-13 06:22:42
2016-03-09 10:24:11,11662,,2004,manual,121,transporter,80000,0,other,volkswagen,,2016-03-09,0,28567,2016-04-06 06:11:34
2016-03-28 14:33:11,5361,small,1999,auto,130,corolla,150000,9,electric,toyota,,2016-03-28,0,22736,2016-04-10 16:20:10
2016-04-07 22:49:12,10175,,2010,manual,174,clio,60000,2,petrol,renault,,2016-04-07,0,5004,2016-04-26 06:10:48
2016-03-13 19:17:32,7759,bus,2012,manual,193,altea,150000,3,other,seat,yes,2016-03-13,0,81290,2016-03-22 05:33:07
2016-03-23 15:53:53,12152,sedan,2002,manual,199,2_reihe,100000,6,,mazda,no,2016-03-23,0,90807,2016-04-06 07:56:50
2016-03-07 18:18:05,12028,wagon,1995,manual,197,astra,60000,11,,opel,no,2016-03-07,0,40812,2016-03-22 13:05:38
2016-04-07 03:22:59,23192,wagon,2002,manual,98,i20,40000,5,gasoline,hyundai,no,2016-04-07,0,42974,2016-04-25 12:42:59
2016-03-19 13:53:34,17791,convertible,1995,manual,190,3er,60000,9,gasoline,bmw,,2016-03-19,0,24916,2016-04-08 03:31:12
2016-03-25 23:31:04,16637,sedan,2008,manual,232,insignia,150000,12,petrol,opel,no,2016-03-25,0,95146,2016-04-17 04:16:41
2016-04-03 04:48:31,19253,other,2011,auto,252,ibiza,30000,12,gasoline,seat,,2016-04-03,0,58221,2016-04-03 18:56:00
2016-03-22 16:08:41,41493,bus,2013,auto,247,panda,125000,3,gasoline,fiat,no,2016-03-22,0,94764,2016-04-09 07:42:02
2016-03-07 14:45:55,3590,small,2001,manual,197,c3,150000,12,gasoline,citroen,yes,2016-03-07,0,54821,2016-03-13 18:43:45
2016-04-06 13:31:11,7590,,2009,manual,98,cooper,150000,9,,mini,no,2016-04-06,0,88987,2016-05-05 02:24:49
2016-03-18 10:57:54,15943,,2009,manual,116,fortwo,150000,12,,smart,no,2016-03-18,0,11639,2016-03-31 02:19:13
2016-03-26 11:57:10,29722,other,2016,manual,230,panda,150000,8,gasoline,fiat,no,2016-03-26,0,54421,2016-04-18 15:04:58
2016-04-05 21:33:26,3440,small,2009,manual,134,,150000,3,petrol,citroen,yes,2016-04-05,0,64549,2016-04-10 17:14:14
2016-03-03 19:43:16,22422,other,2007,manual,241,touran,150000,0,gasoline,volkswagen,no,2016-03-03,0,55048,2016-03-07 23:06:52
2016-03-24 14:51:18,8232,small,2008,manual,47,insignia,125000,0,gasoline,opel,no,2016-03-24,0,85055,2016-04-22 00:29:05
2016-03-30 20:35:37,17511,sedan,2001,manual,121,note,5000,3,gasoline,nissan,no,2016-03-30,0,69917,2016-04-21 18:54:41
2016-04-04 06:26:05,21567,bus,2007,manual,173,a1,150000,10,gasoline,audi,no,2016-04-04,0,25640,2016-05-01 14:28:49
2016-03-08 04:42:51,12743,wagon,1997,manual,62,q5,50000,10,gasoline,audi,no,2016-03-08,0,32116,2016-03-17 23:13:59
2016-04-08 08:06:44,16846,other,2013,manual,187,altea,125000,9,petrol,seat,no,2016-04-08,0,17390,2016-04-30 07:40:00
2016-03-20 03:58:08,9226,wagon,2001,manual,51,q5,125000,2,gasoline,audi,no,2016-03-20,0,83028,2016-03-26 22:31:19
2016-04-05 11:43:44,1510,sedan,1995,manual,47,fiesta,150000,1,cng,ford,,2016-04-05,0,8321,2016-04-11 07:09:07
2016-03-16 01:53:26,15402,other,2005,manual,72,c3,150000,10,gasoline,citroen,no,2016-03-16,0,93421,2016-04-14 10:15:03
2016-03-09 08:34:35,23079,wagon,2014,manual,104,twingo,40000,2,petrol,renault,no,2016-03-09,0,57671,2016-04-03 10:27:51
2016-04-02 21:15:49,0,bus,2001,manual,0,andere,125000,7,petrol,sonstige_autos,,2016-04-02,0,19899,2016-04-10 03:31:51
2016-04-09 13:33:21,32378,other,2014,auto,96,tucson,40000,3,gasoline,hyundai,no,2016-04-09,0,98631,2016-04-09 19:58:34
2016-03-23 17:37:56,9509,small,2003,manual,227,punto,150000,11,petrol,fiat,,2016-03-23,0,18462,2016-04-06 17:36:42
2016-03-03 11:24:26,13853,,1999,manual,60,berlingo,150000,11,gasoline,citroen,no,2016-03-03,0,31396,2016-03-24 13:04:38
2016-03-03 22:52:41,15400,sedan,1999,manual,190,tucson,50000,5,,hyundai,no,2016-03-03,0,83710,2016-03-29 02:12:53
2016-04-06 03:10:29,9436,small,1998,auto,168,astra,125000,6,petrol,opel,no,2016-04-06,0,66600,2016-04-29 10:28:16
2016-04-07 12:57:56,12567,wagon,2005,manual,104,c4,150000,1,petrol,citroen,no,2016-04-07,0,78198,2016-04-30 19:04:12
2016-03-20 13:26:36,6523,,1997,manual,103,touran,90000,6,gasoline,volkswagen,no,2016-03-20,0,39961,2016-03-28 20:52:54
2016-04-03 07:05:17,13329,small,2000,auto,207,cooper,90000,8,petrol,mini,no,2016-04-03,0,77588,2016-05-01 10:57:34
2016-03-20 14:44:12,17902,wagon,1800,manual,185,zafira,150000,8,gasoline,opel,no,2016-03-20,0,46473,2016-04-07 23:08:17
2016-03-08 16:47:52,30541,suv,2008,manual,233,v70,125000,5,gasoline,volvo,no,2016-03-08,0,11007,2016-03-17 23:10:56
2016-03-16 00:39:59,9712,coupe,1998,manual,59,berlingo,100000,11,gasoline,citroen,no,2016-03-16,0,36912,2016-03-24 04:06:27
2016-03-26 21:01:55,8669,,1996,manual,0,c4,90000,5,petrol,citroen,no,2016-03-26,0,49762,2016-04-11 13:32:21
2016-03-06 12:38:48,20969,wagon,2008,auto,52,5_reihe,125000,9,gasoline,peugeot,no,2016-03-06,0,15180,2016-03-07 17:25:52
2016-04-03 17:26:48,14304,convertible,2011,manual,0,ka,150000,3,gasoline,ford,yes,2016-04-03,0,1231,2016-04-05 10:03:11
2016-03-06 04:10:38,22175,wagon,2013,manual,109,punto,90000,10,lpg,fiat,no,2016-03-06,0,72818,2016-04-03 08:36:36
2016-03-21 06:23:12,14840,other,1999,manual,210,2_reihe,100000,2,gasoline,mazda,no,2016-03-21,0,71901,2016-04-10 00:01:38
2016-03-16 14:01:34,12002,sedan,2002,auto,216,ibiza,90000,2,gasoline,seat,yes,2016-03-16,0,41653,2016-03-30 07:43:38
2016-03-14 02:55:01,5748,wagon,2016,manual,86,andere,125000,8,other,sonstige_autos,yes,2016-03-14,0,41006,2016-03-19 10:34:35
2016-03-23 06:47:50,15123,other,2013,manual,128,fortwo,100000,10,cng,smart,no,2016-03-23,0,54702,2016-04-02 09:52:35
2016-03-18 04:58:31,13261,,1999,manual,215,5_reihe,125000,1,other,peugeot,no,2016-03-18,0,26179,2016-03-27 09:35:38
2016-04-02 01:37:45,8862,other,2007,manual,158,3_reihe,80000,5,gasoline,peugeot,yes,2016-04-02,0,53200,2016-04-06 16:37:30
2016-03-17 01:47:33,11203,,2000,manual,80,e_klasse,150000,3,gasoline,mercedes_benz,,2016-03-17,0,99436,2016-03-23 21:49:58
2016-03-09 04:18:20,10283,wagon,2001,manual,62,ka,80000,6,lpg,ford,no,2016-03-09,0,22306,2016-03-14 14:21:58
2016-04-09 00:47:31,12893,sedan,1998,manual,251,andere,100000,1,petrol,sonstige_autos,no,2016-04-09,0,24522,2016-04-22 23:32:37
2016-03-14 04:48:19,14480,other,2014,manual,79,c_klasse,90000,6,gasoline,mercedes_benz,,2016-03-14,0,14142,2016-03-19 17:59:37
2016-04-01 21:57:20,23274,convertible,2011,manual,45,5_reihe,50000,8,petrol,peugeot,no,2016-04-01,0,80528,2016-04-30 13:35:37
2016-04-07 11:37:22,71361,sedan,2014,auto,216,passat,30000,12,electric,volkswagen,no,2016-04-07,0,6926,2016-04-14 05:37:56
2016-03-17 19:45:20,20614,bus,2008,manual,114,tucson,10000,11,petrol,hyundai,no,2016-03-17,0,1124,2016-04-01 19:38:48
2016-03-16 14:38:49,21699,wagon,2016,manual,0,ibiza,150000,1,gasoline,seat,no,2016-03-16,0,59506,2016-04-03 05:37:22
2016-03-25 18:43:18,16520,sedan,2015,manual,52,micra,150000,9,gasoline,nissan,no,2016-03-25,0,99003,2016-04-13 21:24:28
2016-04-01 09:59:23,4177,small,1996,manual,41,i30,10000,6,,hyundai,no,2016-04-01,0,72803,2016-04-05 22:02:36
2016-03-25 16:31:25,26864,convertible,2003,auto,231,micra,150000,10,petrol,nissan,no,2016-03-25,0,67543,2016-04-07 21:28:02
2016-04-08 19:15:49,13668,convertible,1998,auto,116,polo,150000,2,lpg,volkswagen,no,2016-04-08,0,44494,2016-04-21 03:29:29
2016-03-04 04:38:52,18553,coupe,2013,manual,50,1er,125000,11,gasoline,bmw,no,2016-03-04,0,11832,2016-03-28 12:29:18
2016-04-07 08:35:32,18025,wagon,2004,manual,91,leon,80000,2,gasoline,seat,no,2016-04-07,0,27379,2016-05-01 14:39:34
2016-03-04 19:24:57,15003,other,2003,auto,112,punto,150000,8,petrol,fiat,no,2016-03-04,0,98045,2016-03-26 21:20:27
2016-03-19 02:42:20,41393,suv,2011,manual,144,2_reihe,125000,8,electric,peugeot,no,2016-03-19,0,41744,2016-03-31 08:33:25
2016-03-04 19:02:22,15012,other,1996,manual,244,clubman,5000,0,other,mini,no,2016-03-04,0,23665,2016-03-31 21:26:04
2016-03-24 17:09:27,0,small,2007,,169,ka,150000,8,petrol,ford,,2016-03-24,0,92560,2016-04-21 01:46:39
2016-03-06 10:21:26,10309,convertible,1995,auto,83,qashqai,150000,10,petrol,nissan,no,2016-03-06,0,22536,2016-03-14 13:27:34
2016-03-17 22:23:54,25172,,1900,manual,206,3er,30000,0,petrol,bmw,no,2016-03-17,0,4718,2016-03-25 12:03:50
2016-03-04 14:05:41,0,sedan,2015,auto,175,punto,150000,0,gasoline,fiat,no,2016-03-04,0,21480,2016-03-09 20:57:20
2016-03-16 13:35:07,14056,sedan,2011,,85,tucson,60000,7,petrol,hyundai,,2016-03-16,0,75875,2016-03-24 20:59:08
2016-03-23 01:04:26,14688,small,2013,,152,vectra,125000,4,gasoline,opel,no,2016-03-23,0,18188,2016-03-26 08:36:31
2016-04-08 00:08:41,16752,other,2013,manual,75,golf,125000,1,petrol,volkswagen,,2016-04-08,0,43060,2016-04-21 17:30:00
2016-04-07 05:04:42,14521,small,2011,auto,189,a3,80000,6,,audi,,2016-04-07,0,10433,2016-04-30 17:30:39
2016-03-06 15:45:05,3910,small,2016,manual,54,v70,125000,12,petrol,volvo,yes,2016-03-06,0,62956,2016-03-18 22:57:26
2016-03-29 07:29:59,2840,small,1997,manual,123,c4,150000,8,petrol,citroen,no,2016-03-29,0,70534,2016-04-21 19:38:02
2016-03-20 00:09:04,22074,sedan,2003,manual,246,cooper,80000,7,gasoline,mini,no,2016-03-20,0,43890,2016-04-14 01:07:05
2016-04-04 01:51:05,26536,wagon,1996,auto,210,v70,60000,0,gasoline,volvo,no,2016-04-04,0,32619,2016-04-15 04:43:09
2016-03-21 18:24:49,30628,other,2013,auto,132,3_reihe,150000,12,petrol,peugeot,no,2016-03-21,0,81477,2016-04-09 18:08:54
2016-03-29 06:42:16,10614,sedan,2001,auto,224,c_klasse,100000,8,gasoline,mercedes_benz,yes,2016-03-29,0,54235,2016-04-22 21:59:18
2016-03-02 14:39:38,11009,convertible,1996,manual,47,polo,80000,8,gasoline,volkswagen,no,2016-03-02,0,84595,2016-03-11 13:36:56
2016-04-07 06:05:35,10296,small,2006,manual,160,2_reihe,150000,10,petrol,peugeot,,2016-04-07,0,69644,2016-05-06 07:29:07
2016-04-05 05:58:07,3730,small,1998,manual,153,berlingo,100000,6,gasoline,citroen,yes,2016-04-05,0,59789,2016-04-14 05:31:07
2016-03-01 16:51:30,19517,other,2001,manual,235,,70000,3,gasoline,seat,no,2016-03-01,0,23833,2016-03-07 00:21:28
2016-03-03 19:27:30,14660,sedan,1999,manual,259,a1,60000,12,petrol,audi,no,2016-03-03,0,78792,2016-03-16 09:06:28
2016-03-10 09:19:39,23795,other,2014,manual,149,i30,100000,6,lpg,hyundai,no,2016-03-10,0,65584,2016-03-28 21:37:54
2016-03-02 15:17:48,18880,suv,1999,auto,141,transporter,125000,0,petrol,volkswagen,no,2016-03-02,0,31795,2016-03-07 17:09:28
2016-03-24 20:11:27,11607,small,2007,manual,249,e_klasse,150000,5,,mercedes_benz,,2016-03-24,0,99693,2016-04-08 18:59:12
2016-03-14 15:50:14,15907,small,2011,auto,125,a_klasse,125000,7,gasoline,mercedes_benz,no,2016-03-14,0,96947,2016-03-21 17:18:57
2016-03-23 01:28:40,13199,,2002,auto,242,forfour,150000,2,gasoline,smart,no,2016-03-23,0,15132,2016-04-07 23:02:30
2016-03-14 00:21:53,45211,convertible,2011,auto,243,s_klasse,150000,9,gasoline,mercedes_benz,no,2016-03-14,0,68725,2016-04-12 13:33:27
2016-04-07 02:19:49,29833,coupe,2014,manual,185,fortwo,90000,3,petrol,smart,no,2016-04-07,0,88418,2016-04-29 13:58:51
2016-03-10 07:59:22,0,other,2011,auto,174,scenic,125000,0,gasoline,renault,no,2016-03-10,0,57952,2016-03-18 08:13:43
2016-03-27 19:10:23,31368,,2014,auto,190,500,150000,8,gasoline,fiat,no,2016-03-27,0,67217,2016-04-19 10:07:34
2016-03-13 11:31:08,13589,suv,2000,auto,167,fabia,125000,3,gasoline,skoda,yes,2016-03-13,0,25674,2016-04-11 03:38:40
2016-03-25 12:25:20,18673,bus,2009,manual,183,andere,100000,8,,sonstige_autos,no,2016-03-25,0,15213,2016-04-09 04:39:17
2016-03-01 08:07:58,5641,small,1995,manual,73,5_reihe,90000,12,,peugeot,,2016-03-01,0,74605,2016-03-30 16:28:56
2016-03-04 13:01:35,17504,sedan,2013,,239,andere,80000,5,gasoline,sonstige_autos,yes,2016-03-04,0,38076,2016-03-23 03:33:54
2016-04-08 11:46:48,13440,sedan,1997,manual,139,passat,70000,2,gasoline,volkswagen,no,2016-04-08,0,76823,2016-04-16 03:00:57
2016-03-03 11:30:08,6056,other,1996,manual,56,v40,150000,10,hybrid,volvo,no,2016-03-03,0,25605,2016-03-13 15:43:04
2016-04-05 01:30:09,44599,suv,2015,manual,173,c3,10000,5,gasoline,citroen,no,2016-04-05,0,19692,2016-04-16 13:55:58
2016-04-07 23:35:24,11576,sedan,2003,manual,146,3_reihe,150000,4,petrol,mazda,,2016-04-07,0,45475,2016-04-25 22:34:33
2016-03-01 20:57:34,38383,wagon,2016,auto,0,7er,90000,8,gasoline,bmw,,2016-03-01,0,4889,2016-03-20 04:31:48
2016-04-09 09:10:58,20903,sedan,2014,manual,170,berlingo,125000,4,petrol,citroen,no,2016-04-09,0,2855,2016-05-05 03:22:57
2016-03-08 19:30:06,13182,coupe,1996,auto,96,leon,150000,10,petrol,seat,no,2016-03-08,0,35404,2016-03-11 07:53:00
2016-03-30 04:50:56,12955,convertible,2016,,48,v70,150000,8,other,volvo,no,2016-03-30,0,27448,2016-04-21 22:08:37
2016-04-05 18:08:29,7170,sedan,1997,manual,101,qashqai,70000,2,,nissan,no,2016-04-05,0,14815,2016-05-05 05:21:47
2016-03-19 22:33:46,11576,small,2010,manual,182,tucson,150000,0,petrol,hyundai,no,2016-03-19,0,8260,2016-04-03 15:39:41
2016-03-26 14:51:19,4745,coupe,1997,auto,103,clubman,150000,1,petrol,mini,yes,2016-03-26,0,81829,2016-04-25 06:04:08
2016-03-03 07:23:54,10814,sedan,2009,manual,42,corsa,150000,12,,opel,no,2016-03-03,0,45418,2016-03-24 07:16:52
2016-03-04 22:18:11,2074,small,1996,auto,60,tucson,150000,9,gasoline,hyundai,yes,2016-03-04,0,11305,2016-03-29 17:27:38
2016-04-07 20:32:14,16548,coupe,1998,manual,235,v70,150000,12,petrol,volvo,no,2016-04-07,0,71335,2016-04-08 17:04:41
2016-03-30 11:21:03,13052,wagon,2007,manual,117,3_reihe,150000,4,petrol,peugeot,,2016-03-30,0,21655,2016-03-30 19:49:08
2016-03-06 16:24:02,17083,sedan,2007,manual,255,octavia,100000,2,petrol,skoda,no,2016-03-06,0,37938,2016-03-20 22:45:17
2016-03-22 12:18:28,28903,sedan,2009,manual,259,corolla,20000,11,gasoline,toyota,no,2016-03-22,0,35464,2016-04-01 01:17:45
2016-03-12 09:44:11,10795,,2001,manual,175,a6,150000,2,petrol,audi,no,2016-03-12,0,2302,2016-03-27 23:02:14
2016-03-16 15:11:01,10848,coupe,2004,manual,45,fortwo,10000,0,other,smart,,2016-03-16,0,47891,2016-03-21 17:44:37
2016-03-17 03:45:50,24088,wagon,2002,auto,142,a3,90000,10,gasoline,audi,no,2016-03-17,0,11730,2016-04-09 14:20:46
2016-03-29 07:07:12,10810,sedan,2001,manual,79,superb,125000,10,petrol,skoda,no,2016-03-29,0,79646,2016-04-06 21:39:28
2016-03-08 15:13:52,8467,,2002,manual,158,a3,90000,6,gasoline,audi,no,2016-03-08,0,24410,2016-03-16 01:04:40
2016-04-02 13:03:08,15415,convertible,2010,manual,72,c_klasse,150000,3,petrol,mercedes_benz,no,2016-04-02,0,79717,2016-04-17 03:20:24
2016-04-02 02:57:18,30676,convertible,2008,auto,71,3_reihe,150000,5,gasoline,peugeot,no,2016-04-02,0,89534,2016-04-06 05:38:42
2016-03-27 21:14:36,7527,other,1997,manual,222,,150000,2,lpg,nissan,no,2016-03-27,0,84333,2016-04-25 19:24:33
2016-04-08 07:07:58,9574,other,1995,manual,108,andere,90000,12,gasoline,sonstige_autos,no,2016-04-08,0,16248,2016-04-14 22:58:53
2016-03-16 20:45:11,12207,suv,2015,auto,53,clubman,125000,10,petrol,mini,yes,2016-03-16,0,6759,2016-04-07 21:51:31
2016-03-27 19:38:04,10730,coupe,2012,manual,87,clubman,125000,4,gasoline,mini,,2016-03-27,0,71851,2016-04-07 07:00:03
2016-03-13 15:06:18,20051,other,2005,manual,88,,70000,2,gasoline,peugeot,no,2016-03-13,0,65131,2016-03-29 16:20:05
2016-03-14 11:07:08,16363,convertible,2006,manual,114,superb,150000,5,petrol,skoda,no,2016-03-14,0,72202,2016-03-18 05:59:27
2016-03-03 17:08:51,90000,sedan,2016,manual,252,forfour,150000,2,gasoline,smart,no,2016-03-03,0,35140,2016-03-31 09:18:30
2016-03-23 05:49:19,20023,other,2000,auto,229,fortwo,60000,8,petrol,smart,no,2016-03-23,0,36836,2016-04-05 13:51:57
2016-04-07 17:04:03,22641,suv,1997,,183,vectra,60000,6,gasoline,opel,no,2016-04-07,0,16917,2016-05-06 21:32:32
2016-04-05 20:10:33,12074,wagon,1997,auto,163,corolla,150000,10,other,toyota,no,2016-04-05,0,49036,2016-05-03 20:38:24
2016-03-12 12:39:19,4911,small,2015,manual,195,qashqai,150000,8,petrol,nissan,yes,2016-03-12,0,62287,2016-03-23 23:31:12
2016-03-24 02:49:02,44523,sedan,2015,auto,157,s60,20000,9,gasoline,volvo,no,2016-03-24,0,66034,2016-04-09 12:42:11
2016-03-01 07:45:03,9237,sedan,1997,manual,156,2_reihe,150000,11,gasoline,peugeot,no,2016-03-01,0,42025,2016-03-22 19:00:53
2016-04-04 03:37:02,17419,sedan,1998,manual,159,superb,50000,4,gasoline,skoda,no,2016-04-04,0,63829,2016-04-11 01:50:04
2016-03-26 12:38:31,4497,sedan,1998,manual,87,i30,150000,10,petrol,hyundai,no,2016-03-26,0,60379,2016-03-26 19:21:29
2016-03-29 08:04:14,22476,wagon,2008,auto,197,yaris,125000,8,gasoline,toyota,,2016-03-29,0,8316,2016-04-20 07:30:49
2016-04-07 15:25:01,8458,small,2002,manual,159,s_klasse,90000,11,,mercedes_benz,no,2016-04-07,0,67807,2016-04-09 12:32:31
2016-03-21 16:45:56,7388,other,2012,manual,147,,150000,1,petrol,mercedes_benz,yes,2016-03-21,0,76275,2016-04-04 16:16:14
2016-03-01 15:17:32,7877,coupe,2004,,129,3_reihe,80000,6,cng,peugeot,yes,2016-03-01,0,78557,2016-03-16 01:14:14
2016-04-07 18:47:41,16756,other,1999,auto,169,,150000,9,petrol,skoda,no,2016-04-07,0,74251,2016-04-26 07:16:49
2016-03-01 06:51:15,0,other,1999,manual,254,superb,150000,6,,skoda,,2016-03-01,0,13723,2016-03-23 13:05:16
2016-03-09 11:23:18,10705,other,1996,,100,cooper,30000,6,petrol,mini,no,2016-03-09,0,19176,2016-03-10 11:34:58
2016-03-11 01:42:49,37835,coupe,2009,auto,234,insignia,100000,7,petrol,opel,no,2016-03-11,0,90917,2016-04-05 13:54:23
2016-04-02 13:51:30,31477,sedan,2010,auto,119,v40,70000,9,,volvo,no,2016-04-02,0,2128,2016-04-07 13:51:55
2016-03-28 02:09:12,25586,sedan,2012,auto,229,tucson,150000,9,petrol,hyundai,,2016-03-28,0,73509,2016-04-22 03:45:39
2016-04-04 22:05:24,18836,other,2004,auto,168,tucson,150000,0,petrol,hyundai,,2016-04-04,0,41816,2016-04-23 12:16:20
2016-03-03 18:19:48,15927,,1996,manual,213,a4,150000,1,gasoline,audi,no,2016-03-03,0,11200,2016-03-18 17:59:41
2016-03-04 16:11:42,44943,,2005,auto,248,corolla,150000,10,gasoline,toyota,no,2016-03-04,0,47506,2016-03-09 12:35:13
2016-03-10 17:42:28,9200,,2007,manual,248,transporter,90000,7,petrol,volkswagen,yes,2016-03-10,0,44819,2016-04-08 07:45:47
2016-03-12 20:57:38,13756,other,2008,manual,197,q5,80000,1,other,audi,,2016-03-12,0,25536,2016-03-29 07:36:46
2016-03-07 02:18:21,15670,other,2014,manual,202,ibiza,150000,2,other,seat,no,2016-03-07,0,61221,2016-03-28 11:11:11
2016-03-05 21:26:41,17266,sedan,2007,manual,89,,80000,8,gasoline,volvo,no,2016-03-05,0,14762,2016-03-14 17:32:41
2016-03-05 07:11:14,11034,wagon,1998,manual,243,clubman,100000,7,lpg,mini,no,2016-03-05,0,34539,2016-03-22 18:43:10
2016-03-07 15:13:28,8246,small,2002,manual,140,v40,125000,7,,volvo,no,2016-03-07,0,85643,2016-03-16 09:37:40
2016-03-10 07:12:25,33024,other,2010,auto,207,fiesta,90000,2,petrol,ford,no,2016-03-10,0,62040,2016-03-19 03:15:30
2016-04-02 19:09:41,45119,coupe,2016,manual,258,5_reihe,100000,10,gasoline,peugeot,,2016-04-02,0,39607,2016-04-26 11:31:12
2016-04-06 08:43:39,9266,sedan,1998,auto,44,andere,100000,9,lpg,sonstige_autos,no,2016-04-06,0,16644,2016-04-29 09:36:03
2016-03-08 22:22:34,15031,sedan,2013,manual,47,astra,80000,5,gasoline,opel,,2016-03-08,0,59062,2016-03-24 06:29:32
2016-04-01 12:50:23,6397,small,1996,manual,163,3er,150000,1,gasoline,bmw,no,2016-04-01,0,15078,2016-04-27 22:29:59
2016-04-04 18:20:42,6321,small,2008,manual,46,forfour,150000,10,petrol,smart,no,2016-04-04,0,98024,2016-05-03 18:02:16
2016-04-04 17:33:48,15208,suv,2002,manual,158,focus,100000,4,other,ford,no,2016-04-04,0,22796,2016-04-11 11:41:58
2016-03-08 14:13:26,11216,convertible,2003,auto,184,5er,150000,12,lpg,bmw,yes,2016-03-08,0,7890,2016-03-28 11:05:36
2016-03-07 01:11:26,32865,convertible,2003,auto,236,insignia,90000,9,cng,opel,no,2016-03-07,0,87596,2016-03-15 09:06:22
2016-03-13 10:43:42,8468,small,2008,manual,187,cooper,150000,1,other,mini,no,2016-03-13,0,8520,2016-03-25 19:15:39
2016-03-21 03:36:34,6144,other,2015,manual,54,andere,150000,7,petrol,sonstige_autos,yes,2016-03-21,0,64228,2016-03-26 23:02:04
2016-03-24 23:15:20,8531,suv,1998,manual,63,5_reihe,150000,0,petrol,peugeot,no,2016-03-24,0,41921,2016-04-03 11:54:32
2016-03-08 05:19:33,13705,small,2003,auto,183,v70,150000,3,petrol,volvo,,2016-03-08,0,46543,2016-03-11 15:14:55
2016-03-23 21:06:44,23763,other,2012,manual,169,a4,5000,3,gasoline,audi,no,2016-03-23,0,66616,2016-04-16 02:14:42
2016-04-01 02:35:58,42217,coupe,2014,auto,176,astra,150000,12,gasoline,opel,no,2016-04-01,0,51085,2016-04-28 11:44:27
2016-04-03 17:43:48,6702,small,1996,auto,170,500,150000,5,lpg,fiat,no,2016-04-03,0,25852,2016-04-16 11:40:24
2016-04-09 23:46:59,11304,small,2015,manual,241,scenic,150000,9,cng,renault,no,2016-04-09,0,85074,2016-04-10 04:19:12
2016-03-30 00:32:24,16983,small,2003,auto,144,berlingo,50000,1,petrol,citroen,,2016-03-30,0,30324,2016-04-27 16:38:19
2016-04-02 08:17:48,7068,other,2002,manual,52,yaris,125000,0,other,toyota,no,2016-04-02,0,8948,2016-04-05 18:48:47
2016-03-05 10:47:39,8376,wagon,1998,manual,96,3_reihe,150000,5,gasoline,mazda,,2016-03-05,0,53675,2016-03-09 18:54:29
2016-04-09 13:52:40,21754,other,2001,manual,153,fabia,90000,6,hybrid,skoda,no,2016-04-09,0,83697,2016-04-12 16:35:31
2016-03-22 21:37:59,36424,other,2015,auto,223,i30,150000,10,,hyundai,no,2016-03-22,0,25475,2016-04-17 04:26:56
2016-03-15 11:31:13,18203,other,2000,manual,248,a6,90000,1,lpg,audi,no,2016-03-15,0,82226,2016-03-20 17:49:10
2016-03-17 21:11:15,20559,other,2011,auto,142,c3,60000,6,other,citroen,no,2016-03-17,0,66080,2016-04-14 05:36:09
2016-03-09 20:34:01,7672,,2015,manual,237,fortwo,125000,3,,smart,no,2016-03-09,0,90281,2016-03-14 09:57:28
2016-03-03 10:40:56,15472,coupe,1995,manual,0,mondeo,150000,2,hybrid,ford,,2016-03-03,0,1219,2016-03-18 17:21:43
2016-04-01 17:10:25,24902,wagon,2001,manual,165,zafira,20000,10,gasoline,opel,no,2016-04-01,0,75664,2016-04-16 19:04:58
2016-03-22 15:30:12,3753,small,1995,manual,193,i30,5000,11,petrol,hyundai,yes,2016-03-22,0,20297,2016-04-18 21:54:50
2016-03-22 00:19:58,10746,other,2002,,200,qashqai,90000,4,petrol,nissan,no,2016-03-22,0,84447,2016-04-10 23:58:52
2016-04-08 23:06:00,26563,convertible,1998,auto,193,scenic,30000,2,other,renault,,2016-04-08,0,17473,2016-04-12 15:23:01
2016-04-01 12:24:05,13181,,1996,,149,forfour,150000,5,petrol,smart,,2016-04-01,0,98534,2016-04-17 01:46:07
2016-03-24 04:44:38,3801,sedan,1996,manual,67,superb,150000,12,,skoda,,2016-03-24,0,13574,2016-04-22 23:53:31
2016-03-02 14:54:47,15969,sedan,2015,,151,fortwo,150000,1,gasoline,smart,no,2016-03-02,0,58539,2016-03-10 16:11:06
2016-03-20 08:30:09,20765,bus,2005,,175,fiesta,100000,10,petrol,ford,no,2016-03-20,0,75444,2016-04-12 02:47:22
2016-03-29 18:51:03,10851,suv,1999,manual,47,6_reihe,150000,9,gasoline,mazda,,2016-03-29,0,10553,2016-04-14 03:44:29
2016-03-25 22:52:43,15713,wagon,2000,auto,98,i30,125000,7,gasoline,hyundai,no,2016-03-25,0,11789,2016-04-23 01:48:32
2016-03-23 14:09:50,26142,coupe,2005,manual,258,v70,150000,0,gasoline,volvo,no,2016-03-23,0,71093,2016-04-16 18:08:50
2016-03-24 15:43:56,7636,small,2000,manual,207,avensis,100000,4,other,toyota,no,2016-03-24,0,33687,2016-04-16 23:52:07
2016-03-31 03:11:24,11008,sedan,2000,manual,65,fiesta,5000,5,gasoline,ford,no,2016-03-31,0,32290,2016-04-06 09:53:57
2016-03-16 08:08:21,10419,coupe,1996,manual,170,micra,125000,10,petrol,nissan,no,2016-03-16,0,92081,2016-04-08 11:19:06
2016-03-02 12:05:57,9853,,2004,manual,130,2_reihe,70000,0,other,mazda,no,2016-03-02,0,28848,2016-03-16 15:32:12
2016-03-23 00:30:08,9527,small,2003,manual,257,andere,125000,6,,sonstige_autos,no,2016-03-23,0,86832,2016-04-05 01:34:18
2016-03-21 02:36:20,32900,suv,2001,manual,142,6_reihe,5000,10,electric,mazda,no,2016-03-21,0,90114,2016-04-15 11:36:05
2016-04-06 13:08:58,24325,coupe,1999,auto,54,panda,5000,2,gasoline,fiat,no,2016-04-06,0,59528,2016-04-15 12:53:07
2016-03-07 04:41:28,0,small,2004,manual,186,octavia,125000,7,,skoda,,2016-03-07,0,41985,2016-03-17 18:05:32
2016-03-19 09:40:15,3720,,2003,manual,231,,150000,3,petrol,seat,,2016-03-19,0,26926,2016-03-26 14:03:11
2016-03-06 06:15:35,9562,convertible,2008,manual,65,6_reihe,80000,11,gasoline,mazda,,2016-03-06,0,62119,2016-03-09 09:34:52
2016-03-11 06:53:47,18549,coupe,2011,auto,183,v70,80000,8,petrol,volvo,yes,2016-03-11,0,27662,2016-04-05 22:10:00
2016-03-29 19:27:33,21817,wagon,2016,manual,83,c_klasse,150000,7,gasoline,mercedes_benz,no,2016-03-29,0,80563,2016-04-28 08:00:55
2016-03-30 14:43:41,25060,wagon,2001,,228,qashqai,150000,8,petrol,nissan,no,2016-03-30,0,73458,2016-04-05 18:33:07
2016-03-26 05:59:12,30213,wagon,2001,,59,c3,150000,10,electric,citroen,no,2016-03-26,0,12028,2016-04-15 21:06:12
2016-04-02 18:19:18,31010,convertible,2011,manual,85,andere,90000,3,gasoline,sonstige_autos,no,2016-04-02,0,81790,2016-04-08 18:11:04
2016-03-19 02:19:32,25429,sedan,2010,auto,140,clubman,50000,0,petrol,mini,,2016-03-19,0,90337,2016-03-25 13:53:43
2016-03-17 17:10:10,9481,other,2013,manual,16214,c3,150000,4,petrol,citroen,yes,2016-03-17,0,26058,2016-03-18 20:55:30
2016-04-05 16:06:05,5430,,2006,manual,76,3_reihe,90000,2,other,mazda,no,2016-04-05,0,31573,2016-04-27 21:27:25
2016-03-24 13:08:41,29204,,2014,manual,0,v70,80000,6,gasoline,volvo,no,2016-03-24,0,71132,2016-04-09 04:00:50
2016-04-05 10:36:30,5899,small,1998,manual,118,cooper,125000,10,,mini,no,2016-04-05,0,44149,2016-04-07 20:26:28
2016-04-05 22:47:50,8515,bus,2002,manual,41,c3,90000,12,other,citroen,no,2016-04-05,0,33627,2016-04-19 23:08:27
2016-03-15 19:35:12,24478,bus,2015,manual,240,,150000,11,petrol,mercedes_benz,no,2016-03-15,0,91076,2016-04-13 08:58:55
2016-03-31 04:02:32,10150,,2004,auto,60,punto,150000,1,petrol,fiat,,2016-03-31,0,44815,2016-04-12 01:44:49
2016-03-24 00:24:47,5686,convertible,2010,manual,41,corolla,20000,6,,toyota,yes,2016-03-24,0,56379,2016-04-20 19:57:23
2016-04-04 20:11:26,11249,sedan,1998,manual,167,mondeo,125000,9,petrol,ford,no,2016-04-04,0,57217,2016-04-14 22:29:25
2016-04-04 20:36:00,21403,sedan,1998,auto,210,a3,150000,7,gasoline,audi,no,2016-04-04,0,93799,2016-04-13 00:47:23
2016-03-29 04:13:45,13778,coupe,2001,auto,165,megane,50000,12,gasoline,renault,yes,2016-03-29,0,60215,2016-04-27 03:36:34
2016-03-29 21:35:43,5735,wagon,2000,manual,190,note,30000,12,,nissan,yes,2016-03-29,0,72278,2016-04-21 13:05:31
2016-03-07 03:18:57,18716,sedan,2014,auto,43,,150000,9,petrol,volvo,no,2016-03-07,0,23844,2016-03-29 05:11:02
2016-04-09 02:23:48,14276,other,1995,manual,242,cooper,80000,4,gasoline,mini,no,2016-04-09,0,23150,2016-04-09 02:54:56
2016-03-28 20:45:59,24926,convertible,2014,manual,50,3_reihe,90000,10,gasoline,peugeot,no,2016-03-28,0,48417,2016-03-30 15:06:17
2016-04-05 12:16:45,25278,suv,2006,manual,0,a3,90000,7,petrol,audi,,2016-04-05,0,48162,2016-04-17 13:48:45
2016-03-13 14:45:56,9413,sedan,1997,manual,72,a_klasse,150000,6,electric,mercedes_benz,no,2016-03-13,0,3916,2016-03-27 21:49:11
2016-03-25 13:45:28,23293,other,2016,manual,174,q5,70000,8,petrol,audi,no,2016-03-25,0,4727,2016-04-11 07:08:58
2016-03-31 13:28:57,18258,other,2000,manual,211,,80000,1,gasoline,mini,no,2016-03-31,0,17798,2016-04-20 13:31:08
2016-03-17 11:50:36,11703,,1995,,57,a3,80000,7,petrol,audi,no,2016-03-17,0,54969,2016-03-25 16:13:00
2016-03-26 19:21:35,35852,other,2016,auto,222,2_reihe,90000,9,petrol,mazda,no,2016-03-26,0,30388,2016-04-10 11:44:01
2016-04-01 01:49:05,65972,suv,2007,auto,246,clubman,60000,1,,mini,no,2016-04-01,0,46246,2016-04-22 05:58:53
2016-03-21 14:30:25,21473,coupe,2014,manual,112,micra,150000,10,petrol,nissan,,2016-03-21,0,23089,2016-03-26 07:58:02
2016-04-08 18:12:01,12022,other,2007,auto,170,a1,70000,4,gasoline,audi,,2016-04-08,0,63441,2016-04-21 12:54:50
2016-04-05 10:02:54,24079,other,2007,manual,95,3er,30000,6,gasoline,bmw,,2016-04-05,0,48507,2016-04-24 15:29:58
2016-03-17 07:38:46,37669,coupe,2008,manual,223,,10000,10,gasoline,mini,no,2016-03-17,0,19257,2016-04-07 04:44:27
2016-03-18 17:42:09,3818,other,1997,manual,90,vectra,100000,6,gasoline,opel,yes,2016-03-18,0,90808,2016-03-31 20:08:55
2016-04-08 11:33:52,13225,small,2011,manual,0,vectra,70000,0,petrol,opel,,2016-04-08,0,52793,2016-04-10 08:56:25
2016-04-01 07:05:31,11707,small,1999,manual,253,fortwo,125000,11,gasoline,smart,,2016-04-01,0,73246,2016-04-10 15:29:33
2016-03-05 08:11:05,7070,,1997,manual,102,corsa,150000,5,petrol,opel,no,2016-03-05,0,76742,2016-03-18 07:45:11
2016-04-05 11:52:29,36231,suv,2008,manual,228,3er,40000,1,gasoline,bmw,no,2016-04-05,0,12903,2016-04-07 05:54:06
2016-03-21 03:01:52,5202,wagon,2000,manual,55,tucson,150000,4,petrol,hyundai,no,2016-03-21,0,81776,2016-04-08 04:10:00
2016-03-07 17:10:44,30912,,1998,auto,171,,10000,2,,volkswagen,,2016-03-07,0,92070,2016-03-09 02:29:43
2016-03-16 16:46:50,11102,suv,1999,manual,138,leon,150000,5,electric,seat,,2016-03-16,0,27863,2016-04-14 12:09:16
2016-03-21 12:05:03,43031,suv,1999,auto,254,3_reihe,5000,7,gasoline,mazda,,2016-03-21,0,92713,2016-04-07 22:32:34
2016-03-16 07:59:29,12499,sedan,2011,auto,140,2_reihe,150000,10,other,peugeot,no,2016-03-16,0,7278,2016-04-14 10:04:53
2016-03-16 02:03:53,14176,small,2010,manual,125,superb,125000,10,gasoline,skoda,,2016-03-16,0,24958,2016-03-16 06:22:57
2016-03-25 06:41:50,24187,sedan,2004,manual,218,,70000,4,gasoline,audi,no,2016-03-25,0,54165,2016-04-21 12:28:53
2016-04-04 02:42:16,4189,other,2009,manual,78,,150000,3,,citroen,yes,2016-04-04,0,85664,2016-05-02 06:21:22
2016-03-23 11:31:48,25736,wagon,1998,auto,228,panda,150000,4,gasoline,fiat,no,2016-03-23,0,46987,2016-04-09 17:41:02
2016-03-04 05:47:36,7603,other,2011,manual,173,,10000,8,petrol,nissan,,2016-03-04,0,36005,2016-03-29 17:26:53
2016-03-08 21:37:37,32257,suv,2005,manual,232,i20,90000,11,gasoline,hyundai,,2016-03-08,0,95847,2016-04-02 21:23:04
2016-03-13 11:53:02,3306,,2012,manual,193,mondeo,150000,10,other,ford,yes,2016-03-13,0,70291,2016-03-29 20:57:07
2016-03-21 09:23:32,6273,other,1998,manual,66,5_reihe,150000,10,other,peugeot,no,2016-03-21,0,26651,2016-04-08 04:56:12
2016-03-16 19:47:17,11477,wagon,1996,manual,207,corolla,150000,5,petrol,toyota,no,2016-03-16,0,9394,2016-03-24 22:38:42
2016-03-17 04:54:15,25208,other,1996,auto,241,qashqai,10000,7,gasoline,nissan,no,2016-03-17,0,67440,2016-04-12 22:58:19
2016-04-04 09:03:29,15156,,1999,manual,123,corolla,5000,8,cng,toyota,no,2016-04-04,0,65364,2016-04-12 08:16:58
2016-03-10 06:14:05,25987,bus,2009,manual,109,2_reihe,50000,1,gasoline,mazda,,2016-03-10,0,91293,2016-03-22 15:31:06
2016-03-18 18:05:26,28039,sedan,2011,manual,254,6_reihe,80000,9,gasoline,mazda,,2016-03-18,0,71668,2016-03-25 04:02:09
2016-04-02 20:50:35,12443,,2013,,93,zafira,125000,1,gasoline,opel,,2016-04-02,0,80134,2016-04-14 05:43:06
2016-03-07 11:15:10,5107,,1996,manual,234,fabia,150000,10,other,skoda,no,2016-03-07,0,46519,2016-03-13 21:33:03
2016-03-18 15:30:17,20937,sedan,2010,manual,140,,125000,12,gasoline,seat,,2016-03-18,0,82660,2016-04-02 23:12:52
2016-03-04 22:33:06,11078,small,2012,manual,103,leon,150000,8,petrol,seat,no,2016-03-04,0,91725,2016-03-09 21:48:08
2016-03-01 00:07:51,8463,small,1998,manual,152,cooper,70000,4,gasoline,mini,no,2016-03-01,0,37017,2016-03-14 01:00:14
2016-04-06 18:44:39,5977,wagon,2013,manual,79,octavia,150000,10,gasoline,skoda,,2016-04-06,0,84051,2016-04-29 16:54:47
2016-03-22 00:34:13,7344,,1996,manual,95,ibiza,60000,12,other,seat,no,2016-03-22,0,32845,2016-04-16 16:24:03
2016-03-30 22:58:48,7006,bus,1999,manual,95,megane,150000,7,hybrid,renault,yes,2016-03-30,0,42170,2016-04-11 01:30:53
2016-03-14 19:40:30,34633,convertible,2013,manual,233,zafira,80000,0,petrol,opel,,2016-03-14,0,15908,2016-04-10 20:50:48
2016-03-17 22:18:57,16972,sedan,1997,manual,220,corolla,150000,1,hybrid,toyota,no,2016-03-17,0,18020,2016-04-09 22:10:55
2016-03-21 11:34:11,11001,bus,2008,manual,128,micra,50000,8,,nissan,,2016-03-21,0,99306,2016-03-24 06:04:49
2016-03-05 11:09:12,23304,wagon,2002,auto,162,3_reihe,70000,11,other,mazda,no,2016-03-05,0,42393,2016-03-29 07:48:07
2016-03-30 10:58:15,10143,small,2008,manual,69,altea,100000,7,gasoline,seat,no,2016-03-30,0,64082,2016-04-19 08:22:27
2016-03-20 15:13:59,16237,wagon,2009,manual,136,ibiza,90000,4,other,seat,no,2016-03-20,0,53564,2016-03-27 20:16:34
2016-03-08 01:32:34,51560,suv,2016,auto,85,s_klasse,150000,7,gasoline,mercedes_benz,no,2016-03-08,0,77826,2016-04-02 12:33:43
2016-03-31 07:39:25,5060,,2001,manual,151,micra,150000,4,petrol,nissan,yes,2016-03-31,0,34323,2016-04-25 16:26:32
2016-03-24 11:11:25,28964,wagon,2009,manual,134,6_reihe,90000,8,gasoline,mazda,no,2016-03-24,0,19887,2016-04-04 08:36:46
2016-04-02 21:06:10,6751,small,2007,manual,214,andere,150000,12,other,sonstige_autos,,2016-04-02,0,68830,2016-04-18 02:10:02
2016-04-07 17:21:04,15109,other,2001,,146,a1,60000,11,gasoline,audi,,2016-04-07,0,18731,2016-04-23 07:10:32
2016-03-12 01:10:37,23338,suv,1998,auto,227,5_reihe,150000,5,,peugeot,no,2016-03-12,0,90399,2016-04-08 23:15:45
2016-03-21 08:30:51,18291,wagon,2007,manual,195,andere,150000,2,petrol,sonstige_autos,no,2016-03-21,0,52222,2016-03-24 15:17:35
2016-04-06 08:57:05,3346,small,2003,manual,165,corolla,100000,3,other,toyota,,2016-04-06,0,74983,2016-05-03 15:31:07
2016-03-12 07:33:08,9165,other,2006,manual,65,twingo,150000,3,,renault,no,2016-03-12,0,84652,2016-04-08 05:58:12
2016-03-02 18:44:44,25040,suv,2004,manual,65,clio,30000,1,,renault,no,2016-03-02,0,71222,2016-03-21 16:31:03
2016-03-06 08:08:34,8214,small,2008,manual,48,2_reihe,150000,0,,peugeot,no,2016-03-06,0,96295,2016-03-21 18:07:03
2016-03-12 17:34:38,9515,other,1996,manual,219,s60,150000,11,hybrid,volvo,yes,2016-03-12,0,7210,2016-03-31 14:34:50
2016-03-03 02:27:01,50202,suv,2010,manual,195,polo,150000,4,,volkswagen,no,2016-03-03,0,94553,2016-03-03 12:26:24
2016-04-07 12:20:00,8810,other,2001,manual,163,3_reihe,150000,0,petrol,mazda,no,2016-04-07,0,18261,2016-04-13 16:25:17
2016-03-24 08:15:52,0,,1995,manual,169,500,60000,0,gasoline,fiat,no,2016-03-24,0,38404,2016-04-02 07:27:04
2016-03-23 13:24:59,13161,other,2800,auto,174,touran,125000,1,petrol,volkswagen,,2016-03-23,0,1162,2016-03-31 09:30:23
2016-03-10 20:39:28,0,sedan,2006,manual,248,andere,10000,8,petrol,sonstige_autos,no,2016-03-10,0,48256,2016-03-27 22:14:54
2016-03-13 15:18:07,20105,wagon,1997,auto,134,7er,40000,3,petrol,bmw,no,2016-03-13,0,5662,2016-03-22 15:52:19
2016-03-31 20:06:13,16150,other,2016,manual,143,altea,90000,1,other,seat,no,2016-03-31,0,7464,2016-04-08 09:06:32
2016-03-11 00:29:18,0,suv,2013,manual,207,v70,150000,3,petrol,volvo,no,2016-03-11,0,60183,2016-03-16 15:13:32
2016-03-16 10:52:18,6851,other,1997,manual,56,s60,90000,4,lpg,volvo,no,2016-03-16,0,64319,2016-03-27 04:36:33
2016-04-08 02:18:33,15534,sedan,2016,manual,0,panda,100000,5,gasoline,fiat,no,2016-04-08,0,83255,2016-05-01 01:46:33
2016-03-08 23:02:27,14462,wagon,2015,manual,135,megane,150000,0,other,renault,no,2016-03-08,0,37845,2016-04-01 14:32:49
2016-03-12 15:33:15,9226,small,2001,manual,157,v70,125000,3,gasoline,volvo,no,2016-03-12,0,11200,2016-03-25 07:52:14
2016-04-08 11:49:17,24546,wagon,2007,auto,83,yaris,30000,0,petrol,toyota,no,2016-04-08,0,80157,2016-05-03 04:37:00
2016-04-02 04:02:56,13035,wagon,2002,manual,156,andere,150000,0,gasoline,sonstige_autos,no,2016-04-02,0,61843,2016-04-14 02:37:48
2016-03-22 20:37:22,18143,other,2002,manual,0,2_reihe,100000,12,gasoline,peugeot,no,2016-03-22,0,92234,2016-04-02 14:13:27
2016-03-10 05:02:36,26895,sedan,2014,manual,184,5_reihe,80000,12,gasoline,peugeot,no,2016-03-10,0,62921,2016-03-18 21:13:54
2016-03-25 02:02:46,9234,small,2004,manual,213,500,10000,4,petrol,fiat,no,2016-03-25,0,18426,2016-03-31 16:09:08
2016-03-01 03:01:37,11977,other,1995,auto,42,,70000,8,gasoline,toyota,no,2016-03-01,0,93276,2016-03-30 18:54:34
2016-03-20 04:13:17,15086,other,2013,manual,140,s60,125000,9,gasoline,volvo,no,2016-03-20,0,56964,2016-04-03 01:50:11
2016-03-08 01:12:58,10695,other,1998,manual,52,andere,5000,8,,sonstige_autos,no,2016-03-08,0,68512,2016-03-29 10:45:05
2016-03-14 14:47:11,14253,small,2016,manual,130,clubman,150000,6,gasoline,mini,,2016-03-14,0,44257,2016-04-06 00:46:42
2016-03-10 07:41:22,0,,2004,manual,59,clubman,150000,7,petrol,mini,no,2016-03-10,0,93182,2016-03-20 00:21:26
2016-03-30 12:55:47,11824,,2014,manual,53,fortwo,125000,2,gasoline,smart,,2016-03-30,0,69026,2016-04-03 21:01:08
2016-04-03 23:07:52,16441,wagon,2012,manual,118,a_klasse,90000,11,other,mercedes_benz,no,2016-04-03,0,85917,2016-04-12 13:09:54
2016-03-10 12:15:35,3135,other,1996,manual,49,c4,150000,4,other,citroen,no,2016-03-10,0,29502,2016-03-15 12:18:18
2016-03-25 22:37:59,16782,other,2008,manual,98,2_reihe,125000,5,gasoline,peugeot,no,2016-03-25,0,81906,2016-04-18 17:52:17
2016-04-09 10:52:50,25963,sedan,2013,manual,156,1er,70000,10,gasoline,bmw,no,2016-04-09,0,75547,2016-05-06 23:13:46
2016-03-29 20:44:40,15080,sedan,2014,manual,68,7er,150000,12,petrol,bmw,no,2016-03-29,0,84653,2016-04-16 14:23:12
2016-04-05 18:06:44,13791,suv,2010,auto,49,panda,60000,1,petrol,fiat,yes,2016-04-05,0,12773,2016-04-11 13:31:30
2016-03-15 11:25:54,6718,other,2000,manual,123,ibiza,150000,1,,seat,no,2016-03-15,0,75461,2016-03-19 12:47:16
2016-03-16 21:21:00,20898,,2007,manual,124,zafira,150000,10,petrol,opel,no,2016-03-16,0,8398,2016-04-12 16:56:24
2016-03-28 22:03:06,7590,small,2004,manual,44,a_klasse,125000,4,gasoline,mercedes_benz,no,2016-03-28,0,79922,2016-04-23 14:07:49
2016-03-16 18:30:02,23475,coupe,2013,manual,129,i20,100000,5,other,hyundai,no,2016-03-16,0,62965,2016-03-22 22:06:19
2016-03-07 18:16:25,17548,wagon,2016,manual,57,fiesta,125000,9,gasoline,ford,no,2016-03-07,0,10280,2016-03-18 13:22:36
2016-04-09 06:29:15,18200,,2003,manual,148,v40,125000,8,gasoline,volvo,no,2016-04-09,0,9225,2016-04-18 05:25:43
2016-03-07 09:07:49,21546,coupe,2012,manual,177,c_klasse,150000,6,petrol,mercedes_benz,,2016-03-07,0,71546,2016-03-16 02:47:01
2016-03-13 18:25:57,8823,wagon,1997,manual,120,a6,150000,8,,audi,no,2016-03-13,0,5737,2016-04-10 16:42:26
2016-04-08 11:46:16,0,wagon,2012,auto,64,forfour,150000,10,petrol,smart,no,2016-04-08,0,36423,2016-04-25 11:44:59
2016-03-03 12:52:17,9720,small,2003,manual,219,clubman,150000,5,petrol,mini,no,2016-03-03,0,23127,2016-03-21 07:40:42
2016-03-05 03:34:28,5635,other,2004,manual,146,a3,90000,5,gasoline,audi,yes,2016-03-05,0,21661,2016-03-18 08:57:09
2016-03-14 23:11:35,30160,coupe,2014,manual,194,zafira,80000,5,gasoline,opel,no,2016-03-14,0,32164,2016-04-02 00:08:23
2016-03-01 01:42:59,15580,sedan,1996,manual,233,cooper,90000,9,gasoline,mini,no,2016-03-01,0,28722,2016-03-10 23:24:58
2016-03-14 05:27:34,28363,,2006,manual,127,2_reihe,125000,1,hybrid,peugeot,no,2016-03-14,0,38326,2016-04-09 10:09:43
2016-03-20 21:59:06,8771,small,2011,manual,80,transporter,60000,11,petrol,volkswagen,no,2016-03-20,0,24822,2016-04-10 19:49:50
2016-04-01 09:20:10,17411,suv,1999,auto,72,qashqai,150000,12,gasoline,nissan,,2016-04-01,0,69944,2016-04-19 02:08:05
2016-04-04 07:15:50,8172,convertible,2012,manual,124,corolla,125000,12,,toyota,yes,2016-04-04,0,8854,2016-04-20 09:40:36
2016-04-01 06:35:13,35736,bus,2008,auto,257,s60,90000,4,gasoline,volvo,no,2016-04-01,0,52080,2016-04-29 10:13:58
2016-03-02 11:12:35,14431,wagon,2001,manual,234,s_klasse,125000,7,petrol,mercedes_benz,no,2016-03-02,0,83374,2016-03-06 17:17:23
2016-03-07 12:59:12,5853,,2003,manual,43,a3,150000,8,petrol,audi,no,2016-03-07,0,71697,2016-03-18 17:33:09
2016-03-24 03:08:10,20637,other,2014,manual,188,zafira,150000,9,petrol,opel,,2016-03-24,0,43940,2016-04-03 18:00:00
2016-03-21 16:50:07,8089,other,1998,auto,63,forfour,125000,11,petrol,smart,no,2016-03-21,0,51168,2016-04-01 14:16:53
2016-03-08 01:52:39,15936,wagon,1997,manual,131,v40,40000,4,petrol,volvo,no,2016-03-08,0,10421,2016-04-02 23:02:42
2016-03-01 01:38:43,43851,convertible,2015,auto,151,andere,50000,3,other,sonstige_autos,no,2016-03-01,0,50185,2016-03-14 05:42:34
2016-03-22 13:39:24,18249,bus,2011,manual,82,x_reihe,150000,3,petrol,bmw,no,2016-03-22,0,93395,2016-04-18 11:21:56
2016-03-06 03:01:58,6756,coupe,2001,manual,102,500,30000,5,cng,fiat,,2016-03-06,0,61924,2016-03-21 00:57:23
2016-03-07 04:54:52,36956,convertible,2002,auto,94,5_reihe,20000,5,gasoline,peugeot,no,2016-03-07,0,12758,2016-03-30 16:26:51
2016-03-31 04:25:45,9256,other,1995,auto,111,a1,150000,9,cng,audi,no,2016-03-31,0,37228,2016-04-02 16:27:37
2016-03-22 15:07:01,34959,suv,2009,manual,232,6_reihe,50000,9,petrol,mazda,no,2016-03-22,0,51428,2016-04-12 01:35:14
2016-03-15 00:54:38,18014,small,2013,auto,112,andere,125000,7,,sonstige_autos,no,2016-03-15,0,42624,2016-03-30 18:11:47
2016-03-22 10:11:26,0,small,1998,manual,44,7er,150000,9,petrol,bmw,no,2016-03-22,0,15344,2016-03-22 20:26:39
2016-03-23 08:46:19,4540,small,2011,manual,106,a3,70000,8,,audi,yes,2016-03-23,0,61953,2016-04-01 05:24:37
2016-03-11 08:20:09,20768,convertible,2007,auto,123,clubman,150000,8,other,mini,no,2016-03-11,0,8524,2016-03-13 18:19:23
2016-04-06 11:48:13,18661,small,2011,manual,115,3_reihe,90000,11,gasoline,peugeot,no,2016-04-06,0,64371,2016-04-16 19:44:45
2016-03-29 11:54:49,9162,suv,2007,manual,66,3er,70000,0,gasoline,bmw,yes,2016-03-29,0,15348,2016-04-20 15:19:57
2016-03-06 15:58:03,15950,small,2010,manual,252,leon,150000,10,gasoline,seat,no,2016-03-06,0,35046,2016-03-14 17:43:24
2016-04-06 05:53:49,12645,wagon,1995,auto,177,twingo,90000,5,petrol,renault,no,2016-04-06,0,3655,2016-04-08 21:34:16
2016-03-16 14:02:43,5147,,1996,auto,91,i20,150000,1,gasoline,hyundai,no,2016-03-16,0,88365,2016-03-27 13:58:06
2016-03-04 15:38:08,18301,sedan,2015,auto,63,focus,150000,5,petrol,ford,no,2016-03-04,0,70048,2016-03-25 03:37:52
2016-03-09 09:12:20,8107,,2008,manual,0,,80000,9,gasoline,renault,yes,2016-03-09,0,16492,2016-03-23 01:28:01
2016-03-20 22:41:54,7065,sedan,1997,manual,82,v40,80000,7,petrol,volvo,no,2016-03-20,0,54793,2016-04-13 07:28:31
2016-03-02 19:01:26,6724,small,1996,,210,a4,125000,10,petrol,audi,no,2016-03-02,0,7703,2016-03-24 11:51:05
2016-03-13 08:01:23,30809,bus,2014,manual,214,fortwo,150000,5,,smart,no,2016-03-13,0,38524,2016-03-21 11:12:14
2016-03-27 06:17:27,11232,bus,2013,manual,210,mondeo,125000,1,cng,ford,,2016-03-27,0,73732,2016-03-31 00:33:23
2016-03-26 08:53:41,12770,wagon,2010,manual,161,clubman,150000,6,other,mini,no,2016-03-26,0,14339,2016-04-18 06:41:12
2016-04-06 23:45:09,12892,other,2010,manual,96,c4,50000,11,gasoline,citroen,no,2016-04-06,0,65390,2016-05-06 23:37:48
2016-03-17 18:34:46,8954,sedan,2005,manual,45,,125000,8,other,mazda,no,2016-03-17,0,47864,2016-04-11 19:02:02
2016-03-20 18:54:39,10101,coupe,1995,manual,249,cooper,100000,12,other,mini,no,2016-03-20,0,78237,2016-04-11 17:49:49
2016-03-10 12:42:41,9981,small,2001,auto,52,forfour,90000,7,gasoline,smart,no,2016-03-10,0,33697,2016-03-30 10:24:49
2016-03-05 13:34:22,18409,other,2015,manual,143,,150000,0,gasoline,mercedes_benz,no,2016-03-05,0,55123,2016-03-21 08:28:09
2016-03-04 01:24:27,27628,wagon,2009,auto,70,mondeo,100000,12,petrol,ford,no,2016-03-04,0,54130,2016-03-21 20:46:31
2016-03-25 07:21:50,11794,other,2001,manual,51,andere,125000,10,gasoline,sonstige_autos,no,2016-03-25,0,23612,2016-04-07 23:48:30
2016-03-22 11:00:48,20261,wagon,1996,auto,155,touran,150000,8,gasoline,volkswagen,no,2016-03-22,0,60340,2016-03-28 12:03:42
2016-03-21 12:02:50,8852,small,2001,manual,231,2_reihe,150000,8,lpg,peugeot,no,2016-03-21,0,77368,2016-03-29 08:47:17
2016-03-10 20:28:14,17202,,1996,manual,109,corolla,90000,5,gasoline,toyota,no,2016-03-10,0,30146,2016-04-01 04:03:20
2016-03-16 09:00:07,13338,suv,2012,manual,58,leon,150000,11,gasoline,seat,yes,2016-03-16,0,44230,2016-03-18 08:19:52
2016-04-06 11:46:21,23758,other,2009,auto,254,avensis,150000,2,other,toyota,,2016-04-06,0,57149,2016-05-04 11:25:13
2016-04-05 06:59:11,21790,coupe,2009,manual,173,yaris,150000,7,other,toyota,no,2016-04-05,0,66982,2016-04-26 11:04:05
2016-04-04 03:01:12,20419,,2008,auto,160,s_klasse,100000,12,other,mercedes_benz,no,2016-04-04,0,75874,2016-04-07 17:17:37
2016-03-08 17:04:42,17876,sedan,2015,manual,63,punto,100000,6,petrol,fiat,no,2016-03-08,0,52950,2016-03-09 12:12:53
2016-03-08 03:20:12,15307,suv,2001,manual,201,focus,150000,10,other,ford,no,2016-03-08,0,78150,2016-03-09 05:51:11
2016-03-10 11:36:48,1994,sedan,1997,auto,43,zafira,150000,10,petrol,opel,yes,2016-03-10,0,76058,2016-03-21 11:32:55
2016-04-07 11:42:23,11789,sedan,2005,,197,mondeo,125000,6,,ford,no,2016-04-07,0,58442,2016-04-19 03:20:30
2016-03-12 02:33:32,11989,suv,2015,manual,154,touran,125000,11,petrol,volkswagen,yes,2016-03-12,0,71172,2016-04-05 21:51:30
2016-03-08 17:47:50,2076,small,2002,manual,59,v40,150000,5,petrol,volvo,yes,2016-03-08,0,98487,2016-03-21 08:59:24
2016-04-06 07:08:49,9858,other,1999,manual,108,note,125000,12,lpg,nissan,,2016-04-06,0,54274,2016-04-17 01:26:36
2016-03-19 01:21:07,10832,sedan,2001,manual,144,corolla,150000,5,petrol,toyota,no,2016-03-19,0,13176,2016-03-22 20:02:27
2016-04-03 20:58:46,21984,other,1996,manual,172,,100000,3,electric,sonstige_autos,no,2016-04-03,0,31695,2016-04-04 03:37:52
2016-03-07 20:08:29,8328,small,2005,auto,245,altea,70000,9,electric,seat,yes,2016-03-07,0,94779,2016-04-06 09:10:21
2016-03-26 06:01:27,21311,,2016,auto,229,3_reihe,150000,9,other,peugeot,no,2016-03-26,0,62397,2016-04-24 23:19:25
2016-04-06 00:04:46,8375,,2009,manual,168,e_klasse,150000,8,petrol,mercedes_benz,no,2016-04-06,0,17037,2016-04-25 16:47:35
2016-03-23 23:41:53,18434,sedan,2011,,91,,10000,3,other,volvo,no,2016-03-23,0,97353,2016-04-01 10:47:29
2016-03-22 21:02:19,14797,small,2009,,210,superb,125000,5,petrol,skoda,,2016-03-22,0,91966,2016-04-20 22:45:08
2016-03-19 02:04:24,3642,small,2001,manual,95,cooper,150000,9,gasoline,mini,yes,2016-03-19,0,54397,2016-03-29 04:46:03
2016-03-08 16:32:08,11202,sedan,2002,auto,45,micra,150000,10,gasoline,nissan,no,2016-03-08,0,80810,2016-03-25 01:16:13
2016-03-07 03:17:58,21925,coupe,2007,manual,0,v70,150000,9,petrol,volvo,no,2016-03-07,0,79715,2016-03-31 19:53:32
2016-03-17 00:43:47,6701,small,2000,manual,88,golf,40000,3,gasoline,volkswagen,no,2016-03-17,0,92583,2016-03-21 16:37:42
2016-04-02 19:10:55,29429,convertible,2013,auto,199,cooper,125000,5,other,mini,no,2016-04-02,0,98766,2016-04-17 16:42:49
2016-03-23 03:36:47,17511,sedan,2014,manual,133,astra,150000,2,gasoline,opel,no,2016-03-23,0,32350,2016-04-04 11:33:17
2016-03-19 16:54:51,27964,other,2004,auto,192,clio,90000,0,gasoline,renault,no,2016-03-19,0,10401,2016-04-18 07:10:36
2016-03-19 19:19:39,19982,,2013,auto,73,,150000,0,petrol,mazda,,2016-03-19,0,9586,2016-03-28 22:08:44
2016-03-26 15:30:32,71911,suv,2004,,149,2_reihe,80000,1,hybrid,peugeot,,2016-03-26,0,45546,2016-03-28 01:37:10
2016-03-27 09:13:40,24300,other,2016,manual,0,avensis,10000,3,petrol,toyota,no,2016-03-27,0,34148,2016-04-15 15:10:37
2016-03-08 11:34:58,19770,coupe,2007,manual,212,a3,125000,10,gasoline,audi,no,2016-03-08,0,68920,2016-03-11 17:53:55
2016-04-08 11:23:44,3645,small,2008,manual,50,2_reihe,150000,6,hybrid,peugeot,yes,2016-04-08,0,61608,2016-04-12 09:03:33
2016-03-15 05:55:29,0,wagon,1997,manual,83,panda,150000,6,gasoline,fiat,,2016-03-15,0,79983,2016-03-21 14:36:55
2016-03-29 12:25:20,26350,other,2014,manual,161,s_klasse,5000,6,petrol,mercedes_benz,,2016-03-29,0,54875,2016-04-10 23:21:10
2016-04-02 05:21:58,26784,other,2016,auto,254,,80000,10,hybrid,volvo,yes,2016-04-02,0,73017,2016-04-24 15:33:01
2016-03-10 16:13:35,10025,sedan,2003,manual,144,fortwo,150000,12,other,smart,no,2016-03-10,0,53449,2016-04-07 10:03:15
2016-03-21 23:01:10,17027,other,2008,manual,183,a_klasse,150000,4,petrol,mercedes_benz,no,2016-03-21,0,21350,2016-03-29 12:24:35
2016-03-31 07:12:34,14584,,2008,manual,190,leon,125000,7,other,seat,no,2016-03-31,0,91318,2016-04-09 14:10:31
2016-03-02 14:07:06,6481,sedan,2011,manual,113,6_reihe,150000,0,gasoline,mazda,yes,2016-03-02,0,75783,2016-03-12 01:57:34
2016-03-31 09:32:57,4872,wagon,2000,manual,177,a_klasse,150000,10,petrol,mercedes_benz,yes,2016-03-31,0,90676,2016-04-08 14:53:54
2016-03-17 02:11:27,27446,sedan,2012,manual,242,andere,30000,9,gasoline,sonstige_autos,no,2016-03-17,0,32414,2016-04-06 01:49:21
2016-03-01 10:09:56,14539,coupe,1900,manual,145,a3,125000,5,,audi,no,2016-03-01,0,11270,2016-03-01 12:45:20
2016-04-08 13:26:23,15396,sedan,2011,manual,72,astra,125000,4,petrol,opel,no,2016-04-08,0,75163,2016-04-16 21:05:03
2016-03-15 21:29:48,2934,small,1996,manual,76,ka,150000,3,petrol,ford,no,2016-03-15,0,48430,2016-04-07 17:45:11
2016-04-07 19:55:24,12717,,1996,manual,227,fortwo,125000,8,other,smart,no,2016-04-07,0,55516,2016-04-15 05:09:02
2016-03-01 21:39:27,30975,wagon,2002,,241,x_reihe,125000,0,gasoline,bmw,no,2016-03-01,0,5677,2016-03-17 04:16:31
2016-04-04 04:12:47,30117,coupe,2007,manual,233,clubman,150000,8,gasoline,mini,no,2016-04-04,0,80982,2016-04-19 07:31:47
2016-03-18 14:02:16,11734,wagon,2008,manual,162,fiesta,150000,3,other,ford,no,2016-03-18,0,14841,2016-03-20 08:26:25
2016-03-04 21:14:32,16220,sedan,2000,auto,93,1er,125000,12,gasoline,bmw,no,2016-03-04,0,75171,2016-03-11 07:53:26
2016-03-26 18:04:28,4643,sedan,2005,manual,64,twingo,150000,3,gasoline,renault,yes,2016-03-26,0,74031,2016-04-23 06:14:25
2016-03-24 13:58:14,47000,suv,2010,auto,183,500,150000,5,gasoline,fiat,no,2016-03-24,0,86797,2016-04-06 06:20:14
2016-03-24 06:38:25,12513,suv,1999,manual,52,a1,125000,11,petrol,audi,no,2016-03-24,0,30202,2016-03-30 21:59:46
2016-04-08 10:47:56,21413,bus,2010,manual,151,leon,80000,12,petrol,seat,no,2016-04-08,0,30311,2016-04-17 09:34:50
2016-04-04 19:57:58,32067,other,2015,manual,218,polo,150000,0,hybrid,volkswagen,,2016-04-04,0,89072,2016-04-15 20:06:24
2016-03-30 15:00:29,9012,other,2006,manual,130,500,20000,4,gasoline,fiat,,2016-03-30,0,2166,2016-03-30 20:09:49
2016-03-31 18:38:45,13091,sedan,2014,manual,202,avensis,150000,5,petrol,toyota,no,2016-03-31,0,29770,2016-04-12 09:51:43
2016-03-26 23:37:27,17843,sedan,2010,manual,211,transporter,150000,4,petrol,volkswagen,,2016-03-26,0,35166,2016-04-20 09:50:01
2016-03-01 15:01:08,0,other,1997,manual,88,v70,60000,9,petrol,volvo,no,2016-03-01,0,72086,2016-03-19 10:37:56
2016-03-31 00:09:20,3551,small,1995,manual,59,fabia,100000,3,petrol,skoda,no,2016-03-31,0,27645,2016-04-16 19:15:43
2016-03-09 06:31:19,16191,bus,1996,auto,171,7er,70000,4,petrol,bmw,no,2016-03-09,0,93314,2016-04-07 15:25:43
2016-04-01 01:03:10,8087,wagon,1999,manual,113,qashqai,150000,2,petrol,nissan,no,2016-04-01,0,31648,2016-04-15 03:47:59
2016-03-15 15:35:06,17209,bus,2005,manual,158,altea,100000,12,gasoline,seat,no,2016-03-15,0,92852,2016-03-17 15:03:56
2016-04-08 19:25:51,17748,other,2006,manual,87,micra,150000,0,gasoline,nissan,no,2016-04-08,0,92181,2016-05-06 20:35:59
2016-03-24 08:56:03,19095,other,2004,auto,174,panda,150000,1,gasoline,fiat,,2016-03-24,0,32723,2016-04-02 15:44:33
2016-03-20 13:40:29,27708,wagon,2016,manual,121,fortwo,40000,2,gasoline,smart,no,2016-03-20,0,27326,2016-04-05 11:10:40
2016-04-02 06:50:43,22539,sedan,2005,auto,169,i30,150000,9,gasoline,hyundai,no,2016-04-02,0,5216,2016-04-04 17:22:44
2016-03-14 20:42:19,14599,small,2012,manual,132,touran,60000,5,gasoline,volkswagen,,2016-03-14,0,78669,2016-04-11 14:21:07
2016-03-11 03:40:58,10558,sedan,2007,manual,105,altea,150000,1,other,seat,no,2016-03-11,0,47283,2016-04-04 23:17:01
2016-03-03 09:13:22,15275,wagon,2009,manual,103,altea,150000,2,gasoline,seat,no,2016-03-03,0,71048,2016-03-13 12:01:59
2016-04-04 01:49:29,42046,,2011,auto,224,corolla,150000,8,gasoline,toyota,no,2016-04-04,0,36119,2016-04-06 08:28:22
2016-03-31 14:59:01,28099,bus,2000,auto,192,fortwo,125000,10,gasoline,smart,no,2016-03-31,0,26678,2016-04-22 06:11:27
2016-03-18 17:42:17,9031,other,1998,manual,59,berlingo,20000,11,petrol,citroen,no,2016-03-18,0,94196,2016-03-29 22:22:03
2016-04-01 23:32:57,61694,convertible,2012,auto,247,corsa,150000,7,gasoline,opel,no,2016-04-01,0,18715,2016-04-29 08:59:12
2016-04-01 13:01:29,48085,suv,2012,auto,189,c4,50000,4,gasoline,citroen,no,2016-04-01,0,99648,2016-04-19 11:55:10
2016-03-01 02:27:01,13307,small,2005,manual,195,v70,70000,9,gasoline,volvo,no,2016-03-01,0,47180,2016-03-19 01:07:25
2016-03-17 09:33:34,13892,small,2013,manual,88,fortwo,40000,6,petrol,smart,no,2016-03-17,0,13468,2016-04-04 10:55:57
2016-03-22 12:37:12,22962,,2014,,42,forfour,50000,0,petrol,smart,no,2016-03-22,0,82677,2016-04-05 23:22:23
2016-03-10 03:27:16,13328,suv,2002,manual,146,panda,90000,4,other,fiat,no,2016-03-10,0,89437,2016-03-28 03:06:45
2016-03-08 01:19:52,51077,sedan,2008,auto,255,7er,5000,10,hybrid,bmw,no,2016-03-08,0,79859,2016-04-01 06:57:02
2016-03-25 11:35:50,16835,sedan,2009,manual,131,a3,150000,2,gasoline,audi,no,2016-03-25,0,14264,2016-04-05 19:40:31
2016-03-29 08:15:25,25273,wagon,2006,auto,42,3er,70000,3,,bmw,no,2016-03-29,0,72075,2016-04-17 13:49:37
2016-04-09 10:09:54,10224,sedan,2000,manual,169,altea,150000,7,petrol,seat,no,2016-04-09,0,87024,2016-05-06 22:01:26
2016-04-03 00:36:25,13035,sedan,1998,manual,104,forfour,90000,5,gasoline,smart,,2016-04-03,0,24225,2016-04-23 08:35:02
2016-03-30 23:02:09,21309,,2005,manual,150,punto,40000,11,gasoline,fiat,no,2016-03-30,0,78154,2016-04-28 10:06:55
2016-04-03 02:27:35,0,sedan,2009,manual,101,ibiza,125000,10,other,seat,no,2016-04-03,0,56416,2016-04-27 22:51:11
2016-03-15 00:04:49,26945,other,1996,auto,168,2_reihe,50000,1,gasoline,peugeot,no,2016-03-15,0,56817,2016-03-19 18:10:53
2016-03-25 01:45:13,0,,1996,auto,155,c3,150000,9,,citroen,no,2016-03-25,0,22876,2016-04-01 20:09:03
2016-03-24 23:56:17,9256,,2012,manual,53,a1,150000,1,gasoline,audi,no,2016-03-24,0,47771,2016-04-19 02:16:50
2016-03-15 20:40:33,16225,sedan,2003,manual,219,fortwo,70000,4,petrol,smart,no,2016-03-15,0,33990,2016-03-20 14:50:59
2016-03-09 01:03:23,22211,,2014,manual,64,yaris,70000,8,petrol,toyota,no,2016-03-09,0,72545,2016-03-25 06:32:06
2016-03-14 00:02:27,16212,sedan,2003,,82,fabia,40000,4,gasoline,skoda,no,2016-03-14,0,86507,2016-03-28 12:51:28
2016-03-09 20:45:13,7623,suv,2005,manual,51,a1,50000,5,other,audi,yes,2016-03-09,0,9400,2016-03-18 11:03:24
2016-03-24 03:43:33,14715,coupe,2013,manual,75,tucson,150000,5,petrol,hyundai,no,2016-03-24,0,88319,2016-04-04 17:59:23
2016-03-23 19:57:24,34574,other,2005,auto,257,qashqai,150000,4,gasoline,nissan,no,2016-03-23,0,74597,2016-04-09 09:42:51
2016-03-11 21:31:56,4570,small,2008,manual,205,6_reihe,125000,3,gasoline,mazda,,2016-03-11,0,7962,2016-03-24 19:39:57
2016-03-07 13:11:18,22855,sedan,1999,auto,184,c4,60000,7,gasoline,citroen,,2016-03-07,0,34292,2016-04-02 16:10:39
2016-04-01 22:16:39,8314,small,1998,manual,237,corsa,80000,6,gasoline,opel,no,2016-04-01,0,95255,2016-04-25 12:54:14
2016-03-29 05:32:03,5814,wagon,2005,,60,golf,90000,1,gasoline,volkswagen,yes,2016-03-29,0,77419,2016-03-31 18:52:23
2016-03-07 03:29:11,13767,,1995,auto,109,v70,150000,9,gasoline,volvo,,2016-03-07,0,27778,2016-03-14 18:46:56
2016-03-16 16:45:29,15208,sedan,2003,manual,176,yaris,125000,8,gasoline,toyota,no,2016-03-16,0,50608,2016-04-02 14:33:33
2016-03-09 06:59:07,13614,small,2003,auto,250,qashqai,150000,9,,nissan,no,2016-03-09,0,10467,2016-04-06 08:39:26
2016-03-07 03:00:48,9370,small,2013,auto,140,2_reihe,100000,8,gasoline,peugeot,yes,2016-03-07,0,82212,2016-03-12 09:41:45
2016-04-07 16:56:27,8082,wagon,2004,manual,82,touran,90000,0,petrol,volkswagen,no,2016-04-07,0,88280,2016-04-22 12:17:18
2016-03-04 03:19:20,19186,suv,2013,,132,insignia,60000,12,other,opel,no,2016-03-04,0,25089,2016-03-11 03:46:04
2016-03-25 20:20:43,17656,sedan,2001,auto,90,mondeo,125000,0,gasoline,ford,no,2016-03-25,0,63467,2016-03-31 04:09:27
2016-03-28 23:22:17,55287,coupe,2015,manual,243,corolla,150000,1,electric,toyota,,2016-03-28,0,45189,2016-04-11 23:16:01
2016-03-23 16:16:27,37664,suv,2015,manual,225,fiesta,150000,11,gasoline,ford,,2016-03-23,0,42939,2016-04-11 19:24:04
2016-04-06 20:18:27,24424,other,2013,auto,151,x_reihe,150000,0,other,bmw,no,2016-04-06,0,47511,2016-04-11 13:07:44
2016-03-20 05:21:32,4614,small,2010,manual,109,,70000,6,petrol,hyundai,yes,2016-03-20,0,93941,2016-04-08 23:11:15
2016-04-05 19:11:24,11501,bus,1997,manual,178,1er,150000,11,petrol,bmw,no,2016-04-05,0,22709,2016-04-19 17:24:08
2016-03-20 03:38:21,38015,coupe,2006,auto,127,micra,20000,2,,nissan,,2016-03-20,0,73653,2016-04-11 18:28:20
2016-03-26 15:31:08,25443,coupe,2014,manual,52,i30,150000,9,gasoline,hyundai,no,2016-03-26,0,26813,2016-04-18 17:52:56
2016-03-17 01:04:13,17040,sedan,2003,auto,134,clio,30000,0,other,renault,,2016-03-17,0,8599,2016-03-22 16:59:49
2016-04-02 06:52:42,17499,small,2014,auto,238,avensis,70000,7,gasoline,toyota,no,2016-04-02,0,66307,2016-04-19 02:14:36
2016-03-17 00:34:26,11824,other,1999,manual,115,i30,80000,6,gasoline,hyundai,no,2016-03-17,0,92250,2016-04-01 21:23:10
2016-03-31 20:57:07,20482,other,2001,auto,239,c3,80000,9,lpg,citroen,,2016-03-31,0,17910,2016-04-25 07:41:53
2016-03-23 06:52:57,31996,suv,2005,manual,213,clio,40000,9,,renault,no,2016-03-23,0,85825,2016-04-16 04:24:05
2016-03-21 13:48:51,16823,bus,2009,manual,5173,fabia,60000,8,other,skoda,no,2016-03-21,0,82071,2016-04-16 00:03:56
2016-03-03 14:25:27,3201,other,2002,manual,71,e_klasse,150000,2,petrol,mercedes_benz,yes,2016-03-03,0,28392,2016-03-15 00:02:57
2016-03-07 21:35:09,18621,suv,2010,manual,166,2_reihe,150000,9,gasoline,mazda,no,2016-03-07,0,47211,2016-03-27 03:53:28
2016-03-16 08:02:56,11673,,2010,manual,61,3_reihe,150000,8,petrol,mazda,no,2016-03-16,0,25032,2016-04-08 03:07:15
2016-03-11 12:20:56,21819,bus,2014,auto,72,note,125000,0,other,nissan,no,2016-03-11,0,14451,2016-03-21 07:33:46
2016-03-18 08:00:26,7545,small,1995,auto,0,punto,150000,10,petrol,fiat,no,2016-03-18,0,6924,2016-04-11 05:40:56
2016-04-04 10:20:23,12465,bus,1999,auto,77,scenic,150000,3,petrol,renault,no,2016-04-04,0,28939,2016-04-27 01:15:39
2016-03-12 15:50:23,24641,sedan,2002,manual,146,andere,70000,7,,sonstige_autos,no,2016-03-12,0,30782,2016-04-08 11:39:45
2016-03-30 21:32:05,22580,sedan,2012,auto,55,golf,150000,11,gasoline,volkswagen,no,2016-03-30,0,63109,2016-04-28 19:37:29
2016-03-10 07:48:16,7232,other,1995,manual,116,,150000,7,gasoline,renault,no,2016-03-10,0,55597,2016-03-26 03:36:46
2016-03-02 02:58:41,18648,other,2014,auto,71,5er,150000,8,petrol,bmw,,2016-03-02,0,14225,2016-03-14 20:32:28
2016-03-22 08:41:37,17595,wagon,2015,auto,69,c4,150000,2,other,citroen,no,2016-03-22,0,17287,2016-04-20 05:42:27
2016-03-29 12:27:35,9453,bus,2009,manual,0,500,150000,9,gasoline,fiat,yes,2016-03-29,0,54005,2016-04-14 19:22:06
2016-03-29 07:27:03,20569,other,2007,auto,141,,150000,0,gasoline,toyota,no,2016-03-29,0,28984,2016-03-30 08:56:06
2016-03-18 09:58:57,7981,suv,1995,manual,75,qashqai,125000,9,petrol,nissan,no,2016-03-18,0,82309,2016-04-09 03:28:33
2016-04-04 07:22:19,9783,other,1995,manual,172,s60,125000,8,gasoline,volvo,no,2016-04-04,0,86981,2016-04-26 01:05:21
2016-03-20 04:02:10,43352,convertible,2009,manual,217,insignia,150000,9,,opel,,2016-03-20,0,39459,2016-03-21 06:09:49
2016-03-12 04:11:36,40817,,2015,auto,84,cooper,150000,2,,mini,,2016-03-12,0,29995,2016-04-01 13:13:42
2016-04-09 20:12:53,8455,small,1997,manual,216,a6,150000,8,gasoline,audi,no,2016-04-09,0,57550,2016-04-25 11:31:51
2016-03-01 15:23:53,24328,small,2011,auto,43,e_klasse,70000,0,hybrid,mercedes_benz,no,2016-03-01,0,78327,2016-03-19 16:00:24
2016-03-06 17:16:26,27513,coupe,2010,manual,174,leon,125000,2,gasoline,seat,no,2016-03-06,0,52520,2016-03-19 02:26:25
2016-03-19 00:30:45,18307,other,2004,auto,159,3er,150000,4,petrol,bmw,,2016-03-19,0,50934,2016-03-26 21:04:13
2016-03-12 20:02:26,21666,other,1996,manual,97,cooper,50000,8,electric,mini,no,2016-03-12,0,16873,2016-03-30 01:03:45
2016-03-06 16:51:39,11469,small,2000,auto,225,scenic,60000,0,other,renault,no,2016-03-06,0,79624,2016-03-19 10:46:14
2016-03-27 12:56:54,19139,wagon,2005,manual,113,e_klasse,150000,3,gasoline,mercedes_benz,,2016-03-27,0,67608,2016-03-30 11:46:19
2016-03-04 12:52:19,13382,small,2000,auto,90,vectra,80000,10,hybrid,opel,no,2016-03-04,0,44986,2016-03-29 10:22:34
2016-04-08 02:53:41,20698,wagon,2008,manual,144,andere,30000,12,lpg,sonstige_autos,no,2016-04-08,0,67935,2016-05-06 07:36:20
2016-03-09 16:30:08,6911,small,2005,auto,57,clio,125000,0,petrol,renault,no,2016-03-09,0,98101,2016-03-15 16:36:51
2016-03-25 17:31:05,11655,suv,1997,manual,137,andere,125000,3,gasoline,sonstige_autos,no,2016-03-25,0,50896,2016-04-17 00:23:53
2016-03-19 13:05:24,7603,bus,2012,manual,66,touran,90000,5,other,volkswagen,,2016-03-19,0,90368,2016-04-08 08:33:31
2016-03-26 07:30:13,22467,sedan,2011,manual,206,passat,100000,10,,volkswagen,no,2016-03-26,0,5394,2016-04-10 22:05:33
2016-04-07 05:07:42,8097,wagon,2008,manual,232,transporter,150000,4,gasoline,volkswagen,yes,2016-04-07,0,5682,2016-04-16 14:15:54
2016-04-09 22:32:16,19325,wagon,2013,manual,220,500,150000,10,petrol,fiat,,2016-04-09,0,7477,2016-04-11 08:30:16
2016-03-05 08:49:11,11949,other,2006,manual,99,altea,150000,2,,seat,,2016-03-05,0,61922,2016-03-28 13:56:13
2016-03-29 11:52:33,23637,suv,1996,manual,161,a_klasse,70000,6,gasoline,mercedes_benz,no,2016-03-29,0,77920,2016-03-31 02:11:00
2016-04-06 15:06:21,13644,other,2003,auto,99,andere,80000,4,petrol,sonstige_autos,no,2016-04-06,0,50695,2016-04-23 20:33:23
2016-04-03 17:47:25,19434,suv,2001,manual,53,v70,100000,11,,volvo,no,2016-04-03,0,42121,2016-04-26 13:41:38
2016-03-30 13:05:14,30289,other,2002,auto,242,i30,150000,10,gasoline,hyundai,no,2016-03-30,0,1089,2016-04-23 22:54:25
2016-04-03 20:50:29,20933,suv,2009,manual,40,octavia,90000,3,gasoline,skoda,,2016-04-03,0,58443,2016-04-27 07:38:37
2016-03-10 11:42:43,16270,bus,2003,manual,86,3_reihe,90000,8,petrol,mazda,no,2016-03-10,0,6384,2016-04-07 09:23:48
2016-03-25 22:21:23,14007,,1999,manual,0,c4,150000,0,gasoline,citroen,no,2016-03-25,0,80054,2016-04-19 14:32:58
2016-03-08 13:56:25,6327,wagon,2003,auto,63,,150000,2,other,smart,yes,2016-03-08,0,64693,2016-03-24 06:34:42
2016-03-27 16:06:07,29394,coupe,2013,manual,92,5er,60000,1,petrol,bmw,no,2016-03-27,0,46894,2016-04-19 15:57:39
2016-03-01 16:51:29,37204,wagon,2006,,191,clubman,150000,2,electric,mini,no,2016-03-01,0,67600,2016-03-14 16:38:06
2016-03-30 17:30:38,16527,sedan,2007,manual,248,s60,90000,1,other,volvo,no,2016-03-30,0,54863,2016-03-31 21:03:46
2016-03-10 18:18:05,15902,,2002,manual,69,scenic,150000,5,hybrid,renault,no,2016-03-10,0,51364,2016-03-27 13:36:37
2016-03-01 06:25:49,6762,suv,2006,manual,109,ibiza,150000,1,petrol,seat,yes,2016-03-01,0,10179,2016-03-21 17:29:40
2016-03-21 05:56:20,11493,sedan,2006,auto,57,andere,150000,1,petrol,sonstige_autos,,2016-03-21,0,94994,2016-03-26 15:47:23
2016-03-07 13:57:34,34251,wagon,2005,auto,249,yaris,80000,3,petrol,toyota,,2016-03-07,0,9563,2016-03-14 18:22:24
2016-03-28 13:13:36,10112,small,1999,manual,250,andere,70000,6,petrol,sonstige_autos,no,2016-03-28,0,53447,2016-04-12 13:17:57
2016-03-28 11:51:29,90000,sedan,2006,auto,43,fortwo,150000,5,other,smart,no,2016-03-28,0,51342,2016-04-17 02:36:37
2016-03-06 16:30:12,4793,convertible,1995,manual,69,,150000,7,petrol,sonstige_autos,no,2016-03-06,0,47826,2016-03-17 11:25:01
2016-03-18 15:51:37,25629,small,2016,,202,c_klasse,90000,7,gasoline,mercedes_benz,no,2016-03-18,0,99668,2016-04-10 00:50:23
2016-03-08 11:03:17,24754,,2007,manual,123,5_reihe,125000,10,hybrid,peugeot,no,2016-03-08,0,11951,2016-03-09 21:31:54
2016-04-08 08:48:30,8061,small,2004,manual,176,superb,100000,3,petrol,skoda,no,2016-04-08,0,93783,2016-04-17 17:54:59
2016-04-04 23:47:55,8678,bus,2016,,110,c3,125000,12,petrol,citroen,,2016-04-04,0,94204,2016-04-22 21:24:12
2016-03-31 05:58:12,13557,other,2010,manual,241,a1,150000,8,lpg,audi,no,2016-03-31,0,27530,2016-04-15 12:40:59
2016-03-28 01:30:40,41210,,2013,auto,158,fiesta,150000,6,gasoline,ford,no,2016-03-28,0,16598,2016-04-09 03:48:38
2016-04-07 11:59:38,10579,sedan,1998,auto,146,insignia,150000,10,gasoline,opel,no,2016-04-07,0,13125,2016-05-03 00:40:15
2016-03-19 01:07:26,24939,sedan,2010,,244,6_reihe,150000,4,petrol,mazda,no,2016-03-19,0,18779,2016-03-26 15:12:59
2016-03-11 19:42:46,34002,other,2015,auto,203,3_reihe,70000,8,gasoline,mazda,no,2016-03-11,0,44820,2016-03-22 22:32:38
2016-03-17 12:37:13,4399,sedan,2008,manual,46,c4,125000,2,petrol,citroen,yes,2016-03-17,0,4022,2016-04-15 15:11:30
2016-03-13 10:06:22,11747,other,1997,manual,242,fortwo,125000,2,petrol,smart,no,2016-03-13,0,26188,2016-04-02 17:34:11
2016-03-01 02:58:03,9587,small,2012,manual,135,punto,90000,9,lpg,fiat,no,2016-03-01,0,51800,2016-03-03 13:35:20
2016-04-05 14:45:32,24977,suv,1997,manual,172,fortwo,60000,4,gasoline,smart,no,2016-04-05,0,21356,2016-04-16 06:29:00
2016-04-04 19:24:00,5386,small,1999,manual,86,e_klasse,60000,7,petrol,mercedes_benz,no,2016-04-04,0,70873,2016-04-30 20:59:40
2016-04-05 06:35:42,3846,,2000,manual,42,andere,100000,2,petrol,sonstige_autos,no,2016-04-05,0,3789,2016-05-04 06:44:37
2016-04-03 13:42:50,12944,,1995,auto,236,clubman,100000,8,gasoline,mini,no,2016-04-03,0,48443,2016-04-10 11:35:24
2016-04-07 08:07:27,6330,other,1998,manual,60,c3,125000,0,gasoline,citroen,no,2016-04-07,0,63822,2016-04-13 08:09:21
2016-04-02 01:55:04,8557,,1998,manual,64,i20,90000,6,petrol,hyundai,no,2016-04-02,0,21499,2016-04-08 10:49:49
2016-03-16 09:36:24,52105,bus,2015,auto,257,focus,30000,11,gasoline,ford,no,2016-03-16,0,71963,2016-04-10 17:10:18
2016-03-30 01:41:11,21456,sedan,2009,manual,249,megane,150000,10,gasoline,renault,no,2016-03-30,0,17755,2016-04-14 00:12:00
2016-04-08 19:57:57,5889,small,2009,manual,70,tucson,40000,12,gasoline,hyundai,yes,2016-04-08,0,87845,2016-04-24 00:24:25
2016-03-11 11:53:54,41861,suv,2002,,196,panda,150000,4,gasoline,fiat,,2016-03-11,0,1981,2016-04-08 20:55:46
2016-04-05 19:45:29,12815,other,2010,manual,197,2_reihe,150000,7,petrol,peugeot,no,2016-04-05,0,84425,2016-04-17 05:33:16
2016-03-03 07:13:09,20893,wagon,2009,auto,54,s60,80000,11,gasoline,volvo,no,2016-03-03,0,54279,2016-03-26 07:56:55
2016-03-05 09:26:15,0,small,2005,manual,188,focus,150000,11,other,ford,no,2016-03-05,0,38619,2016-03-20 18:05:55
2016-03-14 23:47:34,12506,other,2000,manual,98,leon,70000,5,petrol,seat,no,2016-03-14,0,45346,2016-04-02 11:07:00
2016-03-22 16:50:54,6876,bus,1996,auto,48,qashqai,150000,7,other,nissan,no,2016-03-22,0,20116,2016-04-15 13:42:32
2016-04-07 20:28:40,13131,bus,1995,manual,0,v70,80000,1,gasoline,volvo,no,2016-04-07,0,42724,2016-05-05 15:56:59
2016-03-22 12:37:12,22962,,2014,,42,forfour,50000,0,petrol,smart,no,2016-03-22,0,82677,2016-04-05 23:22:23
2016-04-08 04:08:33,8629,sedan,1997,auto,57,panda,125000,4,petrol,fiat,no,2016-04-08,0,43990,2016-04-21 16:20:21
2016-03-07 06:32:18,12601,small,2012,manual,48,punto,150000,1,hybrid,fiat,no,2016-03-07,0,24697,2016-03-30 20:30:55
2016-04-08 11:35:07,5468,small,1997,auto,134,leon,70000,2,gasoline,seat,,2016-04-08,0,46842,2016-04-27 13:59:27
2016-04-05 01:22:05,14602,other,2007,manual,244,megane,150000,11,other,renault,no,2016-04-05,0,42275,2016-04-25 21:58:57
2016-04-05 00:22:24,37616,,2014,manual,210,yaris,30000,2,petrol,toyota,,2016-04-05,0,18487,2016-04-18 09:31:03
2016-03-02 09:38:16,16070,,2001,auto,54,focus,125000,6,electric,ford,no,2016-03-02,0,12712,2016-03-17 14:00:49
2016-03-15 00:09:33,25025,,2012,manual,255,note,150000,8,,nissan,no,2016-03-15,0,7769,2016-04-13 23:35:38
2016-04-01 23:08:53,8268,small,2011,manual,70,fortwo,150000,11,cng,smart,,2016-04-01,0,47117,2016-04-06 16:48:17
2016-03-14 11:03:34,6316,bus,2006,manual,87,megane,50000,12,petrol,renault,yes,2016-03-14,0,64361,2016-04-06 14:57:24
2016-03-11 06:35:20,17306,sedan,1995,manual,196,clio,60000,9,gasoline,renault,no,2016-03-11,0,58574,2016-03-11 20:39:54
2016-03-19 12:08:21,7427,wagon,1998,auto,209,qashqai,150000,12,,nissan,yes,2016-03-19,0,49244,2016-03-24 00:29:58
2016-04-07 01:20:06,12029,sedan,1996,auto,62,500,90000,12,gasoline,fiat,,2016-04-07,0,36257,2016-05-01 20:05:34
2016-03-30 22:37:48,10326,small,2008,,240,6_reihe,80000,5,gasoline,mazda,yes,2016-03-30,0,30942,2016-04-02 21:19:12
2016-03-24 05:07:20,19792,sedan,2014,manual,252,x_reihe,150000,7,petrol,bmw,no,2016-03-24,0,17251,2016-04-06 02:10:03
2016-03-03 14:41:27,20957,other,2009,manual,99,corolla,125000,0,gasoline,toyota,no,2016-03-03,0,31353,2016-03-05 11:37:18
2016-03-07 08:14:53,29373,wagon,2002,auto,143,tucson,5000,2,,hyundai,no,2016-03-07,0,71357,2016-04-05 09:53:22
2016-03-12 06:09:27,5421,other,2010,manual,123,500,150000,7,petrol,fiat,yes,2016-03-12,0,16257,2016-03-24 10:59:57
2016-03-12 19:36:29,4786,,2006,manual,0,v70,60000,2,gasoline,volvo,yes,2016-03-12,0,87892,2016-04-08 00:32:42
2016-03-06 12:56:56,12823,sedan,1997,auto,179,touran,150000,7,,volkswagen,,2016-03-06,0,93214,2016-03-14 09:40:18
2016-03-15 16:20:13,13523,convertible,1995,manual,230,qashqai,90000,10,other,nissan,,2016-03-15,0,68329,2016-03-24 01:55:55
2016-03-17 13:32:12,12896,other,2004,manual,146,astra,30000,11,other,opel,no,2016-03-17,0,89201,2016-04-09 15:08:22
2016-03-06 06:10:37,23991,suv,2006,manual,253,cooper,150000,3,petrol,mini,no,2016-03-06,0,52554,2016-03-27 06:24:25
2016-03-05 11:11:00,39944,wagon,2007,manual,198,punto,80000,3,electric,fiat,no,2016-03-05,0,40996,2016-03-13 06:57:54
2016-03-11 14:02:37,16096,other,2013,manual,75,c3,50000,1,gasoline,citroen,no,2016-03-11,0,56934,2016-03-12 14:42:17
2016-03-27 10:55:32,29802,bus,2002,auto,172,,50000,0,petrol,seat,no,2016-03-27,0,39856,2016-03-28 08:29:06
2016-03-26 21:53:24,12320,sedan,2002,manual,135,avensis,80000,8,petrol,toyota,,2016-03-26,0,36364,2016-04-22 15:21:22
2016-03-22 15:51:59,3954,small,2015,manual,185,punto,150000,7,other,fiat,yes,2016-03-22,0,7258,2016-04-04 15:36:14
2016-03-17 05:43:19,26145,,2015,manual,195,7er,50000,1,gasoline,bmw,,2016-03-17,0,29270,2016-04-08 19:52:56
2016-03-09 04:17:05,57406,suv,2009,auto,141,polo,150000,10,electric,volkswagen,no,2016-03-09,0,94780,2016-03-25 19:29:58
2016-03-28 17:26:26,23419,sedan,2003,manual,0,focus,150000,10,hybrid,ford,no,2016-03-28,0,53372,2016-04-10 01:02:33
2016-03-22 10:56:28,19369,other,2002,manual,101,tucson,150000,6,electric,hyundai,no,2016-03-22,0,45279,2016-04-04 17:26:53
2016-03-25 15:20:06,7864,suv,2000,manual,202,andere,150000,3,petrol,sonstige_autos,yes,2016-03-25,0,58593,2016-04-21 09:19:31
2016-03-09 01:41:29,10352,convertible,2012,manual,0,c4,150000,4,gasoline,citroen,yes,2016-03-09,0,70269,2016-03-29 09:00:52
2016-03-18 06:39:25,13202,small,2015,manual,228,focus,150000,7,,ford,no,2016-03-18,0,55440,2016-03-18 11:33:29
2016-03-08 03:00:04,22023,bus,2001,manual,0,2_reihe,90000,12,gasoline,mazda,no,2016-03-08,0,14351,2016-03-18 19:35:17
2016-04-09 18:28:45,56820,sedan,2014,auto,212,punto,5000,0,electric,fiat,no,2016-04-09,0,45153,2016-05-06 02:06:09
2016-04-09 12:09:05,22212,bus,2002,manual,194,a3,150000,5,hybrid,audi,no,2016-04-09,0,92471,2016-05-01 19:41:07
2016-03-31 18:46:52,33512,wagon,2011,auto,142,qashqai,60000,12,petrol,nissan,no,2016-03-31,0,18072,2016-04-05 12:00:51
2016-03-10 07:24:49,16119,coupe,1998,manual,199,ibiza,150000,3,gasoline,seat,,2016-03-10,0,25415,2016-03-31 20:29:29
2016-03-06 23:15:29,18079,,2015,manual,151,3er,150000,6,gasoline,bmw,no,2016-03-06,0,79682,2016-03-16 11:21:52
2016-03-21 08:50:04,2412,small,1998,manual,112,twingo,90000,4,petrol,renault,yes,2016-03-21,0,92765,2016-03-29 04:33:48
2016-03-12 22:13:06,31407,coupe,2011,auto,149,2_reihe,150000,6,petrol,mazda,no,2016-03-12,0,52623,2016-03-13 07:03:50
2016-03-07 15:25:53,11591,suv,1997,auto,49,cooper,150000,11,petrol,mini,no,2016-03-07,0,38552,2016-03-10 16:39:59
2016-03-02 14:24:12,10952,coupe,1995,manual,62,6_reihe,70000,9,gasoline,mazda,no,2016-03-02,0,54692,2016-03-06 10:13:22
2016-03-26 12:54:31,16144,coupe,2010,manual,60,5_reihe,150000,7,cng,peugeot,,2016-03-26,0,56331,2016-04-07 18:59:25
2016-03-01 12:56:48,10602,bus,2001,manual,48,v40,20000,4,petrol,volvo,no,2016-03-01,0,67577,2016-03-20 21:31:20
2016-03-29 19:51:05,33389,wagon,2014,manual,212,v70,80000,6,gasoline,volvo,no,2016-03-29,0,27579,2016-04-17 19:34:04
2016-03-05 20:28:36,16447,wagon,2012,manual,167,leon,150000,2,petrol,seat,,2016-03-05,0,11699,2016-03-23 20:22:19
2016-03-25 20:28:22,17006,sedan,2001,manual,242,forfour,80000,4,petrol,smart,no,2016-03-25,0,8566,2016-04-13 09:22:21
2016-04-06 09:03:21,40574,suv,2001,auto,179,cooper,125000,6,hybrid,mini,no,2016-04-06,0,93256,2016-04-30 08:26:45
2016-03-07 06:50:14,20946,wagon,2013,manual,192,3er,90000,9,petrol,bmw,no,2016-03-07,0,99203,2016-03-09 21:08:48
2016-03-13 03:43:05,16082,other,2012,manual,46,ibiza,90000,11,gasoline,seat,no,2016-03-13,0,47499,2016-03-16 13:11:24
2016-03-24 01:47:54,9593,sedan,1998,manual,239,touran,150000,11,petrol,volkswagen,no,2016-03-24,0,72697,2016-04-16 11:55:02
2016-03-19 12:13:55,3614,small,2009,manual,67,avensis,150000,6,gasoline,toyota,yes,2016-03-19,0,59235,2016-03-31 12:10:21
2016-03-31 18:02:23,8973,other,2005,auto,221,e_klasse,30000,2,other,mercedes_benz,yes,2016-03-31,0,63207,2016-04-09 13:41:07
2016-03-13 09:53:45,12884,small,2013,manual,118,,90000,5,gasoline,volvo,no,2016-03-13,0,95106,2016-03-25 07:38:31
2016-03-13 17:45:38,7040,wagon,1999,manual,225,6_reihe,125000,9,gasoline,mazda,yes,2016-03-13,0,69304,2016-03-14 20:17:30
2016-04-06 00:03:38,11285,sedan,1998,manual,192,corsa,150000,9,petrol,opel,no,2016-04-06,0,84757,2016-05-03 06:36:44
2016-03-13 09:04:18,15251,other,2015,manual,188,s_klasse,150000,9,other,mercedes_benz,no,2016-03-13,0,35927,2016-04-02 01:54:03
2016-03-22 12:40:07,11132,small,2011,manual,186,andere,150000,12,,sonstige_autos,no,2016-03-22,0,42193,2016-03-23 01:11:37
2016-03-28 19:36:10,10081,small,2001,auto,108,superb,80000,4,gasoline,skoda,no,2016-03-28,0,92116,2016-04-10 23:17:35
2016-03-05 03:33:23,17763,other,1999,manual,197,6_reihe,30000,4,,mazda,no,2016-03-05,0,95068,2016-03-15 15:06:56
2016-04-07 00:01:49,21489,other,2016,auto,147,clio,150000,10,petrol,renault,no,2016-04-07,0,33998,2016-05-01 01:41:57
2016-04-06 20:32:52,19895,wagon,2010,manual,82,x_reihe,150000,10,gasoline,bmw,no,2016-04-06,0,18068,2016-04-08 12:11:40
2016-03-17 13:00:03,8860,suv,2011,manual,0,corolla,20000,2,other,toyota,yes,2016-03-17,0,34543,2016-03-22 17:31:42
2016-04-05 18:07:15,35705,suv,2013,manual,156,clubman,80000,1,petrol,mini,no,2016-04-05,0,64026,2016-04-12 15:11:22
2016-03-20 07:12:13,13486,convertible,2009,manual,130,6_reihe,150000,9,other,mazda,,2016-03-20,0,57848,2016-03-29 17:37:53
2016-03-14 00:28:11,5915,small,1995,manual,98,focus,100000,11,gasoline,ford,no,2016-03-14,0,21668,2016-04-11 06:16:17
2016-03-29 13:29:45,46240,suv,2008,auto,54,passat,125000,6,hybrid,volkswagen,no,2016-03-29,0,90650,2016-04-07 15:17:58
2016-03-08 02:34:50,5246,small,1995,manual,165,andere,150000,10,gasoline,sonstige_autos,no,2016-03-08,0,68537,2016-03-10 00:14:18
2016-03-04 10:02:17,24968,sedan,2014,auto,101,andere,150000,6,gasoline,sonstige_autos,no,2016-03-04,0,55162,2016-03-09 14:23:10
2016-04-01 03:20:06,17831,,2012,manual,126,clubman,125000,4,cng,mini,no,2016-04-01,0,11974,2016-04-21 23:38:20
2016-03-30 17:37:50,9752,sedan,2002,manual,137,cooper,150000,11,,mini,no,2016-03-30,0,8279,2016-04-15 11:54:50
2016-04-07 15:25:39,26980,bus,2004,auto,198,corolla,150000,11,gasoline,toyota,no,2016-04-07,0,29181,2016-04-29 10:42:51
2016-03-08 06:50:48,14933,sedan,2006,manual,233,scenic,150000,4,petrol,renault,no,2016-03-08,0,31199,2016-03-22 01:56:34
2016-03-08 13:01:33,15224,suv,1996,manual,50,2_reihe,70000,11,gasoline,peugeot,,2016-03-08,0,50409,2016-03-08 18:59:42
2016-03-16 07:28:08,28120,convertible,2003,auto,247,ibiza,150000,6,,seat,no,2016-03-16,0,66083,2016-03-17 16:56:21
2016-04-08 03:19:45,16562,sedan,2016,manual,169,ka,150000,11,petrol,ford,no,2016-04-08,0,35921,2016-05-02 11:49:55
2016-03-17 04:19:48,7676,small,1995,manual,140,,150000,2,electric,opel,no,2016-03-17,0,76152,2016-04-12 21:15:01
2016-03-17 10:10:32,16810,sedan,1999,auto,162,forfour,100000,0,gasoline,smart,no,2016-03-17,0,39655,2016-03-26 12:03:47
2016-03-12 00:05:02,17851,wagon,2011,manual,247,6_reihe,125000,11,cng,mazda,no,2016-03-12,0,86503,2016-03-18 16:48:11
2016-03-15 03:11:50,22891,convertible,2009,manual,116,,150000,5,gasoline,toyota,no,2016-03-15,0,67544,2016-04-07 18:09:16
2016-03-18 08:05:02,37428,convertible,2015,manual,179,note,150000,10,gasoline,nissan,,2016-03-18,0,83324,2016-03-23 01:31:06
2016-03-30 15:40:50,4047,small,1997,manual,154,megane,150000,6,petrol,renault,,2016-03-30,0,89773,2016-04-12 05:33:43
2016-03-11 09:05:09,25810,,2010,auto,174,3_reihe,125000,1,petrol,mazda,,2016-03-11,0,58416,2016-04-06 20:04:11
2016-04-05 14:33:19,0,wagon,2005,manual,243,megane,150000,1,petrol,renault,no,2016-04-05,0,8903,2016-04-07 17:34:19
2016-03-20 08:01:39,23282,sedan,2010,manual,188,c3,150000,6,gasoline,citroen,no,2016-03-20,0,40448,2016-03-27 22:55:12
2016-03-14 02:34:12,16664,suv,2005,manual,107,vectra,150000,6,,opel,no,2016-03-14,0,8798,2016-04-12 09:54:37
2016-04-01 00:36:12,17565,other,2011,manual,177,zafira,150000,10,petrol,opel,,2016-04-01,0,59159,2016-04-05 15:15:50
2016-03-12 17:26:32,8843,other,2007,manual,47,corolla,150000,0,petrol,toyota,no,2016-03-12,0,81875,2016-03-21 20:02:45
2016-04-04 05:09:49,32439,sedan,2011,auto,259,fabia,100000,9,petrol,skoda,,2016-04-04,0,24805,2016-04-20 06:17:04
2016-03-25 12:22:59,17690,coupe,2003,auto,93,fortwo,150000,5,petrol,smart,,2016-03-25,0,16181,2016-04-04 12:47:06
2016-04-05 00:36:01,23437,other,2008,manual,246,c_klasse,150000,0,petrol,mercedes_benz,,2016-04-05,0,37150,2016-04-13 18:43:24
2016-03-27 05:13:21,23762,other,2016,manual,246,,100000,10,other,citroen,no,2016-03-27,0,97574,2016-04-04 04:43:00
2016-03-04 01:25:23,13671,suv,2003,manual,94,i20,125000,7,other,hyundai,no,2016-03-04,0,8187,2016-03-16 15:39:00
2016-03-20 02:51:28,13902,wagon,2013,manual,67,a6,150000,10,other,audi,,2016-03-20,0,43030,2016-04-18 11:26:37
2016-03-17 01:51:39,14041,small,2015,manual,79,6_reihe,150000,5,gasoline,mazda,no,2016-03-17,0,13570,2016-03-23 07:08:31
2016-03-29 23:41:56,23406,coupe,1999,manual,256,twingo,150000,8,gasoline,renault,no,2016-03-29,0,22520,2016-04-25 04:15:56
2016-03-25 04:53:15,28010,suv,2007,manual,55,5_reihe,40000,12,gasoline,peugeot,no,2016-03-25,0,48257,2016-04-09 20:01:36
2016-03-10 09:50:47,44767,other,2015,auto,255,andere,50000,7,petrol,sonstige_autos,no,2016-03-10,0,94420,2016-03-19 21:15:56
2016-04-08 14:27:35,16047,sedan,2014,manual,147,i30,150000,8,gasoline,hyundai,no,2016-04-08,0,20837,2016-05-08 05:13:38
2016-03-19 07:01:36,26448,coupe,2003,,43,i20,125000,3,gasoline,hyundai,no,2016-03-19,0,11870,2016-03-25 00:44:52
2016-04-07 09:40:27,28183,convertible,2015,manual,215,i30,150000,0,petrol,hyundai,no,2016-04-07,0,86581,2016-04-24 23:01:46
2016-03-02 19:28:53,4980,small,2004,auto,254,avensis,90000,4,petrol,toyota,yes,2016-03-02,0,51212,2016-03-14 22:07:13
2016-03-16 21:57:09,36421,,2016,,0,forfour,150000,6,gasoline,smart,,2016-03-16,0,2702,2016-03-30 21:08:14
2016-03-07 13:25:21,10611,,2011,manual,199,a_klasse,100000,6,petrol,mercedes_benz,no,2016-03-07,0,10499,2016-04-01 01:57:46
2016-03-02 10:12:59,44857,suv,2008,manual,60,forfour,80000,5,electric,smart,no,2016-03-02,0,46759,2016-03-02 14:00:59
2016-03-22 23:37:53,12234,small,2001,auto,187,,100000,12,petrol,audi,no,2016-03-22,0,84096,2016-04-17 21:51:22
2016-03-16 03:45:59,10320,wagon,1999,auto,207,punto,150000,9,,fiat,yes,2016-03-16,0,53336,2016-04-09 12:09:07
2016-03-07 00:43:07,21359,sedan,2010,manual,159,astra,60000,8,gasoline,opel,no,2016-03-07,0,21720,2016-03-22 22:53:06
2016-03-19 02:54:58,10142,suv,1995,manual,109,note,150000,1,petrol,nissan,,2016-03-19,0,71034,2016-04-04 04:32:42
2016-03-28 15:23:38,21391,suv,2004,manual,80,micra,150000,5,gasoline,nissan,no,2016-03-28,0,28059,2016-04-17 00:13:12
2016-04-08 02:37:43,26684,wagon,2001,manual,158,polo,100000,1,electric,volkswagen,no,2016-04-08,0,89812,2016-04-16 19:08:28
2016-03-10 07:45:40,4298,other,1996,manual,226,fortwo,150000,11,petrol,smart,yes,2016-03-10,0,97166,2016-03-16 01:32:19
2016-03-25 07:22:09,34053,convertible,2013,manual,226,e_klasse,30000,1,other,mercedes_benz,,2016-03-25,0,75429,2016-04-17 17:27:18
2016-03-15 06:53:25,13858,convertible,1996,manual,227,,150000,9,other,hyundai,no,2016-03-15,0,37165,2016-04-13 07:43:08
2016-03-11 20:31:12,3441,coupe,1995,manual,76,500,150000,1,gasoline,fiat,,2016-03-11,0,1650,2016-03-16 11:33:41
2016-04-03 21:39:00,23644,wagon,2014,,232,c4,150000,9,gasoline,citroen,,2016-04-03,0,17579,2016-04-29 04:13:03
2016-03-23 23:38:08,3868,other,2014,manual,0,5_reihe,125000,2,gasoline,peugeot,yes,2016-03-23,0,86836,2016-04-07 04:30:58
2016-03-08 17:52:24,29343,other,2012,manual,215,fiesta,90000,8,gasoline,ford,,2016-03-08,0,11427,2016-03-16 17:25:49
2016-03-06 22:37:19,26351,other,2013,auto,1907,altea,125000,8,petrol,seat,no,2016-03-06,0,37956,2016-03-22 13:48:34
2016-03-10 00:22:09,31443,other,2011,manual,161,e_klasse,150000,0,electric,mercedes_benz,no,2016-03-10,0,71821,2016-04-04 07:46:36
2016-03-22 19:00:49,19587,coupe,2005,manual,144,i30,40000,3,other,hyundai,no,2016-03-22,0,88109,2016-03-30 11:18:32
2016-03-10 00:50:16,24591,bus,2011,manual,88,500,150000,3,,fiat,no,2016-03-10,0,36089,2016-03-25 12:02:16
2016-03-17 02:16:02,15392,sedan,1997,manual,230,3_reihe,5000,3,other,mazda,no,2016-03-17,0,38770,2016-04-07 01:52:44
2016-03-12 07:22:24,27933,wagon,2013,auto,239,x_reihe,150000,0,other,bmw,no,2016-03-12,0,72713,2016-03-29 16:31:40
2016-03-10 16:35:59,27202,,2010,manual,190,insignia,150000,11,gasoline,opel,no,2016-03-10,0,45356,2016-04-01 21:23:16
2016-04-03 03:36:21,19530,bus,2007,auto,175,i30,100000,4,other,hyundai,no,2016-04-03,0,70227,2016-04-14 05:47:12
2016-04-02 15:45:12,22068,bus,2001,manual,253,superb,150000,9,gasoline,skoda,no,2016-04-02,0,57441,2016-04-21 17:57:33
2016-03-29 05:34:12,23641,other,1997,auto,224,astra,80000,2,gasoline,opel,no,2016-03-29,0,97185,2016-04-03 06:03:33
2016-03-07 10:59:41,53515,suv,2005,auto,250,scenic,90000,3,gasoline,renault,,2016-03-07,0,39664,2016-03-09 17:58:54
2016-04-02 13:49:23,0,suv,2016,auto,100,focus,150000,3,hybrid,ford,,2016-04-02,0,46453,2016-04-11 06:12:29
2016-03-23 22:05:06,16768,convertible,2005,manual,187,vectra,70000,5,other,opel,no,2016-03-23,0,19551,2016-04-18 18:57:13
2016-03-27 17:12:03,0,sedan,2012,,233,3_reihe,90000,9,petrol,peugeot,no,2016-03-27,0,77366,2016-04-11 10:31:26
2016-03-06 02:48:54,12265,,1997,auto,109,,80000,0,petrol,volkswagen,,2016-03-06,0,90496,2016-03-07 17:39:14
2016-03-13 19:45:51,27073,sedan,2002,auto,155,,125000,10,gasoline,renault,no,2016-03-13,0,27694,2016-04-02 19:48:20
2016-03-17 13:53:08,21417,sedan,2014,auto,210,touran,150000,1,other,volkswagen,no,2016-03-17,0,10781,2016-04-07 19:23:35
2016-03-21 00:21:05,18828,coupe,2009,manual,81,a3,125000,3,gasoline,audi,,2016-03-21,0,24051,2016-03-30 11:01:06
2016-03-18 04:23:08,0,sedan,2012,manual,241,corsa,90000,2,petrol,opel,no,2016-03-18,0,92733,2016-04-06 07:32:42
2016-03-06 11:07:58,23510,suv,2014,,127,ibiza,150000,0,gasoline,seat,no,2016-03-06,0,82775,2016-03-08 19:13:32
2016-03-16 09:36:39,14033,wagon,1998,manual,208,,150000,1,gasoline,peugeot,,2016-03-16,0,8592,2016-04-05 16:54:06
2016-04-03 18:01:47,10133,sedan,1996,auto,82,forfour,150000,3,gasoline,smart,no,2016-04-03,0,70414,2016-04-17 20:39:06
2016-03-06 18:18:55,24203,coupe,2004,manual,146,6_reihe,80000,4,gasoline,mazda,no,2016-03-06,0,80158,2016-03-07 07:26:36
2016-03-30 21:38:24,20020,sedan,2014,manual,156,i20,150000,6,gasoline,hyundai,no,2016-03-30,0,69975,2016-04-26 12:33:41
2016-04-07 05:08:48,7086,suv,1995,auto,219,mondeo,125000,0,other,ford,yes,2016-04-07,0,46355,2016-04-12 12:55:33
2016-03-18 00:11:32,11032,other,1997,manual,157,tucson,80000,0,petrol,hyundai,no,2016-03-18,0,78272,2016-03-21 22:38:10
2016-03-24 16:41:03,26021,coupe,2013,manual,220,fiesta,100000,4,petrol,ford,no,2016-03-24,0,62280,2016-04-08 05:54:26
2016-03-31 09:30:56,14180,other,1998,auto,154,ibiza,150000,6,cng,seat,,2016-03-31,0,51690,2016-04-15 05:36:58
2016-03-12 17:46:50,5059,other,2001,,169,tiguan,60000,2,petrol,volkswagen,yes,2016-03-12,0,44071,2016-04-09 18:18:41
2016-04-05 14:21:26,12409,wagon,2007,manual,149,,125000,12,lpg,seat,no,2016-04-05,0,66932,2016-04-22 12:22:53
2016-03-10 05:21:05,10212,other,2000,manual,94,c4,100000,11,gasoline,citroen,no,2016-03-10,0,21005,2016-03-21 20:16:21
2016-03-03 11:42:56,30309,coupe,2015,manual,100,2_reihe,150000,3,gasoline,mazda,no,2016-03-03,0,34028,2016-03-26 19:20:15
2016-03-04 10:08:25,11803,other,2005,,49,e_klasse,150000,11,gasoline,mercedes_benz,,2016-03-04,0,39497,2016-03-17 15:53:39
2016-03-14 22:50:16,15729,wagon,2014,,76,vectra,150000,12,petrol,opel,no,2016-03-14,0,65546,2016-04-11 11:03:17
2016-04-06 08:15:40,24286,other,2005,auto,253,avensis,125000,5,other,toyota,no,2016-04-06,0,82516,2016-04-09 10:30:33
2016-03-19 18:15:06,28569,,2005,auto,208,cooper,125000,4,petrol,mini,no,2016-03-19,0,79222,2016-03-22 19:10:07
2016-03-10 18:16:36,8725,small,2001,manual,161,avensis,20000,9,petrol,toyota,no,2016-03-10,0,98888,2016-03-14 01:21:45
2016-04-06 15:56:56,31848,wagon,2007,auto,242,a_klasse,50000,5,petrol,mercedes_benz,no,2016-04-06,0,30299,2016-04-22 16:45:24
2016-03-11 19:58:08,35936,suv,2006,manual,112,c_klasse,50000,0,gasoline,mercedes_benz,no,2016-03-11,0,6708,2016-03-24 14:13:35
2016-03-07 07:05:47,7936,small,1997,manual,141,fabia,100000,9,gasoline,skoda,,2016-03-07,0,1010,2016-03-23 08:45:41
2016-03-18 18:03:32,22872,bus,1997,manual,122,ibiza,60000,8,hybrid,seat,no,2016-03-18,0,31942,2016-03-22 01:15:05
2016-03-01 05:46:05,7140,,1999,manual,57,berlingo,150000,7,petrol,citroen,,2016-03-01,0,85991,2016-03-23 13:01:53
2016-03-07 20:04:46,3339,sedan,1999,manual,215,1er,125000,1,other,bmw,yes,2016-03-07,0,80397,2016-03-09 20:22:12
2016-04-01 03:55:07,22653,suv,1996,manual,163,500,60000,0,gasoline,fiat,no,2016-04-01,0,48612,2016-04-03 04:34:37
2016-03-24 06:40:26,14771,wagon,1996,auto,59,,100000,6,gasoline,mini,no,2016-03-24,0,4810,2016-04-06 22:31:19
2016-03-21 16:55:47,13552,other,1995,manual,158,3_reihe,150000,1,hybrid,mazda,no,2016-03-21,0,33097,2016-04-14 06:09:46
2016-03-18 05:43:40,13818,small,2014,manual,196,astra,150000,2,petrol,opel,,2016-03-18,0,81320,2016-04-01 23:29:59
2016-03-04 14:13:57,28959,wagon,2004,auto,214,corolla,80000,7,petrol,toyota,no,2016-03-04,0,60020,2016-03-16 15:11:53
2016-04-04 19:24:34,7600,other,1999,auto,210,c3,40000,5,,citroen,yes,2016-04-04,0,99263,2016-04-20 00:48:31
2016-03-07 13:35:04,10161,suv,2001,manual,177,i20,80000,5,petrol,hyundai,yes,2016-03-07,0,12904,2016-04-05 03:25:16
2016-03-06 08:17:55,19581,sedan,2009,manual,129,vectra,50000,0,petrol,opel,,2016-03-06,0,51135,2016-03-28 06:16:55
2016-03-19 02:33:03,22565,coupe,1996,manual,252,berlingo,150000,9,gasoline,citroen,no,2016-03-19,0,42056,2016-03-27 21:42:55
2016-04-04 07:24:27,11076,small,2006,manual,259,i30,100000,7,petrol,hyundai,no,2016-04-04,0,23111,2016-05-03 08:35:25
2016-03-03 21:51:30,32590,convertible,2001,auto,154,golf,125000,8,gasoline,volkswagen,no,2016-03-03,0,17222,2016-03-25 20:11:32
2016-04-03 00:00:27,6335,small,1997,manual,172,twingo,150000,10,petrol,renault,,2016-04-03,0,23492,2016-04-06 12:29:35
2016-03-21 03:04:56,16535,suv,2002,manual,44,forfour,30000,5,other,smart,no,2016-03-21,0,60465,2016-04-15 19:07:27
2016-03-09 20:30:04,20383,,1998,auto,134,panda,40000,3,gasoline,fiat,,2016-03-09,0,92908,2016-03-20 17:45:09
2016-03-25 18:37:21,3722,,1999,manual,85,scenic,40000,1,other,renault,,2016-03-25,0,88312,2016-03-27 17:58:08
2016-03-09 17:28:04,12932,small,2016,,45,corolla,100000,9,gasoline,toyota,no,2016-03-09,0,9095,2016-03-15 23:26:39
2016-03-04 01:32:06,22601,suv,2011,auto,168,forfour,60000,10,,smart,,2016-03-04,0,67929,2016-03-28 23:38:40
2016-03-09 03:35:09,6338,,2008,manual,90,avensis,20000,11,petrol,toyota,yes,2016-03-09,0,42010,2016-03-15 14:37:16
2016-03-05 08:12:45,15529,coupe,2007,manual,0,superb,80000,3,petrol,skoda,,2016-03-05,0,31402,2016-03-23 07:56:24
2016-04-08 06:27:18,13506,wagon,2006,manual,133,a4,125000,0,petrol,audi,no,2016-04-08,0,98804,2016-04-28 11:08:55
2016-03-21 05:37:35,14073,other,1999,manual,137,octavia,150000,0,gasoline,skoda,no,2016-03-21,0,42273,2016-04-17 14:38:01
2016-03-06 16:32:31,13568,small,2013,manual,164,clubman,50000,3,gasoline,mini,,2016-03-06,0,20497,2016-03-14 01:55:27
2016-04-04 21:46:04,0,sedan,2006,manual,164,clubman,90000,5,cng,mini,no,2016-04-04,0,45349,2016-04-10 20:52:12
2016-04-06 17:14:41,18933,wagon,2004,auto,57,twingo,90000,12,cng,renault,no,2016-04-06,0,10755,2016-05-05 10:03:12
2016-03-11 02:27:43,21860,other,2007,auto,241,berlingo,90000,1,other,citroen,no,2016-03-11,0,25062,2016-04-04 03:28:54
2016-03-25 07:01:42,25479,,2012,manual,103,v70,125000,9,gasoline,volvo,no,2016-03-25,0,16216,2016-03-31 11:07:36
2016-03-20 07:20:17,9266,coupe,1995,manual,72,andere,70000,1,,sonstige_autos,no,2016-03-20,0,37328,2016-04-18 17:39:05
2016-03-14 00:28:19,18838,wagon,2005,manual,239,i30,70000,2,petrol,hyundai,no,2016-03-14,0,34314,2016-03-23 01:14:06
2016-03-12 20:15:07,16762,,1996,manual,177,tiguan,125000,11,,volkswagen,no,2016-03-12,0,82676,2016-04-01 19:15:28
2016-03-20 03:08:39,7325,wagon,2000,manual,61,note,150000,12,gasoline,nissan,no,2016-03-20,0,3541,2016-03-31 08:03:27
2016-03-24 18:39:13,31304,other,2010,manual,67,v40,100000,3,electric,volvo,no,2016-03-24,0,33254,2016-04-07 04:49:41
2016-03-17 16:50:17,28701,,2015,manual,235,scenic,100000,2,lpg,renault,no,2016-03-17,0,75917,2016-04-08 08:44:27
2016-03-30 20:03:28,13001,other,2008,manual,76,5_reihe,150000,12,gasoline,peugeot,no,2016-03-30,0,31117,2016-03-31 10:56:38
2016-03-05 14:06:32,50611,other,2011,auto,69,corsa,70000,10,electric,opel,no,2016-03-05,0,90851,2016-03-08 16:58:40
2016-04-03 16:41:05,38076,,2014,manual,213,forfour,70000,12,gasoline,smart,no,2016-04-03,0,39281,2016-04-27 09:22:49
2016-03-13 09:13:04,8027,other,1996,manual,161,golf,60000,1,other,volkswagen,no,2016-03-13,0,62034,2016-04-01 10:27:09
2016-04-04 19:15:07,12091,small,2012,manual,207,6_reihe,50000,6,other,mazda,no,2016-04-04,0,12037,2016-04-16 06:11:51
2016-03-20 16:35:56,19540,,2008,manual,102,berlingo,70000,7,gasoline,citroen,no,2016-03-20,0,47529,2016-03-24 06:36:13
2016-03-01 19:48:08,0,small,2009,manual,149,s_klasse,150000,7,gasoline,mercedes_benz,no,2016-03-01,0,9127,2016-03-25 20:28:16
2016-04-06 03:46:08,23828,wagon,2016,manual,150,superb,150000,6,gasoline,skoda,no,2016-04-06,0,54427,2016-05-05 05:02:31
2016-03-20 21:02:13,3328,small,1996,,220,a4,100000,10,gasoline,audi,yes,2016-03-20,0,67205,2016-03-29 04:10:57
2016-03-18 12:46:03,6745,wagon,2007,manual,157,ka,150000,7,petrol,ford,yes,2016-03-18,0,86673,2016-04-01 08:55:02
2016-03-25 10:37:56,13266,other,2001,manual,142,3_reihe,125000,1,petrol,peugeot,no,2016-03-25,0,6387,2016-04-14 10:11:17
2016-03-07 10:09:18,18254,sedan,2000,auto,222,avensis,150000,1,gasoline,toyota,no,2016-03-07,0,95720,2016-04-04 23:00:30
2016-03-22 01:13:50,30420,wagon,2003,manual,225,forfour,20000,12,gasoline,smart,,2016-03-22,0,63772,2016-04-10 00:06:58
2016-03-05 07:18:37,36160,suv,2014,auto,122,,50000,3,other,skoda,no,2016-03-05,0,37516,2016-03-24 05:06:39
2016-03-31 22:19:48,15052,sedan,2006,manual,75,focus,80000,1,,ford,,2016-03-31,0,52163,2016-04-29 09:17:54
2016-03-29 08:07:29,14048,other,2000,manual,239,fabia,125000,2,gasoline,skoda,,2016-03-29,0,43580,2016-04-22 03:19:46
2016-03-17 01:05:53,10214,wagon,2000,auto,221,clio,150000,2,gasoline,renault,yes,2016-03-17,0,24644,2016-04-06 03:58:33
2016-03-18 03:06:35,28281,convertible,2014,auto,48,i20,125000,6,other,hyundai,,2016-03-18,0,1657,2016-04-16 19:18:10
2016-03-31 22:55:02,9132,small,2003,auto,113,5er,70000,4,,bmw,no,2016-03-31,0,66969,2016-04-12 13:49:49
2016-04-08 18:47:22,5506,other,1998,manual,95,2_reihe,150000,8,hybrid,mazda,,2016-04-08,0,30972,2016-04-21 13:18:03
2016-03-05 10:04:21,10768,small,2010,manual,246,fiesta,40000,5,other,ford,no,2016-03-05,0,38303,2016-03-18 17:40:16
2016-04-01 16:21:17,18335,sedan,2000,auto,164,,150000,8,petrol,peugeot,no,2016-04-01,0,62303,2016-04-12 22:17:09
2016-03-22 11:57:49,4809,sedan,1997,manual,43,3_reihe,150000,10,gasoline,peugeot,no,2016-03-22,0,25434,2016-04-14 14:41:52
2016-03-19 22:36:12,39978,,2008,manual,239,note,80000,8,gasoline,nissan,,2016-03-19,0,91413,2016-03-25 09:53:40
2016-03-11 07:28:42,27791,convertible,2005,auto,108,passat,150000,6,petrol,volkswagen,,2016-03-11,0,8168,2016-03-12 07:03:35
2016-04-04 17:53:10,19793,wagon,2007,,226,avensis,150000,8,hybrid,toyota,no,2016-04-04,0,17986,2016-04-12 07:45:12
2016-03-19 13:35:48,41887,other,2012,auto,256,insignia,5000,7,,opel,no,2016-03-19,0,70493,2016-03-27 15:39:57
2016-04-06 00:18:36,33082,suv,2003,manual,82,panda,125000,11,hybrid,fiat,no,2016-04-06,0,78144,2016-05-03 11:04:17
2016-03-18 15:24:46,17912,wagon,2008,manual,159,leon,150000,9,gasoline,seat,no,2016-03-18,0,24925,2016-03-27 04:47:01
2016-04-09 06:37:20,39083,convertible,2014,auto,116,passat,80000,11,petrol,volkswagen,no,2016-04-09,0,22781,2016-04-16 01:20:42
2016-04-04 02:09:13,39911,coupe,2000,manual,197,golf,20000,2,hybrid,volkswagen,no,2016-04-04,0,89132,2016-04-05 16:14:03
2016-03-03 03:21:01,17128,sedan,2011,manual,232,v70,150000,8,petrol,volvo,no,2016-03-03,0,41270,2016-03-26 21:08:15
2016-04-04 03:17:03,18061,suv,2011,manual,102,a4,150000,12,cng,audi,no,2016-04-04,0,44429,2016-04-04 16:31:11
2016-03-14 06:18:02,15068,other,2005,manual,154,,150000,1,petrol,mercedes_benz,,2016-03-14,0,71923,2016-03-16 21:30:33
2016-04-09 21:36:51,8923,suv,1999,,203,avensis,150000,2,petrol,toyota,yes,2016-04-09,0,33665,2016-04-25 13:49:36
2016-04-02 15:57:20,35947,suv,2011,manual,192,forfour,40000,1,gasoline,smart,no,2016-04-02,0,30592,2016-04-07 10:29:47
2016-03-17 07:03:45,21241,suv,2010,manual,100,6_reihe,125000,1,petrol,mazda,,2016-03-17,0,20977,2016-04-10 05:41:00
2016-04-04 05:20:43,30848,coupe,2009,auto,139,fortwo,150000,9,,smart,no,2016-04-04,0,66711,2016-04-04 16:37:55
2016-03-31 19:59:57,8788,wagon,1995,manual,56,superb,70000,1,,skoda,no,2016-03-31,0,16578,2016-04-18 22:49:23
2016-03-08 04:54:16,21988,coupe,2009,manual,200,fiesta,80000,3,petrol,ford,no,2016-03-08,0,39378,2016-03-16 01:20:24
2016-03-10 22:11:25,14390,sedan,2007,manual,90,touran,10000,12,other,volkswagen,no,2016-03-10,0,50266,2016-03-11 15:59:25
2016-03-18 05:20:36,20373,other,2004,manual,225,i20,80000,7,petrol,hyundai,no,2016-03-18,0,46662,2016-03-28 20:59:54
2016-04-05 16:45:38,45491,,2013,manual,233,transporter,80000,10,gasoline,volkswagen,,2016-04-05,0,96315,2016-04-08 14:48:18
2016-03-12 17:13:07,6986,sedan,2006,manual,185,a1,125000,10,gasoline,audi,yes,2016-03-12,0,30756,2016-03-15 05:10:25
2016-03-05 05:20:08,35223,suv,2015,,89,passat,70000,6,gasoline,volkswagen,no,2016-03-05,0,62765,2016-04-01 15:51:37
2016-03-01 08:48:10,13785,other,2003,manual,98,v70,125000,0,gasoline,volvo,no,2016-03-01,0,86916,2016-03-17 12:48:11
2016-04-08 03:46:41,15942,wagon,2013,manual,122,2_reihe,150000,3,cng,peugeot,,2016-04-08,0,20453,2016-05-06 04:33:34
2016-03-09 02:23:22,14321,other,1996,auto,207,e_klasse,150000,10,,mercedes_benz,no,2016-03-09,0,70693,2016-03-12 03:46:10
2016-03-17 20:03:18,8014,,1995,auto,87,clubman,90000,10,gasoline,mini,no,2016-03-17,0,3956,2016-03-25 20:29:07
2016-03-24 14:59:33,21365,sedan,2008,manual,231,yaris,150000,0,gasoline,toyota,no,2016-03-24,0,30839,2016-04-10 14:51:29
2016-04-05 23:55:07,6685,sedan,2006,manual,61,megane,125000,9,other,renault,,2016-04-05,0,18272,2016-04-14 03:36:59
2016-04-01 20:31:33,24341,other,2010,auto,90,fortwo,150000,11,gasoline,smart,no,2016-04-01,0,73201,2016-04-26 22:26:57
2016-03-09 13:36:47,4675,sedan,1999,auto,45,s_klasse,150000,8,gasoline,mercedes_benz,yes,2016-03-09,0,64741,2016-03-25 05:39:38
2016-03-29 02:09:29,64082,convertible,2016,manual,196,5_reihe,40000,8,hybrid,peugeot,no,2016-03-29,0,4193,2016-04-05 21:42:28
2016-03-04 00:51:07,32843,convertible,2011,auto,183,astra,150000,6,petrol,opel,no,2016-03-04,0,34227,2016-03-17 02:24:54
2016-04-03 00:59:06,21991,sedan,2011,manual,202,5_reihe,100000,6,gasoline,peugeot,no,2016-04-03,0,86964,2016-04-19 23:06:56
2016-04-09 11:29:59,0,sedan,2011,manual,98,cooper,125000,3,gasoline,mini,,2016-04-09,0,54551,2016-05-07 20:40:31
2016-03-06 13:27:55,2947,small,2000,manual,200,punto,150000,5,,fiat,,2016-03-06,0,21871,2016-04-04 07:38:57
2016-04-08 20:31:46,0,small,2004,manual,99,scenic,70000,4,other,renault,no,2016-04-08,0,89399,2016-04-29 10:52:22
2016-03-30 02:46:45,11052,small,2016,auto,85,3_reihe,150000,4,petrol,peugeot,no,2016-03-30,0,36353,2016-04-17 15:16:50
2016-04-08 09:24:05,14145,sedan,2005,manual,44,ka,125000,10,gasoline,ford,no,2016-04-08,0,55537,2016-04-10 17:31:43
2016-03-09 23:13:48,21304,,2004,manual,66,qashqai,150000,9,electric,nissan,no,2016-03-09,0,3178,2016-03-17 04:21:34
2016-03-29 02:21:41,15707,sedan,1999,manual,253,,150000,1,gasoline,hyundai,no,2016-03-29,0,92327,2016-04-22 02:52:37
2016-03-07 12:02:36,16371,sedan,2011,manual,135,punto,150000,9,gasoline,fiat,,2016-03-07,0,24917,2016-04-06 06:07:14
2016-03-06 06:14:22,15897,coupe,1995,manual,236,andere,150000,7,gasoline,sonstige_autos,no,2016-03-06,0,98170,2016-03-23 16:09:48
2016-04-01 04:21:13,6180,other,2011,manual,135,golf,150000,6,petrol,volkswagen,yes,2016-04-01,0,90726,2016-04-21 09:34:50
2016-03-24 06:40:47,12530,other,2000,manual,186,c3,150000,5,gasoline,citroen,no,2016-03-24,0,49740,2016-04-20 22:49:13
2016-04-04 08:54:54,12466,,1996,manual,143,scenic,30000,10,lpg,renault,no,2016-04-04,0,36878,2016-05-02 08:07:04
2016-03-06 12:16:07,15007,small,2006,manual,162,forfour,30000,0,gasoline,smart,no,2016-03-06,0,8826,2016-03-07 18:00:48
2016-03-16 22:25:04,22285,sedan,2009,auto,133,corolla,80000,10,petrol,toyota,no,2016-03-16,0,28114,2016-03-18 05:38:29
2016-04-07 05:15:21,4745,other,2015,,130,cooper,125000,3,other,mini,,2016-04-07,0,24207,2016-04-22 18:35:26
2016-03-17 02:23:27,6676,small,2010,manual,95,e_klasse,100000,3,other,mercedes_benz,,2016-03-17,0,3205,2016-03-17 17:35:39
2016-03-11 20:52:18,27239,,2015,manual,255,scenic,150000,4,gasoline,renault,no,2016-03-11,0,68758,2016-04-06 03:15:00
2016-03-14 21:22:49,9085,other,2000,manual,69,zafira,90000,5,other,opel,no,2016-03-14,0,59384,2016-03-29 17:38:29
2016-03-15 08:31:42,24799,sedan,2007,manual,255,panda,100000,5,gasoline,fiat,,2016-03-15,0,39419,2016-04-02 06:39:50
2016-03-24 12:37:45,17750,coupe,2003,manual,90,fabia,80000,2,gasoline,skoda,no,2016-03-24,0,2861,2016-04-05 16:48:42
2016-03-16 15:23:30,12094,sedan,2006,auto,57,superb,125000,10,other,skoda,no,2016-03-16,0,33594,2016-04-06 14:37:14
2016-04-09 13:32:37,54331,suv,2011,manual,189,3er,90000,7,hybrid,bmw,no,2016-04-09,0,36845,2016-04-15 22:39:41
2016-03-14 20:31:36,17111,bus,2008,manual,52,berlingo,60000,10,,citroen,no,2016-03-14,0,86549,2016-03-27 05:45:58
2016-03-21 01:19:23,14257,small,2015,manual,232,6_reihe,125000,0,,mazda,no,2016-03-21,0,23895,2016-03-29 18:52:48
2016-03-05 19:59:56,19044,sedan,2015,manual,139,s60,150000,11,petrol,volvo,no,2016-03-05,0,15221,2016-03-21 13:17:41
2016-03-30 10:16:30,4098,sedan,1996,manual,164,s60,125000,7,petrol,volvo,,2016-03-30,0,35257,2016-04-11 20:18:21
2016-04-06 06:31:54,23354,sedan,2012,manual,208,astra,70000,10,petrol,opel,no,2016-04-06,0,31435,2016-04-19 14:02:05
2016-04-07 00:04:06,4827,sedan,2005,manual,79,2_reihe,80000,7,lpg,mazda,,2016-04-07,0,60423,2016-04-28 14:23:25
2016-03-19 21:09:21,3884,other,1998,manual,128,v70,150000,1,gasoline,volvo,yes,2016-03-19,0,28409,2016-04-09 07:46:13
2016-03-01 22:02:50,10607,convertible,2002,manual,132,i30,125000,2,other,hyundai,no,2016-03-01,0,78244,2016-03-31 08:37:22
2016-03-28 08:49:10,7515,suv,1999,manual,58,astra,150000,6,cng,opel,,2016-03-28,0,42971,2016-04-23 18:53:44
2016-04-01 06:10:51,10915,coupe,1995,,105,corolla,80000,3,petrol,toyota,no,2016-04-01,0,59057,2016-04-25 05:07:42
2016-04-09 05:17:26,6970,sedan,2004,,41,megane,50000,2,,renault,no,2016-04-09,0,80608,2016-05-08 12:42:13
2016-03-03 21:47:01,19191,small,2010,auto,92,a1,50000,9,gasoline,audi,,2016-03-03,0,45041,2016-03-10 01:03:20
2016-03-14 07:19:04,12311,small,2015,manual,107,1er,90000,3,petrol,bmw,no,2016-03-14,0,95127,2016-04-07 01:20:13
2016-03-17 17:17:31,9684,small,2004,manual,175,ka,80000,6,gasoline,ford,,2016-03-17,0,16003,2016-03-27 22:58:38
2016-03-22 21:57:36,12063,wagon,2005,manual,52,corolla,125000,0,gasoline,toyota,no,2016-03-22,0,48641,2016-04-14 18:45:53
2016-03-07 06:08:19,7609,,2008,manual,75,octavia,150000,2,gasoline,skoda,no,2016-03-07,0,33042,2016-04-05 09:42:51
2016-04-05 20:35:03,0,convertible,2005,manual,127,,150000,6,gasoline,volkswagen,,2016-04-05,0,40859,2016-04-13 05:30:44
2016-03-21 20:51:03,4439,small,1998,manual,55,tiguan,150000,1,gasoline,volkswagen,no,2016-03-21,0,95682,2016-04-06 21:37:10
2016-03-01 07:23:34,21952,,2011,manual,167,note,150000,2,gasoline,nissan,no,2016-03-01,0,34860,2016-03-04 08:49:32
2016-04-02 14:46:42,20970,,2000,auto,104,scenic,50000,2,petrol,renault,no,2016-04-02,0,4441,2016-04-29 09:08:03
2016-04-07 03:14:03,4842,sedan,1997,manual,221,vectra,125000,5,petrol,opel,yes,2016-04-07,0,52419,2016-04-12 08:18:34
2016-03-09 15:59:30,12815,other,2007,manual,154,twingo,150000,4,petrol,renault,no,2016-03-09,0,55152,2016-03-31 19:23:23
2016-03-17 06:43:17,27515,other,2001,manual,253,v70,100000,7,hybrid,volvo,no,2016-03-17,0,46327,2016-04-04 01:05:51
2016-03-22 03:20:57,90000,small,2016,manual,231,500,80000,3,gasoline,fiat,no,2016-03-22,0,12537,2016-03-26 14:45:12
2016-04-05 17:50:44,11596,other,2010,manual,0,mondeo,100000,11,petrol,ford,no,2016-04-05,0,96249,2016-04-08 23:21:19
2016-03-19 12:35:22,24396,sedan,2004,auto,164,q5,70000,0,gasoline,audi,no,2016-03-19,0,85869,2016-03-25 08:30:49
2016-03-05 00:54:49,9259,small,2004,manual,165,3_reihe,100000,7,gasoline,peugeot,no,2016-03-05,0,83217,2016-03-14 14:20:28
2016-03-07 11:43:00,0,,2004,manual,71,yaris,40000,4,gasoline,toyota,no,2016-03-07,0,85893,2016-03-21 12:26:21
2016-03-23 21:45:41,9946,sedan,1999,manual,129,c4,150000,0,gasoline,citroen,no,2016-03-23,0,4018,2016-04-07 04:48:42
2016-04-05 14:03:42,19802,sedan,2012,manual,257,2_reihe,150000,0,cng,mazda,no,2016-04-05,0,43241,2016-04-06 06:15:35
2016-03-11 00:58:38,8789,sedan,1995,auto,56,cooper,150000,11,gasoline,mini,no,2016-03-11,0,14486,2016-03-21 00:09:54
2016-03-22 11:51:43,7479,sedan,2015,manual,100,micra,80000,9,cng,nissan,yes,2016-03-22,0,24855,2016-04-06 17:00:25
2016-04-02 21:57:26,16267,sedan,2009,manual,177,yaris,100000,2,,toyota,no,2016-04-02,0,20820,2016-04-09 10:29:27
2016-03-15 20:27:35,21037,sedan,2016,manual,136,a1,150000,6,gasoline,audi,no,2016-03-15,0,90789,2016-03-23 01:16:27
2016-03-29 08:02:54,11057,small,2005,manual,179,i30,125000,3,petrol,hyundai,,2016-03-29,0,93186,2016-04-11 21:55:16
2016-03-20 23:22:55,13169,small,1998,auto,196,andere,125000,4,hybrid,sonstige_autos,no,2016-03-20,0,90172,2016-04-14 22:28:48
2016-03-18 17:02:37,29507,sedan,2016,manual,123,,5000,7,gasoline,hyundai,no,2016-03-18,0,31071,2016-04-08 12:35:17
2016-03-30 01:12:02,22802,coupe,1995,,138,leon,5000,3,other,seat,no,2016-03-30,0,34759,2016-04-04 11:20:33
2016-03-04 04:38:52,18553,coupe,2013,manual,50,1er,125000,11,gasoline,bmw,no,2016-03-04,0,11832,2016-03-28 12:29:18
2016-03-15 03:54:53,5033,wagon,1995,manual,88,qashqai,80000,11,gasoline,nissan,yes,2016-03-15,0,49889,2016-03-30 20:15:12
2016-04-01 00:10:29,22008,wagon,2006,manual,65,c3,50000,3,gasoline,citroen,no,2016-04-01,0,8498,2016-04-22 05:31:01
2016-04-03 10:24:26,21830,other,2011,manual,222,,100000,0,petrol,volvo,no,2016-04-03,0,97250,2016-04-05 16:36:01
2016-03-16 21:01:40,15995,other,2005,manual,188,avensis,150000,2,petrol,toyota,no,2016-03-16,0,1098,2016-03-25 01:50:03
2016-04-02 16:17:04,13208,convertible,1999,manual,223,i20,100000,5,electric,hyundai,yes,2016-04-02,0,96871,2016-04-05 02:12:46
2016-03-03 22:56:17,29715,bus,2010,manual,80,e_klasse,150000,0,hybrid,mercedes_benz,,2016-03-03,0,74103,2016-03-09 07:22:41
2016-03-05 11:10:05,4990,small,1996,manual,234,a_klasse,90000,5,other,mercedes_benz,no,2016-03-05,0,82138,2016-03-20 08:45:12
2016-04-02 00:15:59,31203,wagon,2016,manual,153,ibiza,80000,8,gasoline,seat,no,2016-04-02,0,43494,2016-04-06 23:46:59
2016-03-17 06:10:58,10852,,2006,manual,247,6_reihe,150000,12,gasoline,mazda,no,2016-03-17,0,35004,2016-04-14 20:59:15
2016-03-02 11:35:46,8807,suv,2005,manual,155,leon,20000,7,petrol,seat,,2016-03-02,0,8378,2016-03-29 15:54:04
2016-03-23 14:30:08,8121,small,2000,manual,199,cooper,125000,2,petrol,mini,no,2016-03-23,0,50767,2016-04-06 14:08:55
2016-03-01 23:34:42,2918,coupe,2001,manual,60,2_reihe,150000,10,other,peugeot,,2016-03-01,0,75798,2016-03-28 08:33:44
2016-03-23 18:44:32,15704,bus,2001,auto,213,note,150000,2,other,nissan,,2016-03-23,0,94689,2016-04-08 08:17:16
2016-03-04 04:53:21,21310,bus,2011,auto,57,touran,40000,5,other,volkswagen,no,2016-03-04,0,90316,2016-03-30 15:28:26
2016-03-24 10:53:32,16456,small,2008,auto,155,a6,150000,2,,audi,no,2016-03-24,0,51478,2016-04-01 07:50:01
2016-03-11 12:26:20,13576,bus,1995,manual,147,fabia,150000,7,gasoline,skoda,no,2016-03-11,0,85108,2016-04-09 14:17:55
2016-03-30 03:34:53,29693,coupe,2010,manual,202,qashqai,150000,12,petrol,nissan,,2016-03-30,0,74253,2016-04-05 14:38:36
2016-04-04 04:31:58,16165,small,2010,manual,250,zafira,80000,11,gasoline,opel,no,2016-04-04,0,26449,2016-04-06 02:31:12
2016-03-05 16:31:59,13061,wagon,2013,manual,207,cooper,20000,12,gasoline,mini,yes,2016-03-05,0,4482,2016-03-11 13:06:17
2016-03-11 06:41:55,2422,small,1995,manual,77,a_klasse,150000,4,cng,mercedes_benz,,2016-03-11,0,17806,2016-03-30 08:58:32
2016-04-01 21:34:18,19022,suv,1995,manual,218,fabia,150000,3,hybrid,skoda,,2016-04-01,0,36744,2016-04-22 11:54:17
2016-03-05 16:10:42,6081,coupe,1995,manual,184,leon,125000,2,gasoline,seat,,2016-03-05,0,45932,2016-03-26 13:02:02
2016-03-15 17:49:47,6592,sedan,1995,auto,141,v40,50000,1,gasoline,volvo,,2016-03-15,0,37270,2016-03-19 19:33:27
2016-03-07 00:59:41,14975,suv,1997,auto,42,c3,150000,6,gasoline,citroen,,2016-03-07,0,42024,2016-03-25 07:41:41
2016-03-21 12:34:18,18982,sedan,1995,,214,2_reihe,150000,12,,mazda,no,2016-03-21,0,23124,2016-03-26 12:24:58
2016-03-21 05:37:40,20562,suv,2004,manual,185,ka,125000,4,,ford,no,2016-03-21,0,3201,2016-04-07 04:50:37
2016-03-20 03:08:39,7325,wagon,2000,manual,61,note,150000,12,gasoline,nissan,no,2016-03-20,0,3541,2016-03-31 08:03:27
2016-03-05 05:29:01,29730,suv,2005,manual,228,s_klasse,90000,7,petrol,mercedes_benz,no,2016-03-05,0,98042,2016-03-23 23:43:41
2016-04-01 06:17:10,11742,bus,1999,manual,107,scenic,125000,1,gasoline,renault,no,2016-04-01,0,35550,2016-04-16 13:15:39
2016-03-23 15:09:52,6354,small,1995,manual,101,andere,80000,11,gasoline,sonstige_autos,no,2016-03-23,0,48588,2016-04-19 00:34:59
2016-03-27 05:47:34,16659,wagon,2014,manual,144,fortwo,70000,1,other,smart,no,2016-03-27,0,64106,2016-04-09 14:33:59
2016-03-23 08:31:30,39705,,2006,manual,240,corsa,150000,12,,opel,no,2016-03-23,0,30545,2016-04-14 05:10:42
2016-03-28 02:30:29,4757,other,2003,auto,50,clubman,150000,3,gasoline,mini,yes,2016-03-28,0,41899,2016-04-14 07:33:06
2016-03-24 02:14:19,20019,wagon,1999,manual,215,punto,40000,8,gasoline,fiat,no,2016-03-24,0,32527,2016-03-28 22:22:46
2016-03-29 04:32:22,34947,convertible,2005,,250,1er,125000,5,petrol,bmw,no,2016-03-29,0,3104,2016-04-13 01:46:57
2016-03-05 12:03:27,4999,sedan,1995,,92,passat,150000,7,petrol,volkswagen,no,2016-03-05,0,50805,2016-03-16 09:17:55
2016-03-13 02:43:49,19448,,2008,manual,180,i30,100000,0,petrol,hyundai,no,2016-03-13,0,79803,2016-03-29 20:46:28
2016-03-21 18:24:39,8166,,2009,manual,80,v70,150000,10,petrol,volvo,no,2016-03-21,0,32935,2016-03-22 07:00:57
2016-04-02 23:46:27,22754,sedan,2015,manual,129,berlingo,20000,2,other,citroen,no,2016-04-02,0,59970,2016-04-09 03:05:48
2016-03-30 18:59:25,7805,sedan,1997,manual,111,golf,125000,12,petrol,volkswagen,no,2016-03-30,0,9483,2016-04-09 22:32:06
2016-03-12 11:28:19,26681,,2003,manual,187,2_reihe,30000,0,gasoline,mazda,,2016-03-12,0,33351,2016-03-19 19:10:39
2016-04-06 13:56:37,10021,coupe,2002,manual,221,1er,125000,10,gasoline,bmw,yes,2016-04-06,0,96042,2016-05-03 17:18:40
2016-03-08 22:42:17,17079,other,2010,manual,201,7er,150000,8,lpg,bmw,no,2016-03-08,0,5687,2016-03-21 15:59:38
2016-03-19 01:44:51,20892,sedan,2016,manual,169,transporter,150000,9,petrol,volkswagen,no,2016-03-19,0,97701,2016-04-16 06:02:46
2016-03-25 17:02:22,13899,small,1997,manual,84,i30,60000,2,electric,hyundai,no,2016-03-25,0,1317,2016-04-10 06:36:12
2016-04-03 12:30:56,6267,small,1996,manual,244,octavia,150000,2,petrol,skoda,no,2016-04-03,0,48920,2016-04-12 18:48:03
2016-03-14 18:52:17,35648,wagon,2016,auto,172,s_klasse,30000,7,petrol,mercedes_benz,no,2016-03-14,0,57869,2016-03-18 03:55:07
2016-04-09 05:08:58,22952,coupe,2005,,85,a3,150000,6,electric,audi,no,2016-04-09,0,8470,2016-05-06 14:47:23
2016-03-13 22:01:59,20613,suv,2005,manual,200,twingo,150000,3,petrol,renault,,2016-03-13,0,79283,2016-04-07 22:58:02
2016-03-15 21:57:04,13264,small,2002,manual,259,500,50000,10,gasoline,fiat,,2016-03-15,0,27010,2016-03-17 17:08:29
2016-03-21 04:16:08,15651,wagon,2015,manual,66,2_reihe,150000,3,lpg,mazda,no,2016-03-21,0,84047,2016-03-25 12:21:08
2016-03-17 23:16:22,9126,bus,2000,manual,85,zafira,150000,11,gasoline,opel,no,2016-03-17,0,63124,2016-04-03 01:38:58
2016-03-14 16:09:07,60424,suv,2013,manual,222,panda,30000,6,hybrid,fiat,,2016-03-14,0,30189,2016-04-03 04:20:35
2016-04-09 10:21:08,16556,sedan,2002,manual,222,yaris,150000,2,gasoline,toyota,no,2016-04-09,0,52692,2016-04-24 23:44:33
2016-03-13 02:03:22,29535,convertible,2000,manual,248,touran,60000,11,petrol,volkswagen,,2016-03-13,0,39362,2016-03-19 19:22:33
2016-03-31 03:10:57,6268,other,2011,,177,andere,150000,0,gasoline,sonstige_autos,,2016-03-31,0,5126,2016-04-10 08:21:49
2016-03-04 07:17:27,10702,sedan,1996,auto,210,twingo,150000,12,other,renault,no,2016-03-04,0,74338,2016-03-15 01:50:39
2016-03-17 17:31:46,24831,sedan,2006,auto,120,v70,150000,1,gasoline,volvo,,2016-03-17,0,6328,2016-04-02 22:23:09
2016-03-31 08:21:12,17933,other,2015,manual,99,twingo,100000,5,petrol,renault,no,2016-03-31,0,52783,2016-04-03 07:20:53
2016-03-11 17:31:30,0,convertible,2004,manual,159,a4,40000,1,hybrid,audi,,2016-03-11,0,31510,2016-03-22 03:08:13
2016-03-29 04:18:50,40331,convertible,2012,manual,225,polo,150000,4,gasoline,volkswagen,no,2016-03-29,0,2165,2016-04-23 09:45:16
2016-03-29 03:15:16,7156,sedan,2007,auto,121,yaris,80000,9,other,toyota,yes,2016-03-29,0,28009,2016-04-19 00:01:57
2016-03-24 12:58:43,17595,small,2013,,253,a_klasse,70000,10,gasoline,mercedes_benz,no,2016-03-24,0,26150,2016-04-20 06:22:39
2016-03-04 05:34:17,8423,sedan,2015,manual,168,fiesta,125000,3,gasoline,ford,yes,2016-03-04,0,66218,2016-03-12 04:24:31
2016-04-02 22:03:05,5340,small,2000,manual,67,megane,100000,2,lpg,renault,,2016-04-02,0,19868,2016-04-03 10:06:41
2016-03-29 13:27:52,5193,small,2004,manual,147,c4,150000,8,other,citroen,no,2016-03-29,0,29227,2016-04-01 10:35:35
2016-03-05 21:58:15,9675,other,2007,manual,176,c4,150000,4,petrol,citroen,,2016-03-05,0,59923,2016-04-02 05:12:25
2016-03-16 07:26:13,7051,,2002,auto,101,corolla,150000,9,petrol,toyota,yes,2016-03-16,0,60012,2016-04-07 04:46:53
2016-04-08 21:16:40,6018,small,1997,manual,99,fortwo,20000,3,other,smart,no,2016-04-08,0,47837,2016-04-21 12:13:04
2016-03-19 22:07:24,16040,small,2009,auto,250,tiguan,90000,1,lpg,volkswagen,,2016-03-19,0,75807,2016-03-28 04:25:35
2016-03-27 18:51:36,27618,wagon,1997,manual,164,,30000,0,hybrid,volvo,,2016-03-27,0,18635,2016-04-12 15:03:33
2016-03-16 05:27:45,10998,,2003,manual,64,zafira,100000,2,petrol,opel,,2016-03-16,0,50807,2016-04-13 09:18:48
2016-03-09 01:00:20,11267,wagon,2004,,157,cooper,150000,5,petrol,mini,,2016-03-09,0,8443,2016-03-22 19:10:10
2016-03-30 07:25:22,27867,wagon,2011,auto,175,transporter,150000,11,petrol,volkswagen,,2016-03-30,0,31457,2016-04-22 06:51:58
2016-03-03 23:12:03,6842,sedan,2004,,108,andere,40000,4,petrol,sonstige_autos,yes,2016-03-03,0,58128,2016-03-07 16:25:21
2016-03-10 14:15:53,10807,sedan,1996,manual,144,clubman,125000,3,gasoline,mini,no,2016-03-10,0,5705,2016-04-02 14:22:29
2016-04-05 08:20:58,10793,small,2010,manual,245,vectra,150000,2,petrol,opel,,2016-04-05,0,6451,2016-04-27 18:20:40
2016-03-27 07:47:50,21335,convertible,2016,manual,87,berlingo,125000,9,petrol,citroen,no,2016-03-27,0,5805,2016-03-27 16:41:26
2016-03-06 20:59:38,18098,small,2015,auto,101,s60,150000,2,gasoline,volvo,no,2016-03-06,0,4700,2016-03-18 21:49:37
2016-03-24 11:59:20,39944,coupe,1995,auto,198,500,80000,12,electric,fiat,no,2016-03-24,0,98921,2016-04-01 23:20:42
2016-04-08 05:00:30,5369,small,1998,manual,145,micra,125000,0,gasoline,nissan,no,2016-04-08,0,85208,2016-05-03 04:29:50
2016-03-09 00:52:12,22108,coupe,2006,manual,142,v70,90000,6,gasoline,volvo,no,2016-03-09,0,36919,2016-03-13 04:29:48
2016-03-23 22:01:25,13183,other,2009,manual,77,punto,150000,12,petrol,fiat,,2016-03-23,0,33050,2016-03-31 14:22:21
2016-03-17 08:57:41,13595,sedan,2001,manual,171,fabia,60000,3,other,skoda,no,2016-03-17,0,54562,2016-04-03 09:04:13
2016-04-01 23:32:31,17535,suv,2009,manual,51,3_reihe,150000,2,gasoline,mazda,no,2016-04-01,0,24765,2016-04-25 06:19:25
2016-03-24 02:12:24,6683,suv,1995,manual,161,andere,125000,0,petrol,sonstige_autos,yes,2016-03-24,0,82901,2016-04-08 08:06:59
2016-03-18 06:43:51,24730,suv,2011,auto,0,avensis,150000,3,gasoline,toyota,no,2016-03-18,0,84252,2016-04-02 18:19:19
2016-03-17 20:52:57,8403,other,2013,manual,62,a6,70000,12,gasoline,audi,yes,2016-03-17,0,10270,2016-04-08 21:31:21
2016-03-11 05:30:15,24620,suv,2012,manual,152,panda,150000,1,gasoline,fiat,no,2016-03-11,0,4148,2016-04-04 06:49:38
2016-03-18 03:41:53,4758,small,1997,auto,152,ibiza,125000,8,other,seat,no,2016-03-18,0,67608,2016-04-15 13:14:18
2016-03-04 03:28:07,10025,,2006,manual,249,andere,100000,4,,sonstige_autos,,2016-03-04,0,76311,2016-03-24 15:19:07
2016-03-31 17:06:48,9925,sedan,2000,manual,254,e_klasse,150000,12,hybrid,mercedes_benz,yes,2016-03-31,0,3494,2016-04-16 22:14:20
2016-04-08 05:54:38,27560,coupe,2005,manual,165,tucson,5000,11,,hyundai,no,2016-04-08,0,57282,2016-04-19 15:20:29
2016-03-25 16:23:13,6057,suv,1996,manual,54,e_klasse,150000,2,,mercedes_benz,no,2016-03-25,0,28642,2016-04-22 21:10:54
2016-03-29 07:42:23,6870,,2003,manual,93,panda,20000,11,other,fiat,no,2016-03-29,0,32864,2016-04-17 23:21:15
2016-03-19 01:43:01,12455,bus,1999,,158,note,60000,12,,nissan,,2016-03-19,0,91096,2016-03-20 08:33:49
2016-03-23 13:01:56,31190,coupe,2013,manual,42,a4,90000,8,gasoline,audi,,2016-03-23,0,92016,2016-03-28 16:16:39
2016-04-02 23:40:08,20041,other,2016,manual,255,q5,150000,6,cng,audi,,2016-04-02,0,24935,2016-04-09 00:44:26
2016-03-03 02:49:38,8031,sedan,1996,,146,twingo,150000,5,gasoline,renault,no,2016-03-03,0,68935,2016-03-09 02:58:17
2016-04-09 15:27:50,12163,coupe,1996,auto,0,v70,125000,2,petrol,volvo,no,2016-04-09,0,52713,2016-05-06 08:52:29
2016-03-19 12:54:59,18594,wagon,2002,manual,81,punto,50000,4,gasoline,fiat,no,2016-03-19,0,43386,2016-03-22 02:22:24
2016-03-29 00:07:43,13793,sedan,2013,manual,207,qashqai,150000,3,petrol,nissan,,2016-03-29,0,73967,2016-04-14 09:07:58
2016-03-20 04:56:50,16635,sedan,2001,auto,151,a_klasse,125000,1,petrol,mercedes_benz,no,2016-03-20,0,66277,2016-04-15 04:53:55
2016-03-27 16:00:53,29444,sedan,2013,manual,166,v40,20000,2,gasoline,volvo,no,2016-03-27,0,48706,2016-04-19 01:59:36
2016-04-05 06:07:59,8749,small,2013,manual,247,tucson,125000,8,other,hyundai,no,2016-04-05,0,30446,2016-04-22 00:00:42
2016-03-31 02:47:17,27667,other,2005,auto,179,3er,30000,11,petrol,bmw,,2016-03-31,0,16089,2016-04-08 19:06:07
2016-03-27 07:56:53,6365,other,1999,auto,185,7er,50000,1,petrol,bmw,yes,2016-03-27,0,52997,2016-04-15 16:00:11
2016-03-20 13:39:57,24576,,2006,manual,82,fortwo,125000,0,gasoline,smart,no,2016-03-20,0,99003,2016-04-13 10:38:04
2016-03-11 10:03:22,2482,small,2000,manual,165,a_klasse,150000,11,petrol,mercedes_benz,yes,2016-03-11,0,8878,2016-03-28 00:45:14
2016-03-26 21:05:19,10462,small,2010,manual,78,c_klasse,80000,4,gasoline,mercedes_benz,no,2016-03-26,0,12535,2016-04-19 05:50:39
2016-03-27 23:51:26,12364,small,2011,manual,85,2_reihe,70000,5,petrol,mazda,no,2016-03-27,0,56657,2016-04-26 20:50:17
2016-04-07 15:38:05,17117,sedan,2015,manual,93,qashqai,150000,10,gasoline,nissan,no,2016-04-07,0,58092,2016-04-29 17:51:12
2016-03-14 16:50:09,30464,convertible,2012,manual,133,passat,20000,2,gasoline,volkswagen,,2016-03-14,0,19016,2016-04-05 05:37:37
2016-03-15 11:00:38,11844,small,2010,auto,149,v70,150000,0,other,volvo,no,2016-03-15,0,61298,2016-03-22 11:12:23
2016-03-13 09:40:25,21232,coupe,1999,manual,242,3_reihe,80000,2,petrol,mazda,no,2016-03-13,0,10317,2016-03-29 04:57:22
2016-04-06 16:29:29,19957,bus,2015,manual,43,berlingo,80000,11,petrol,citroen,no,2016-04-06,0,49171,2016-04-23 03:07:43
2016-03-08 18:54:04,25005,wagon,2009,manual,218,transporter,100000,7,gasoline,volkswagen,no,2016-03-08,0,24675,2016-03-27 08:10:08
2016-03-22 19:12:59,5230,sedan,2009,manual,71,corolla,150000,9,petrol,toyota,,2016-03-22,0,50470,2016-04-02 02:42:01
2016-04-08 06:09:12,21766,sedan,2000,manual,232,punto,150000,9,electric,fiat,no,2016-04-08,0,96850,2016-04-18 19:45:09
2016-04-04 18:32:55,7031,,2009,manual,119,1er,150000,3,gasoline,bmw,yes,2016-04-04,0,51550,2016-05-01 07:41:40
2016-03-31 19:20:23,40351,wagon,2009,auto,209,panda,125000,5,gasoline,fiat,,2016-03-31,0,53623,2016-04-12 22:29:00
2016-04-08 13:17:20,7147,other,2000,manual,254,v40,150000,4,,volvo,yes,2016-04-08,0,49448,2016-04-08 13:48:27
2016-04-08 13:33:53,16981,other,2003,auto,243,6_reihe,125000,0,,mazda,,2016-04-08,0,82219,2016-04-17 01:34:06
2016-03-04 07:25:44,11588,other,2006,manual,176,twingo,150000,0,petrol,renault,no,2016-03-04,0,13602,2016-03-19 09:55:56
2016-03-11 11:55:59,14025,small,2008,manual,81,berlingo,20000,11,gasoline,citroen,no,2016-03-11,0,25255,2016-03-16 06:33:15
2016-03-14 20:32:55,9651,small,2009,manual,145,i20,150000,4,petrol,hyundai,,2016-03-14,0,14856,2016-04-09 01:29:20
2016-04-08 03:29:37,5679,wagon,1996,manual,227,megane,125000,0,petrol,renault,yes,2016-04-08,0,23285,2016-04-15 10:04:18
2016-03-07 12:13:56,31868,other,2002,auto,0,v70,90000,8,gasoline,volvo,,2016-03-07,0,11892,2016-03-26 06:22:55
2016-04-03 02:59:05,30318,coupe,2014,manual,209,s60,90000,2,gasoline,volvo,,2016-04-03,0,76709,2016-04-24 23:08:45
2016-04-01 23:24:58,26225,convertible,2013,manual,102,polo,90000,11,,volkswagen,no,2016-04-01,0,89625,2016-04-03 13:20:18
2016-04-09 12:08:52,19901,convertible,2000,auto,124,superb,150000,11,petrol,skoda,no,2016-04-09,0,7144,2016-04-20 10:54:12
2016-04-04 20:05:30,6023,wagon,2000,auto,120,,150000,9,lpg,opel,yes,2016-04-04,0,11199,2016-04-28 17:35:18
2016-03-11 08:55:05,20077,wagon,2012,manual,159,v40,70000,2,other,volvo,no,2016-03-11,0,83515,2016-03-14 18:19:23
2016-03-25 18:03:47,5759,small,1995,manual,223,3_reihe,125000,12,gasoline,mazda,no,2016-03-25,0,80022,2016-04-14 13:27:24
2016-03-11 21:15:26,4053,other,2000,manual,250,corolla,150000,7,other,toyota,yes,2016-03-11,0,64064,2016-03-15 07:41:26
2016-03-07 02:01:18,0,other,2013,manual,48,fortwo,150000,10,gasoline,smart,no,2016-03-07,0,63681,2016-03-07 16:26:00
2016-03-01 06:25:10,20253,wagon,2006,manual,259,berlingo,100000,0,petrol,citroen,,2016-03-01,0,99178,2016-03-27 23:12:33
2016-03-19 06:02:56,7001,sedan,1997,manual,177,passat,150000,9,other,volkswagen,,2016-03-19,0,7043,2016-04-05 15:59:23
2016-04-09 07:02:52,27097,wagon,2010,auto,164,,150000,9,petrol,sonstige_autos,no,2016-04-09,0,76172,2016-05-03 21:49:31
2016-03-01 04:04:26,17570,bus,2007,manual,208,fortwo,150000,4,gasoline,smart,no,2016-03-01,0,82492,2016-03-15 16:07:23
2016-04-02 16:26:52,20674,coupe,2008,,183,3_reihe,150000,9,petrol,mazda,no,2016-04-02,0,52884,2016-04-26 07:50:50
2016-03-23 06:37:26,21013,suv,1997,manual,203,corolla,80000,4,,toyota,no,2016-03-23,0,81666,2016-04-06 12:35:33
2016-03-20 14:57:18,9961,small,2003,auto,59,1er,90000,11,gasoline,bmw,no,2016-03-20,0,38151,2016-03-24 05:06:38
2016-03-28 07:50:58,13142,,2003,manual,222,a4,125000,3,gasoline,audi,no,2016-03-28,0,45018,2016-04-11 20:28:14
2016-03-18 11:20:59,18023,other,2012,manual,69,fiesta,150000,12,gasoline,ford,no,2016-03-18,0,69107,2016-04-02 14:55:26
2016-04-02 19:30:25,13936,small,2010,,103,tucson,125000,10,gasoline,hyundai,no,2016-04-02,0,98543,2016-04-08 11:17:33
2016-03-14 05:28:04,17012,sedan,2013,manual,107,andere,125000,3,gasoline,sonstige_autos,,2016-03-14,0,64265,2016-04-05 01:56:43
2016-03-06 14:58:24,9852,small,1997,manual,142,a6,60000,9,gasoline,audi,,2016-03-06,0,73982,2016-03-13 02:31:49
2016-03-09 06:31:37,26249,sedan,2012,manual,40,polo,100000,6,hybrid,volkswagen,,2016-03-09,0,33454,2016-03-26 08:37:49
2016-03-19 01:54:05,4435,wagon,2006,auto,62,megane,150000,7,other,renault,yes,2016-03-19,0,75951,2016-04-06 08:09:11
2016-03-09 17:07:54,23544,other,2014,manual,259,superb,150000,5,gasoline,skoda,no,2016-03-09,0,76983,2016-03-26 13:51:01
2016-03-26 20:31:41,19327,wagon,2001,auto,103,fortwo,90000,7,gasoline,smart,,2016-03-26,0,78549,2016-04-02 18:02:28
2016-03-19 19:13:29,20699,suv,2004,manual,76,,90000,8,gasoline,volkswagen,no,2016-03-19,0,60458,2016-03-27 13:00:00
2016-03-12 16:41:59,12734,wagon,1998,manual,195,golf,90000,9,petrol,volkswagen,no,2016-03-12,0,44386,2016-03-19 08:55:45
2016-03-11 13:06:55,15985,other,2001,manual,127,fiesta,40000,3,petrol,ford,,2016-03-11,0,97974,2016-03-25 08:20:55
2016-03-11 01:04:16,7355,small,2010,auto,240,superb,150000,3,gasoline,skoda,yes,2016-03-11,0,64861,2016-04-08 04:37:45
2016-03-05 22:43:26,14689,wagon,2007,manual,146,3_reihe,125000,2,,mazda,no,2016-03-05,0,34377,2016-03-28 17:49:10
2016-03-13 20:21:51,10441,small,2002,manual,191,andere,100000,3,petrol,sonstige_autos,no,2016-03-13,0,50459,2016-03-26 11:45:00
2016-04-02 17:38:20,29608,sedan,2014,auto,144,touran,150000,5,gasoline,volkswagen,,2016-04-02,0,64652,2016-04-27 12:04:46
2016-03-11 07:51:49,17271,coupe,1995,auto,233,clubman,150000,2,petrol,mini,,2016-03-11,0,59506,2016-03-14 15:11:52
2016-03-25 11:21:08,30728,convertible,2006,auto,113,,70000,0,gasoline,mazda,,2016-03-25,0,42162,2016-04-06 15:19:34
2016-03-20 04:51:31,22118,bus,2003,manual,165,octavia,150000,7,gasoline,skoda,no,2016-03-20,0,73446,2016-03-29 12:23:50
2016-03-23 23:38:02,22010,wagon,1999,,174,ka,125000,12,hybrid,ford,no,2016-03-23,0,69571,2016-04-22 20:32:10
2016-03-24 04:22:29,26827,bus,2010,manual,0,corolla,30000,12,,toyota,,2016-03-24,0,78900,2016-04-17 19:33:04
2016-03-12 00:46:41,10244,small,2005,manual,221,punto,20000,10,cng,fiat,,2016-03-12,0,72962,2016-04-03 14:19:03
2016-03-16 15:45:01,11568,small,2012,auto,237,megane,150000,11,other,renault,,2016-03-16,0,19749,2016-04-15 07:39:24
2016-03-13 00:31:09,17022,wagon,2012,manual,230,a_klasse,125000,2,other,mercedes_benz,,2016-03-13,0,43871,2016-04-06 13:54:19
2016-03-11 19:30:32,16226,wagon,2012,manual,89,v40,90000,7,petrol,volvo,no,2016-03-11,0,77035,2016-04-01 10:33:53
2016-03-12 18:08:43,24635,wagon,2008,manual,223,5er,150000,2,gasoline,bmw,no,2016-03-12,0,3721,2016-04-05 12:07:58
2016-03-31 06:29:23,8700,small,2003,,151,3_reihe,100000,6,gasoline,mazda,no,2016-03-31,0,60476,2016-04-02 02:35:20
2016-03-01 03:19:22,20906,suv,2013,manual,40,2_reihe,150000,9,,peugeot,no,2016-03-01,0,2096,2016-03-13 11:47:00
2016-04-01 21:39:22,25888,wagon,2016,manual,220,s60,50000,8,,volvo,no,2016-04-01,0,43419,2016-04-12 10:49:32
2016-04-09 09:29:30,14771,,2002,auto,60,ibiza,125000,4,petrol,seat,no,2016-04-09,0,57247,2016-04-13 12:54:30
2016-04-01 14:52:08,5037,sedan,2010,manual,42,zafira,50000,1,other,opel,,2016-04-01,0,13363,2016-04-04 14:46:12
2016-03-24 00:31:11,11356,small,2013,manual,68,1er,70000,1,petrol,bmw,no,2016-03-24,0,79559,2016-04-20 13:40:00
2016-03-26 04:49:07,31637,sedan,2016,manual,239,andere,90000,1,gasoline,sonstige_autos,no,2016-03-26,0,33589,2016-04-18 01:13:55
2016-03-21 09:28:16,23760,,2012,manual,209,scenic,100000,2,gasoline,renault,no,2016-03-21,0,99894,2016-04-10 20:14:23
2016-03-04 11:29:43,11310,other,1995,manual,106,2_reihe,125000,4,electric,mazda,,2016-03-04,0,11622,2016-03-28 01:39:47
2016-03-24 06:26:56,25175,sedan,2010,manual,92,a6,30000,4,gasoline,audi,no,2016-03-24,0,34369,2016-04-22 09:22:30
2016-03-20 11:08:43,18516,suv,2001,manual,179,ibiza,70000,9,petrol,seat,,2016-03-20,0,56085,2016-04-07 07:09:05
2016-03-18 11:48:56,26263,suv,2015,manual,123,,60000,12,other,renault,no,2016-03-18,0,47051,2016-04-12 20:35:40
2016-03-31 02:06:01,20843,other,1996,auto,222,cooper,125000,8,gasoline,mini,no,2016-03-31,0,64580,2016-04-25 09:56:48
2016-03-09 13:11:09,6524,small,1998,auto,139,6_reihe,150000,1,petrol,mazda,no,2016-03-09,0,75693,2016-03-26 19:29:20
2016-03-18 00:06:16,9086,suv,1999,manual,134,s_klasse,100000,8,gasoline,mercedes_benz,,2016-03-18,0,7998,2016-03-26 21:52:33
2016-03-18 04:08:18,27454,coupe,1998,auto,244,andere,90000,4,lpg,sonstige_autos,,2016-03-18,0,72501,2016-03-19 06:14:38
2016-03-11 17:40:01,9392,other,2006,manual,76,i30,150000,0,petrol,hyundai,no,2016-03-11,0,41156,2016-03-19 00:20:36
2016-04-02 10:53:35,33113,coupe,2004,auto,0,3_reihe,60000,10,petrol,peugeot,no,2016-04-02,0,24664,2016-04-18 11:01:59
2016-04-05 12:38:14,8504,coupe,2000,manual,46,s_klasse,90000,11,lpg,mercedes_benz,no,2016-04-05,0,17883,2016-04-11 23:38:05
2016-03-14 03:12:56,18280,suv,1996,manual,0,note,150000,0,petrol,nissan,no,2016-03-14,0,15551,2016-04-04 02:44:10
2016-03-28 20:30:34,7903,small,2000,manual,74,3_reihe,100000,4,gasoline,mazda,no,2016-03-28,0,90137,2016-04-14 17:53:52
2016-04-01 06:10:53,23670,wagon,2015,manual,70,500,90000,9,gasoline,fiat,no,2016-04-01,0,82590,2016-04-21 20:51:30
2016-03-10 20:53:10,19428,wagon,2002,manual,69,note,50000,11,gasoline,nissan,,2016-03-10,0,2843,2016-03-28 13:49:07
2016-03-19 00:43:57,10187,coupe,2006,auto,190,c_klasse,150000,10,petrol,mercedes_benz,yes,2016-03-19,0,3013,2016-04-09 05:37:16
2016-03-30 11:42:02,18088,other,2003,manual,96,1er,80000,0,gasoline,bmw,no,2016-03-30,0,4630,2016-04-25 03:25:42
2016-03-03 12:17:14,18380,sedan,2009,manual,184,altea,150000,5,gasoline,seat,,2016-03-03,0,9608,2016-03-27 14:46:14
2016-03-27 06:25:42,5646,small,1997,manual,149,5er,125000,12,petrol,bmw,no,2016-03-27,0,41701,2016-04-10 22:21:14
2016-03-25 03:33:32,63395,sedan,2013,auto,180,forfour,20000,0,electric,smart,no,2016-03-25,0,90146,2016-04-06 00:44:51
2016-03-12 11:52:06,12121,other,1995,manual,212,a3,125000,6,gasoline,audi,no,2016-03-12,0,84205,2016-03-19 09:08:16
2016-03-04 19:01:20,21006,small,2012,auto,195,corolla,60000,8,gasoline,toyota,no,2016-03-04,0,56486,2016-04-02 06:13:30
2016-04-05 19:41:51,14139,,2003,auto,80,megane,100000,10,,renault,no,2016-04-05,0,4177,2016-04-27 12:27:12
2016-04-04 10:11:36,44191,convertible,2014,manual,211,berlingo,30000,12,petrol,citroen,no,2016-04-04,0,92812,2016-04-26 10:49:54
2016-03-30 04:17:32,6095,small,2008,manual,44,scenic,125000,4,,renault,no,2016-03-30,0,64249,2016-04-28 18:36:21
2016-03-06 11:10:59,9238,other,2013,,230,i20,70000,7,petrol,hyundai,yes,2016-03-06,0,23858,2016-03-22 21:03:11
2016-03-05 15:31:49,28281,bus,2016,auto,245,tucson,150000,12,other,hyundai,no,2016-03-05,0,11514,2016-03-08 18:56:50
2016-04-04 00:35:24,18129,sedan,2013,manual,164,leon,150000,4,gasoline,seat,no,2016-04-04,0,22803,2016-04-06 13:48:42
2016-04-08 11:06:40,18226,bus,2015,manual,99,3_reihe,150000,4,petrol,peugeot,,2016-04-08,0,94117,2016-04-18 01:37:06
2016-04-02 23:46:28,4308,other,1995,manual,0,forfour,150000,9,other,smart,yes,2016-04-02,0,94391,2016-04-23 19:42:33
2016-04-06 06:17:57,17162,coupe,1997,manual,183,andere,150000,5,gasoline,sonstige_autos,no,2016-04-06,0,57689,2016-04-16 09:23:17
2016-04-08 01:30:51,30643,convertible,2000,manual,197,micra,125000,2,electric,nissan,,2016-04-08,0,40146,2016-04-09 08:56:33
2016-03-25 04:02:25,25433,wagon,2015,manual,59,s60,100000,5,gasoline,volvo,no,2016-03-25,0,87750,2016-03-26 20:18:58
2016-03-16 15:21:38,14537,small,2007,auto,5016,,30000,3,petrol,mercedes_benz,no,2016-03-16,0,19746,2016-03-20 11:45:47
2016-03-13 11:21:57,18945,suv,1997,manual,258,leon,70000,6,other,seat,no,2016-03-13,0,14323,2016-04-10 09:51:37
2016-03-04 19:07:20,24226,wagon,2010,auto,250,2_reihe,150000,11,petrol,peugeot,no,2016-03-04,0,80018,2016-03-30 14:59:42
2016-03-11 10:14:11,9895,convertible,1998,manual,200,andere,90000,7,gasoline,sonstige_autos,yes,2016-03-11,0,79612,2016-04-08 13:52:50
2016-03-21 01:48:39,6562,sedan,2002,manual,107,,10000,3,gasoline,mercedes_benz,yes,2016-03-21,0,35293,2016-04-08 20:48:07
2016-03-25 11:18:02,18734,wagon,1998,manual,243,clubman,5000,1,other,mini,,2016-03-25,0,86123,2016-03-27 11:36:00
2016-04-04 08:55:58,21323,,2014,manual,185,avensis,125000,6,gasoline,toyota,no,2016-04-04,0,38835,2016-04-28 11:52:08
2016-03-01 20:22:24,20248,wagon,2016,manual,150,6_reihe,150000,12,gasoline,mazda,no,2016-03-01,0,63729,2016-03-24 13:38:00
2016-03-30 18:14:35,40937,other,2009,auto,164,clio,125000,9,hybrid,renault,no,2016-03-30,0,12772,2016-03-30 22:49:05
2016-03-26 20:18:44,14467,,1995,manual,195,s60,150000,8,hybrid,volvo,no,2016-03-26,0,43741,2016-04-08 19:46:26
2016-03-31 21:37:07,7836,small,2005,manual,176,a1,100000,4,petrol,audi,,2016-03-31,0,92204,2016-04-26 22:58:37
2016-03-01 17:49:21,5384,sedan,1998,manual,142,punto,150000,12,other,fiat,,2016-03-01,0,35677,2016-03-23 15:06:11
2016-03-31 00:03:00,25832,sedan,2008,auto,154,clio,100000,5,,renault,,2016-03-31,0,66676,2016-04-01 06:22:37
2016-04-02 11:40:25,15127,bus,2003,manual,87,zafira,125000,9,gasoline,opel,no,2016-04-02,0,91756,2016-04-15 19:14:19
2016-03-25 09:32:21,6568,suv,1997,manual,173,megane,80000,4,gasoline,renault,yes,2016-03-25,0,52014,2016-04-14 20:04:23
2016-03-12 05:04:54,6589,small,2003,manual,211,i20,100000,8,other,hyundai,no,2016-03-12,0,38839,2016-03-21 17:40:23
2016-03-20 15:29:47,19435,,2014,auto,221,3_reihe,150000,5,,mazda,yes,2016-03-20,0,71552,2016-04-09 12:10:38
2016-04-03 18:57:32,22146,coupe,2011,manual,115,tucson,150000,11,gasoline,hyundai,no,2016-04-03,0,61814,2016-04-25 02:13:54
2016-04-04 07:02:17,10233,other,2004,manual,63,clubman,125000,6,cng,mini,no,2016-04-04,0,98200,2016-04-29 03:54:28
2016-03-02 03:34:51,13654,wagon,2010,manual,40,mondeo,125000,7,gasoline,ford,no,2016-03-02,0,91874,2016-03-03 00:21:57
2016-03-13 12:57:26,17591,small,2011,manual,243,e_klasse,5000,10,gasoline,mercedes_benz,no,2016-03-13,0,35671,2016-03-25 16:47:11
2016-03-11 07:00:49,5947,suv,1998,manual,134,s60,150000,2,petrol,volvo,yes,2016-03-11,0,84823,2016-04-04 22:34:59
2016-03-11 06:45:17,7982,convertible,2002,manual,61,fabia,150000,1,other,skoda,no,2016-03-11,0,52864,2016-03-18 07:51:09
2016-03-09 18:15:04,12425,coupe,1996,manual,253,altea,150000,6,other,seat,no,2016-03-09,0,23690,2016-03-21 19:17:17
2016-04-07 04:02:05,4240,,1996,manual,142,s_klasse,150000,5,lpg,mercedes_benz,no,2016-04-07,0,41446,2016-04-28 06:15:25
2016-03-21 04:44:37,18954,wagon,2000,manual,85,andere,125000,1,electric,sonstige_autos,no,2016-03-21,0,16182,2016-04-04 04:24:53
2016-03-03 06:51:35,4924,other,1997,auto,152,6_reihe,125000,10,other,mazda,yes,2016-03-03,0,20984,2016-03-25 09:15:05
2016-03-19 03:09:05,18612,bus,2014,manual,244,micra,150000,5,other,nissan,,2016-03-19,0,24849,2016-04-07 20:21:09
2016-03-12 23:10:09,18510,other,2002,manual,215,andere,125000,2,gasoline,sonstige_autos,,2016-03-12,0,87766,2016-04-08 00:43:25
2016-03-02 08:37:44,9589,small,2011,manual,205,a_klasse,150000,4,petrol,mercedes_benz,no,2016-03-02,0,73601,2016-03-17 03:58:27
2016-03-21 16:45:50,53021,convertible,2014,auto,178,3_reihe,30000,10,,mazda,no,2016-03-21,0,51817,2016-04-01 21:15:33
2016-03-25 19:03:08,11800,other,2005,manual,90,2_reihe,80000,6,,peugeot,no,2016-03-25,0,27268,2016-04-21 09:03:28
2016-03-27 02:22:39,15898,other,2003,manual,218,forfour,70000,11,petrol,smart,no,2016-03-27,0,10627,2016-04-12 09:10:55
2016-03-25 21:41:24,27558,convertible,2013,manual,0,c4,150000,11,,citroen,no,2016-03-25,0,1943,2016-04-18 04:17:35
2016-04-03 05:29:38,0,bus,1996,auto,162,micra,80000,11,gasoline,nissan,no,2016-04-03,0,57473,2016-04-19 11:19:57
2016-03-14 03:24:19,23752,,2011,auto,151,transporter,125000,8,petrol,volkswagen,no,2016-03-14,0,74746,2016-03-24 12:01:08
2016-04-02 20:14:36,25153,sedan,2015,manual,202,superb,125000,7,gasoline,skoda,no,2016-04-02,0,15920,2016-04-14 02:05:02
2016-03-04 07:25:34,13636,small,2014,manual,222,micra,60000,5,,nissan,no,2016-03-04,0,18675,2016-03-19 07:07:44
2016-03-26 02:53:27,21165,suv,1999,auto,116,fabia,150000,10,gasoline,skoda,no,2016-03-26,0,77197,2016-04-10 16:34:11
2016-04-06 08:57:42,15056,bus,2007,manual,124,qashqai,150000,0,petrol,nissan,no,2016-04-06,0,15146,2016-04-15 06:32:34
2016-04-03 22:25:57,38086,suv,2003,auto,209,i30,150000,2,,hyundai,no,2016-04-03,0,95462,2016-04-08 06:54:19
2016-03-07 23:45:31,25511,convertible,2009,manual,81,3_reihe,5000,5,petrol,mazda,no,2016-03-07,0,9442,2016-03-13 11:02:06
2016-04-01 02:49:30,7739,other,2007,manual,84,a_klasse,150000,9,,mercedes_benz,yes,2016-04-01,0,30851,2016-04-04 00:05:49
2016-03-18 00:23:10,15908,wagon,2000,manual,129,500,20000,3,gasoline,fiat,no,2016-03-18,0,25825,2016-04-03 15:13:05
2016-03-10 05:14:33,24849,wagon,2016,manual,170,1er,150000,6,petrol,bmw,,2016-03-10,0,38609,2016-03-16 01:46:37
2016-04-01 17:57:54,9755,suv,2006,manual,111,2_reihe,150000,8,gasoline,peugeot,yes,2016-04-01,0,57467,2016-04-23 16:40:04
2016-03-09 02:48:19,19210,wagon,2008,manual,237,panda,150000,1,other,fiat,no,2016-03-09,0,45615,2016-03-26 14:27:50
2016-03-10 16:24:13,8569,small,2015,manual,0,octavia,125000,9,lpg,skoda,no,2016-03-10,0,91875,2016-03-15 13:13:19
2016-04-03 12:56:28,23129,sedan,1996,auto,186,3er,150000,7,hybrid,bmw,no,2016-04-03,0,23118,2016-04-23 18:03:09
2016-03-30 17:52:22,9862,other,2006,manual,148,leon,20000,7,other,seat,no,2016-03-30,0,71562,2016-04-09 04:21:12
2016-03-26 20:19:41,7060,other,2002,manual,101,superb,80000,8,hybrid,skoda,yes,2016-03-26,0,53208,2016-04-23 15:53:07
2016-03-23 14:28:10,31147,suv,2003,manual,151,3_reihe,40000,11,,mazda,no,2016-03-23,0,29158,2016-04-06 21:07:55
2016-03-28 06:32:01,12329,wagon,1997,auto,155,mondeo,150000,3,other,ford,no,2016-03-28,0,15575,2016-04-02 01:26:42
2016-03-01 23:33:20,18533,coupe,2000,manual,144,astra,125000,9,gasoline,opel,,2016-03-01,0,80115,2016-03-18 00:46:29
2016-04-02 05:34:57,18917,other,2008,auto,155,golf,150000,7,petrol,volkswagen,,2016-04-02,0,37951,2016-04-04 08:37:14
2016-04-01 04:44:23,2478,small,2006,manual,121,corsa,150000,7,petrol,opel,yes,2016-04-01,0,97868,2016-04-12 07:56:19
2016-03-12 07:52:59,15184,sedan,2004,,142,,5000,3,petrol,smart,no,2016-03-12,0,54559,2016-03-13 01:42:21
2016-03-15 15:39:32,7456,other,2009,manual,115,a_klasse,90000,8,petrol,mercedes_benz,yes,2016-03-15,0,99311,2016-04-07 10:32:07
2016-03-19 23:11:27,13425,,1997,manual,46,clubman,90000,2,hybrid,mini,,2016-03-19,0,6169,2016-03-20 00:25:27
2016-04-06 03:33:42,17922,sedan,2013,manual,229,7er,90000,5,other,bmw,no,2016-04-06,0,27065,2016-04-29 08:32:58
2016-03-15 22:48:18,10142,other,2008,manual,41,c3,150000,3,other,citroen,no,2016-03-15,0,36052,2016-04-01 06:00:41
2016-03-07 04:04:26,22065,sedan,2010,manual,130,corolla,100000,12,gasoline,toyota,no,2016-03-07,0,90818,2016-03-29 11:49:31
2016-03-18 23:27:30,21662,suv,1997,auto,114,fiesta,40000,0,other,ford,no,2016-03-18,0,76454,2016-04-08 15:54:54
2016-04-07 20:04:46,10185,wagon,2014,manual,105,i20,90000,7,gasoline,hyundai,yes,2016-04-07,0,62339,2016-04-11 12:27:38
2016-03-10 06:17:24,4608,wagon,1999,manual,140,avensis,150000,9,gasoline,toyota,yes,2016-03-10,0,88439,2016-03-29 16:33:09
2016-04-09 14:38:52,30644,convertible,2010,manual,250,zafira,90000,6,petrol,opel,no,2016-04-09,0,7966,2016-04-24 23:09:50
2016-03-03 16:42:10,7682,small,2001,manual,135,,150000,12,gasoline,skoda,,2016-03-03,0,86728,2016-03-20 11:13:52
2016-03-08 17:14:33,11401,,2003,manual,255,twingo,150000,11,gasoline,renault,no,2016-03-08,0,94225,2016-04-02 11:30:07
2016-03-23 13:24:07,14370,wagon,2008,manual,99,,150000,11,petrol,citroen,no,2016-03-23,0,55832,2016-04-02 09:08:24
2016-03-20 10:49:31,7579,other,2002,manual,107,tiguan,125000,0,other,volkswagen,no,2016-03-20,0,34858,2016-03-31 21:20:14
2016-03-11 01:06:38,18115,wagon,2007,manual,125,clubman,125000,4,gasoline,mini,no,2016-03-11,0,84749,2016-03-25 13:15:19
2016-04-01 18:02:27,14024,sedan,2012,manual,179,clio,150000,6,petrol,renault,no,2016-04-01,0,3639,2016-04-05 10:50:15
2016-03-20 23:50:42,17576,sedan,2007,,259,,150000,7,petrol,opel,no,2016-03-20,0,15894,2016-03-28 11:50:11
2016-04-06 17:23:40,29410,other,2010,auto,162,6_reihe,125000,2,gasoline,mazda,no,2016-04-06,0,92718,2016-05-03 08:22:00
2016-03-18 03:45:38,9749,other,1995,manual,146,i30,150000,8,petrol,hyundai,no,2016-03-18,0,65975,2016-04-12 06:15:46
2016-03-27 07:19:36,7768,sedan,2005,,0,,150000,8,gasoline,sonstige_autos,yes,2016-03-27,0,35688,2016-04-23 07:45:27
2016-03-05 20:53:41,10364,small,2013,manual,132,3_reihe,150000,7,petrol,mazda,,2016-03-05,0,79723,2016-03-21 03:24:38
2016-04-06 08:32:18,19032,small,2010,manual,46,3er,80000,2,electric,bmw,no,2016-04-06,0,64945,2016-04-12 04:37:21
2016-03-30 18:01:29,14250,small,2008,manual,215,5_reihe,150000,10,gasoline,peugeot,no,2016-03-30,0,46244,2016-04-17 20:21:15
2016-03-08 05:10:24,7877,convertible,2000,manual,207,2_reihe,70000,5,gasoline,peugeot,yes,2016-03-08,0,12136,2016-03-24 18:19:21
2016-03-06 00:56:12,14966,sedan,1999,manual,58,corolla,5000,4,gasoline,toyota,no,2016-03-06,0,58784,2016-03-28 21:20:57
2016-03-16 13:49:10,14337,wagon,1997,manual,139,7er,60000,11,gasoline,bmw,no,2016-03-16,0,47133,2016-04-10 14:32:00
2016-03-03 03:29:24,34639,sedan,2015,auto,146,clubman,60000,6,petrol,mini,no,2016-03-03,0,66229,2016-03-19 05:23:40
2016-03-13 19:07:01,22476,,2010,auto,147,avensis,90000,4,petrol,toyota,no,2016-03-13,0,71407,2016-03-21 12:26:13
2016-03-06 09:11:21,12275,sedan,2006,manual,190,c4,150000,5,gasoline,citroen,,2016-03-06,0,19981,2016-03-07 03:40:45
2016-03-17 05:57:08,10509,other,2001,auto,116,vectra,150000,4,petrol,opel,no,2016-03-17,0,16382,2016-03-30 23:47:41
2016-04-05 22:30:47,90000,small,2005,manual,240,corolla,40000,8,gasoline,toyota,,2016-04-05,0,25391,2016-05-02 22:18:42
2016-03-08 20:00:50,19525,wagon,2012,manual,67,a1,125000,10,gasoline,audi,no,2016-03-08,0,6194,2016-04-07 19:53:58
2016-03-21 18:04:10,25213,other,2014,manual,258,fortwo,125000,1,petrol,smart,no,2016-03-21,0,33077,2016-03-26 01:16:07
2016-03-03 17:45:24,18311,bus,2013,auto,203,x_reihe,80000,10,petrol,bmw,yes,2016-03-03,0,36806,2016-03-08 01:38:02
2016-03-02 16:10:40,13726,wagon,1995,manual,252,,150000,7,petrol,hyundai,no,2016-03-02,0,57012,2016-03-04 07:49:35
2016-03-28 01:38:21,6313,bus,1998,manual,45,focus,150000,8,gasoline,ford,no,2016-03-28,0,86299,2016-04-17 18:04:57
2016-04-03 22:42:59,17703,sedan,2016,manual,59,qashqai,10000,12,petrol,nissan,,2016-04-03,0,55444,2016-04-12 09:55:39
2016-03-28 04:54:36,15875,,2003,manual,250,i30,150000,5,,hyundai,,2016-03-28,0,72670,2016-04-06 11:52:54
2016-03-29 09:45:09,8710,other,1996,manual,155,insignia,125000,10,petrol,opel,no,2016-03-29,0,31540,2016-04-15 18:16:48
2016-04-08 04:26:54,18200,small,2012,auto,242,3_reihe,150000,3,lpg,peugeot,no,2016-04-08,0,66354,2016-05-07 06:03:40
2016-03-25 15:22:45,6819,other,2008,manual,96,mondeo,40000,2,petrol,ford,yes,2016-03-25,0,99841,2016-03-30 07:27:06
2016-03-24 18:31:31,28158,coupe,2008,manual,176,altea,80000,5,,seat,no,2016-03-24,0,28894,2016-04-19 18:44:08
2016-04-02 07:35:05,8944,small,2005,manual,91,note,125000,12,gasoline,nissan,no,2016-04-02,0,59348,2016-04-02 10:23:16
2016-03-27 21:55:15,8260,small,2002,auto,169,vectra,125000,12,other,opel,,2016-03-27,0,52003,2016-04-18 01:53:15
2016-03-12 23:07:52,25550,other,2010,auto,97,clubman,150000,5,,mini,no,2016-03-12,0,57042,2016-03-14 10:37:03
2016-03-12 03:34:49,30587,bus,2016,manual,258,3_reihe,150000,9,gasoline,mazda,no,2016-03-12,0,17109,2016-03-20 11:18:52
2016-03-10 06:06:32,11756,,2006,manual,188,andere,150000,0,other,sonstige_autos,no,2016-03-10,0,28702,2016-03-18 01:09:37
2016-03-23 13:58:43,8330,small,2005,auto,108,punto,150000,6,petrol,fiat,no,2016-03-23,0,8679,2016-03-28 13:26:15
2016-04-03 08:23:36,19281,coupe,2013,manual,134,transporter,150000,6,petrol,volkswagen,no,2016-04-03,0,83102,2016-04-09 09:04:57
2016-03-21 12:25:55,17129,sedan,2014,manual,175,clio,150000,5,petrol,renault,no,2016-03-21,0,56929,2016-03-31 02:22:21
2016-04-08 16:19:36,2014,small,1999,,118,i20,150000,3,cng,hyundai,yes,2016-04-08,0,48308,2016-04-09 16:47:17
2016-03-12 14:03:06,13788,sedan,2006,manual,129,3_reihe,150000,11,lpg,mazda,no,2016-03-12,0,89327,2016-03-26 10:56:36
2016-03-21 15:04:30,9069,,2015,manual,110,corolla,150000,2,gasoline,toyota,,2016-03-21,0,15136,2016-04-15 05:00:07
2016-03-30 22:43:33,8948,convertible,2014,manual,68,qashqai,150000,11,gasoline,nissan,yes,2016-03-30,0,67676,2016-04-10 07:43:29
2016-03-29 12:45:18,29975,small,2016,auto,49,fortwo,70000,0,hybrid,smart,no,2016-03-29,0,75737,2016-04-15 04:58:17
2016-03-09 09:08:57,12723,small,2002,manual,116,,30000,11,gasoline,volkswagen,no,2016-03-09,0,80074,2016-04-07 08:59:18
2016-03-28 23:52:45,11544,other,2011,manual,55,i20,150000,10,petrol,hyundai,,2016-03-28,0,78878,2016-03-30 22:24:04
2016-03-15 18:35:02,11222,coupe,2002,manual,137,3_reihe,150000,12,other,peugeot,no,2016-03-15,0,92525,2016-04-14 00:12:55
2016-03-05 08:39:03,15587,sedan,2002,manual,111,s60,30000,2,gasoline,volvo,no,2016-03-05,0,13878,2016-03-20 11:03:22
2016-03-20 06:13:22,11943,convertible,2014,manual,182,tucson,150000,6,,hyundai,yes,2016-03-20,0,16382,2016-03-25 12:57:57
2016-03-14 13:19:54,38484,wagon,2014,auto,43,polo,30000,10,gasoline,volkswagen,no,2016-03-14,0,37894,2016-03-29 01:04:26
2016-03-05 14:56:04,6939,small,2000,manual,254,fortwo,150000,5,petrol,smart,,2016-03-05,0,7257,2016-03-18 02:35:27
2016-03-05 15:38:29,18478,,2009,manual,229,punto,150000,4,gasoline,fiat,no,2016-03-05,0,78734,2016-03-25 16:24:03
2016-03-27 15:26:16,32695,wagon,2012,auto,188,x_reihe,150000,4,petrol,bmw,no,2016-03-27,0,78155,2016-04-19 01:22:47
2016-04-08 15:11:32,30084,convertible,1998,,177,,5000,8,other,bmw,no,2016-04-08,0,32883,2016-05-07 08:00:54
2016-03-26 06:30:46,16198,,1999,manual,254,superb,150000,1,,skoda,no,2016-03-26,0,4353,2016-04-09 05:28:37
2016-03-20 19:56:22,7631,sedan,2009,manual,183,e_klasse,30000,5,petrol,mercedes_benz,yes,2016-03-20,0,62981,2016-04-04 00:46:42
2016-03-18 10:06:48,5615,sedan,2004,manual,244,7er,150000,11,gasoline,bmw,yes,2016-03-18,0,34185,2016-04-02 11:11:29
2016-04-07 17:08:14,10317,other,1995,manual,81,a6,30000,4,gasoline,audi,no,2016-04-07,0,24429,2016-04-15 07:16:01
2016-03-18 16:25:03,23727,small,2016,manual,225,500,90000,3,electric,fiat,no,2016-03-18,0,53251,2016-04-08 09:07:52
2016-03-02 14:03:43,36712,suv,2005,auto,215,clubman,150000,6,gasoline,mini,no,2016-03-02,0,58568,2016-04-01 13:14:11
2016-03-22 13:38:05,12854,,2011,auto,210,3_reihe,150000,10,petrol,peugeot,,2016-03-22,0,68148,2016-04-07 02:55:02
2016-03-10 01:12:11,1841,small,2002,manual,48,andere,150000,7,petrol,sonstige_autos,,2016-03-10,0,19814,2016-03-28 12:35:04
2016-03-03 06:22:52,9369,small,2013,,117,2_reihe,90000,5,other,peugeot,no,2016-03-03,0,28513,2016-03-06 09:11:15
2016-04-06 15:42:52,15227,convertible,2002,manual,79,,150000,11,gasoline,sonstige_autos,,2016-04-06,0,33132,2016-04-06 22:28:27
2016-03-25 05:38:01,18092,suv,2009,manual,77,forfour,100000,7,other,smart,no,2016-03-25,0,49763,2016-04-17 05:51:38
2016-03-16 14:17:30,36300,bus,2005,auto,112,qashqai,80000,5,hybrid,nissan,,2016-03-16,0,89416,2016-03-18 06:56:47
2016-04-05 17:40:05,11403,other,1996,manual,68,5_reihe,80000,2,gasoline,peugeot,no,2016-04-05,0,11874,2016-05-05 02:53:10
2016-04-08 12:13:23,12653,wagon,2016,auto,102,i20,125000,0,petrol,hyundai,yes,2016-04-08,0,27251,2016-04-19 18:27:48
2016-03-18 11:03:57,5197,small,1995,,76,fortwo,125000,8,petrol,smart,no,2016-03-18,0,39151,2016-04-06 01:49:18
2016-03-27 07:13:48,2477,small,2002,manual,87,,150000,3,gasoline,ford,yes,2016-03-27,0,52700,2016-03-31 21:02:18
2016-03-24 15:56:29,9430,other,2013,auto,74,avensis,150000,10,gasoline,toyota,yes,2016-03-24,0,8076,2016-04-07 14:35:00
2016-03-18 22:51:44,14745,other,2007,auto,74,e_klasse,150000,6,,mercedes_benz,no,2016-03-18,0,35319,2016-03-21 10:11:23
2016-03-17 14:13:39,16216,sedan,2010,manual,56,cooper,10000,3,petrol,mini,no,2016-03-17,0,78123,2016-04-02 07:58:56
2016-03-09 17:48:54,11332,convertible,1995,manual,52,note,125000,5,electric,nissan,no,2016-03-09,0,51719,2016-03-11 21:16:44
2016-03-22 15:47:53,10329,other,1997,manual,87,forfour,70000,5,petrol,smart,,2016-03-22,0,20706,2016-04-08 21:47:22
2016-03-06 10:56:30,12361,coupe,2004,manual,0,octavia,125000,1,other,skoda,no,2016-03-06,0,57047,2016-03-30 13:46:41
2016-03-31 15:16:24,8225,small,2013,manual,232,andere,100000,5,other,sonstige_autos,,2016-03-31,0,65537,2016-04-11 08:50:23
2016-03-29 07:32:55,39924,wagon,2009,manual,256,avensis,90000,4,electric,toyota,,2016-03-29,0,69960,2016-04-04 15:33:40
2016-04-03 18:22:11,7353,other,1997,auto,122,s_klasse,50000,10,cng,mercedes_benz,no,2016-04-03,0,91791,2016-04-18 15:44:14
2016-03-30 16:10:38,12416,small,2010,auto,221,x_reihe,150000,1,other,bmw,,2016-03-30,0,88855,2016-04-18 01:39:56
2016-03-28 15:35:13,13127,wagon,2006,manual,79,andere,70000,3,cng,sonstige_autos,no,2016-03-28,0,36633,2016-03-30 18:01:14
2016-03-22 15:03:24,11107,small,2006,manual,225,octavia,30000,11,petrol,skoda,no,2016-03-22,0,12728,2016-04-15 18:13:50
2016-03-12 14:43:01,18547,suv,1995,auto,176,500,150000,10,gasoline,fiat,no,2016-03-12,0,48907,2016-03-28 05:33:14
2016-03-15 10:31:47,22020,other,2002,auto,0,astra,100000,1,gasoline,opel,no,2016-03-15,0,27718,2016-03-27 10:50:24
2016-03-22 14:23:21,7471,sedan,1999,manual,213,,100000,8,gasoline,mini,yes,2016-03-22,0,42343,2016-04-16 12:50:25
2016-03-07 20:32:05,30966,convertible,2002,auto,163,megane,80000,5,petrol,renault,no,2016-03-07,0,22922,2016-04-04 23:14:12
2016-03-16 21:43:15,22844,,2012,manual,248,clio,125000,10,petrol,renault,no,2016-03-16,0,30894,2016-03-29 23:42:03
2016-03-21 14:49:31,41322,suv,2015,manual,71,a3,150000,1,,audi,no,2016-03-21,0,40964,2016-04-15 00:03:03
2016-04-02 10:31:29,7127,wagon,1996,manual,107,2_reihe,150000,9,,peugeot,no,2016-04-02,0,82385,2016-04-19 23:35:15
2016-03-10 23:40:56,10590,wagon,1999,manual,129,a_klasse,100000,10,petrol,mercedes_benz,no,2016-03-10,0,49411,2016-04-03 12:31:55
2016-03-10 00:08:46,16518,wagon,1999,manual,187,corolla,70000,8,petrol,toyota,,2016-03-10,0,89383,2016-04-08 01:16:09
2016-03-29 12:49:25,5473,sedan,1996,manual,56,panda,125000,6,petrol,fiat,no,2016-03-29,0,80426,2016-04-14 15:18:11
2016-03-02 18:17:32,20376,coupe,1997,manual,98,i20,125000,4,hybrid,hyundai,no,2016-03-02,0,19087,2016-03-02 20:41:06
2016-04-07 13:58:54,17461,wagon,2008,auto,108,superb,125000,8,petrol,skoda,,2016-04-07,0,93494,2016-04-27 21:22:42
2016-03-25 08:24:47,21415,sedan,2001,auto,255,6_reihe,150000,2,gasoline,mazda,no,2016-03-25,0,71793,2016-04-05 23:30:52
2016-03-11 16:49:21,15582,sedan,1995,,238,2_reihe,80000,3,gasoline,peugeot,no,2016-03-11,0,20669,2016-03-24 14:21:02
2016-03-13 07:42:03,16882,sedan,2012,manual,138,andere,150000,4,cng,sonstige_autos,no,2016-03-13,0,15258,2016-04-07 03:19:05
2016-03-29 13:31:48,28089,suv,2015,manual,201,panda,60000,9,other,fiat,,2016-03-29,0,60280,2016-03-31 05:23:14
2016-04-04 07:24:54,9847,sedan,2002,manual,217,v40,150000,6,petrol,volvo,,2016-04-04,0,84248,2016-04-05 23:59:11
2016-03-18 23:05:24,7312,bus,2001,manual,45,cooper,150000,0,gasoline,mini,no,2016-03-18,0,18432,2016-04-07 10:20:32
2016-03-10 12:20:14,25277,other,2010,manual,218,micra,80000,7,gasoline,nissan,no,2016-03-10,0,48492,2016-03-11 16:01:03
2016-03-04 21:42:36,10845,other,1999,auto,107,6_reihe,90000,1,,mazda,,2016-03-04,0,99504,2016-04-02 01:05:54
2016-03-05 17:27:15,17298,small,2004,auto,80,a_klasse,40000,11,gasoline,mercedes_benz,no,2016-03-05,0,40696,2016-03-22 08:05:04
2016-04-06 18:33:08,20099,other,1999,manual,197,forfour,30000,3,gasoline,smart,no,2016-04-06,0,45873,2016-04-15 21:22:29
2016-03-14 12:47:30,13305,sedan,2001,,195,clio,80000,5,,renault,no,2016-03-14,0,64200,2016-03-15 09:25:18
2016-04-09 21:53:00,12792,small,2001,auto,120,ka,90000,9,gasoline,ford,no,2016-04-09,0,89604,2016-04-26 04:34:25
2016-03-18 07:19:52,16731,other,2006,manual,61,panda,80000,9,gasoline,fiat,no,2016-03-18,0,42403,2016-04-01 01:41:45
2016-03-23 09:24:11,40398,sedan,2008,manual,230,megane,100000,6,electric,renault,no,2016-03-23,0,10557,2016-03-29 18:17:25
2016-04-07 19:02:38,10346,small,2010,manual,209,touran,150000,9,petrol,volkswagen,no,2016-04-07,0,94330,2016-04-13 18:13:37
2016-03-05 17:17:57,4260,small,2008,manual,131,5_reihe,150000,5,petrol,peugeot,yes,2016-03-05,0,17769,2016-03-18 03:04:59
2016-03-21 11:18:17,24098,other,2009,auto,60,2_reihe,90000,9,hybrid,mazda,no,2016-03-21,0,28265,2016-04-06 22:17:45
2016-03-12 11:17:25,10172,suv,2006,manual,102,clubman,150000,11,,mini,yes,2016-03-12,0,96444,2016-03-16 18:00:34
2016-03-25 04:27:18,7970,wagon,1996,manual,81,forfour,90000,4,petrol,smart,no,2016-03-25,0,2122,2016-04-05 09:14:21
2016-03-30 11:11:23,23795,coupe,2015,manual,61,mondeo,150000,0,gasoline,ford,no,2016-03-30,0,8863,2016-04-22 20:55:21
2016-03-30 22:05:45,9314,small,2014,manual,50,v70,125000,5,petrol,volvo,,2016-03-30,0,73794,2016-04-14 04:16:54
2016-03-21 22:36:30,23004,sedan,2010,manual,162,i30,90000,9,gasoline,hyundai,no,2016-03-21,0,53967,2016-04-07 07:27:08
2016-03-09 18:38:50,46384,coupe,2013,auto,177,transporter,100000,3,gasoline,volkswagen,no,2016-03-09,0,66109,2016-03-27 17:32:25
2016-04-01 16:12:35,0,coupe,2012,auto,60,ibiza,90000,1,gasoline,seat,no,2016-04-01,0,33484,2016-04-02 00:09:10
2016-04-07 19:20:34,51185,suv,1999,auto,210,andere,90000,11,hybrid,sonstige_autos,no,2016-04-07,0,88816,2016-04-16 08:42:02
2016-03-23 00:47:03,26929,bus,2007,auto,48,corsa,50000,7,petrol,opel,no,2016-03-23,0,62896,2016-04-17 19:33:20
2016-03-16 09:31:02,25011,wagon,2015,manual,193,berlingo,125000,3,petrol,citroen,,2016-03-16,0,35810,2016-04-15 02:56:22
2016-03-15 04:49:57,10650,sedan,2003,manual,166,2_reihe,20000,3,lpg,peugeot,,2016-03-15,0,45633,2016-03-25 05:36:34
2016-03-04 02:26:44,53702,,2009,manual,225,7er,125000,10,electric,bmw,,2016-03-04,0,80114,2016-03-29 03:44:36
2016-03-23 15:14:06,30697,suv,2004,auto,192,,150000,6,petrol,mazda,no,2016-03-23,0,61083,2016-04-22 01:31:32
2016-03-02 00:55:51,5495,small,2013,manual,158,vectra,125000,5,petrol,opel,,2016-03-02,0,6558,2016-03-21 03:58:19
2016-03-31 13:34:56,10852,small,2006,manual,73,megane,100000,0,gasoline,renault,no,2016-03-31,0,70161,2016-04-26 12:20:46
2016-03-04 08:48:37,15521,other,1996,auto,180,qashqai,150000,1,gasoline,nissan,no,2016-03-04,0,36733,2016-03-08 16:13:26
2016-03-19 13:57:41,22432,coupe,2000,manual,237,transporter,125000,5,gasoline,volkswagen,,2016-03-19,0,59887,2016-04-03 01:33:11
2016-04-08 09:55:25,18451,wagon,2012,manual,189,3er,150000,5,other,bmw,,2016-04-08,0,41884,2016-04-13 14:00:45
2016-04-01 17:20:50,11537,other,2006,manual,87,tiguan,100000,3,gasoline,volkswagen,no,2016-04-01,0,84168,2016-04-02 12:41:33
2016-03-31 11:56:03,16886,sedan,2003,manual,0,fortwo,70000,5,,smart,no,2016-03-31,0,82009,2016-04-29 19:15:41
2016-03-22 06:42:03,16997,wagon,2008,manual,135,6_reihe,100000,2,petrol,mazda,no,2016-03-22,0,85363,2016-03-23 01:32:53
2016-03-21 10:19:33,38300,convertible,2016,manual,216,berlingo,125000,4,gasoline,citroen,no,2016-03-21,0,57198,2016-03-28 22:14:02
2016-03-21 13:30:56,16500,coupe,2009,manual,122,7er,150000,9,,bmw,,2016-03-21,0,20747,2016-03-23 15:51:03
2016-04-01 02:14:15,10028,wagon,1995,manual,82,3_reihe,60000,10,cng,mazda,no,2016-04-01,0,79234,2016-04-04 05:54:29
2016-03-05 15:08:52,28065,coupe,2007,auto,122,1er,100000,7,other,bmw,,2016-03-05,0,12596,2016-03-11 16:38:51
2016-03-17 17:51:41,17018,coupe,1996,manual,201,cooper,20000,10,petrol,mini,no,2016-03-17,0,60771,2016-03-18 10:10:05
2016-04-06 12:39:01,26741,,2014,auto,0,clio,125000,5,petrol,renault,no,2016-04-06,0,34919,2016-04-15 17:15:50
2016-03-30 00:02:29,26379,sedan,2013,auto,81,note,60000,4,petrol,nissan,no,2016-03-30,0,10919,2016-04-17 21:59:54
2016-03-26 00:54:18,11974,small,2003,auto,181,vectra,60000,10,other,opel,,2016-03-26,0,39313,2016-03-29 23:01:57
2016-03-27 06:16:54,8795,sedan,2004,manual,231,fiesta,150000,7,gasoline,ford,yes,2016-03-27,0,45588,2016-04-16 03:19:46
2016-03-10 10:00:06,31116,wagon,2005,manual,147,mondeo,5000,1,gasoline,ford,no,2016-03-10,0,56813,2016-03-22 16:50:26
2016-03-04 12:43:30,9962,suv,2007,manual,54,cooper,30000,3,gasoline,mini,yes,2016-03-04,0,59665,2016-03-07 12:59:23
2016-03-29 09:59:08,6397,other,1997,auto,121,500,150000,3,other,fiat,,2016-03-29,0,77991,2016-04-26 10:21:18
2016-03-08 09:49:50,10313,coupe,2002,manual,145,clio,150000,1,petrol,renault,,2016-03-08,0,65074,2016-03-28 11:21:21
2016-03-10 12:24:17,26673,wagon,2002,manual,247,insignia,80000,3,gasoline,opel,no,2016-03-10,0,79826,2016-03-25 19:12:26
2016-03-05 07:35:21,39414,coupe,2016,manual,202,,30000,5,gasoline,bmw,,2016-03-05,0,58383,2016-03-14 11:51:47
2016-04-03 04:19:13,18146,,1996,manual,241,6_reihe,30000,7,other,mazda,no,2016-04-03,0,49812,2016-04-18 16:51:10
2016-04-03 23:38:50,22223,sedan,2010,manual,81,yaris,60000,6,gasoline,toyota,no,2016-04-03,0,87923,2016-04-05 00:26:18
2016-03-02 23:28:02,42289,coupe,2015,auto,226,s_klasse,100000,2,other,mercedes_benz,no,2016-03-02,0,61189,2016-04-01 04:53:15
2016-03-21 20:24:17,10961,other,2003,manual,149,superb,90000,6,gasoline,skoda,no,2016-03-21,0,49002,2016-04-09 06:34:24
2016-03-21 03:18:26,16289,sedan,2010,manual,126,fortwo,125000,8,gasoline,smart,no,2016-03-21,0,29312,2016-03-31 22:31:25
2016-03-03 21:17:46,22420,suv,2008,manual,252,a3,150000,5,petrol,audi,no,2016-03-03,0,48939,2016-03-20 18:57:14
2016-03-23 18:40:03,43584,coupe,2008,,256,insignia,50000,8,gasoline,opel,no,2016-03-23,0,60331,2016-03-28 20:49:23
2016-03-30 08:35:43,5644,small,1996,,77,3er,30000,10,other,bmw,,2016-03-30,0,67421,2016-03-31 15:10:51
2016-03-17 06:42:27,8726,sedan,2000,manual,100,v40,90000,5,other,volvo,no,2016-03-17,0,92330,2016-04-10 20:15:48
2016-03-07 02:28:41,4837,small,1996,manual,243,panda,150000,11,other,fiat,,2016-03-07,0,51357,2016-03-27 11:42:07
2016-04-01 03:49:48,20915,suv,2008,manual,243,corolla,60000,10,cng,toyota,,2016-04-01,0,7775,2016-04-02 14:45:12
2016-03-20 23:45:37,11519,wagon,2010,manual,154,qashqai,150000,10,other,nissan,,2016-03-20,0,70791,2016-03-29 08:35:18
2016-03-12 12:29:59,11908,wagon,1995,auto,129,c4,125000,8,petrol,citroen,no,2016-03-12,0,94075,2016-04-07 17:05:39
2016-03-11 20:38:41,8839,convertible,2012,manual,222,e_klasse,150000,4,,mercedes_benz,yes,2016-03-11,0,65613,2016-03-21 03:14:10
2016-04-05 12:50:48,22238,sedan,2014,auto,187,octavia,150000,12,cng,skoda,no,2016-04-05,0,45416,2016-04-11 02:17:33
2016-04-02 13:50:05,21972,other,2016,manual,181,c4,150000,2,lpg,citroen,no,2016-04-02,0,15216,2016-04-29 12:21:51
2016-03-09 15:12:10,56406,coupe,2013,auto,202,a3,150000,1,gasoline,audi,no,2016-03-09,0,27939,2016-04-07 06:26:30
2016-04-04 02:07:07,14465,convertible,1995,manual,145,scenic,150000,8,gasoline,renault,no,2016-04-04,0,18978,2016-04-16 11:02:03
2016-03-06 23:44:06,10242,small,2009,manual,54,corolla,70000,10,gasoline,toyota,no,2016-03-06,0,43572,2016-03-22 19:57:21
2016-03-03 02:08:13,13703,small,2012,manual,81,insignia,150000,1,hybrid,opel,no,2016-03-03,0,80219,2016-03-10 10:06:13
2016-03-08 07:04:34,19029,other,2002,manual,242,6_reihe,80000,4,petrol,mazda,no,2016-03-08,0,66893,2016-04-02 01:22:52
2016-03-03 10:15:40,23534,sedan,2014,auto,182,leon,150000,1,gasoline,seat,,2016-03-03,0,92412,2016-03-22 15:14:21
2016-04-05 14:09:37,18474,,2006,manual,127,andere,80000,1,gasoline,sonstige_autos,no,2016-04-05,0,53714,2016-04-16 21:26:44
2016-03-10 00:52:04,33143,coupe,2014,manual,239,touran,90000,0,gasoline,volkswagen,,2016-03-10,0,77196,2016-03-20 21:54:23
2016-03-25 09:08:59,9253,bus,2001,auto,179,punto,30000,11,petrol,fiat,,2016-03-25,0,16278,2016-04-21 04:30:09
2016-03-11 10:11:37,15236,,2015,manual,123,micra,125000,11,other,nissan,no,2016-03-11,0,56267,2016-04-05 10:44:07
2016-04-02 12:46:01,25621,sedan,2012,manual,217,c_klasse,60000,1,gasoline,mercedes_benz,no,2016-04-02,0,53032,2016-04-26 02:30:33
2016-03-10 20:21:31,9910,coupe,1995,manual,56,megane,90000,3,gasoline,renault,no,2016-03-10,0,76531,2016-03-25 19:45:02
2016-03-27 23:14:27,9990,wagon,1998,manual,67,2_reihe,150000,1,hybrid,peugeot,no,2016-03-27,0,9430,2016-04-18 09:35:02
2016-03-11 17:10:15,13416,small,2014,manual,174,ibiza,125000,4,petrol,seat,no,2016-03-11,0,83024,2016-03-16 14:36:20
2016-03-15 18:00:02,29709,convertible,2006,auto,53,6_reihe,125000,7,gasoline,mazda,no,2016-03-15,0,31573,2016-03-31 19:51:47
2016-03-04 10:28:10,20596,wagon,2010,auto,132,s_klasse,150000,11,petrol,mercedes_benz,,2016-03-04,0,97167,2016-04-01 13:01:41
2016-03-31 18:24:07,14546,wagon,1996,auto,171,500,125000,3,petrol,fiat,no,2016-03-31,0,86331,2016-04-23 12:18:18
2016-03-25 09:11:08,8970,,1996,manual,204,s60,150000,0,other,volvo,no,2016-03-25,0,14076,2016-04-07 17:01:42
2016-03-03 06:43:27,10748,sedan,1997,auto,128,3_reihe,40000,9,gasoline,peugeot,yes,2016-03-03,0,77926,2016-03-23 17:48:48
2016-03-29 00:32:35,18664,coupe,2014,manual,70,2_reihe,150000,10,petrol,peugeot,no,2016-03-29,0,39373,2016-03-31 11:29:10
2016-03-20 23:44:19,22882,sedan,2006,auto,242,tucson,125000,12,,hyundai,no,2016-03-20,0,51774,2016-04-15 13:02:05
2016-03-26 18:15:51,33932,other,2005,auto,215,ka,90000,11,gasoline,ford,,2016-03-26,0,41819,2016-04-22 11:58:15
2016-04-02 05:35:25,9522,small,2002,auto,228,polo,150000,9,petrol,volkswagen,no,2016-04-02,0,79314,2016-04-08 22:19:08
2016-03-12 12:49:43,0,other,1997,manual,0,s_klasse,125000,4,petrol,mercedes_benz,no,2016-03-12,0,29699,2016-03-27 22:46:48
2016-04-09 17:32:58,23818,bus,2010,auto,73,forfour,60000,3,gasoline,smart,no,2016-04-09,0,84106,2016-04-23 06:17:51
2016-04-02 01:27:02,9293,other,1995,manual,107,megane,100000,8,gasoline,renault,no,2016-04-02,0,12831,2016-04-28 18:14:44
2016-03-26 20:42:31,17011,other,2007,manual,149,leon,80000,8,,seat,no,2016-03-26,0,9916,2016-04-20 16:34:03
2016-03-31 02:39:15,15209,sedan,2013,manual,230,c4,125000,5,other,citroen,no,2016-03-31,0,68759,2016-04-27 20:41:39
2016-03-22 17:03:15,32505,sedan,2016,manual,62,clio,60000,2,,renault,,2016-03-22,0,27875,2016-04-12 12:06:16
2016-03-04 01:35:32,17375,coupe,2002,manual,64,fabia,125000,10,,skoda,no,2016-03-04,0,55519,2016-03-23 04:06:20
2016-03-14 07:02:05,24163,coupe,1999,manual,229,twingo,30000,7,petrol,renault,,2016-03-14,0,46807,2016-04-05 21:07:10
2016-03-03 23:47:06,21679,,2008,manual,240,v70,150000,9,gasoline,volvo,no,2016-03-03,0,43639,2016-03-23 19:18:26
2016-03-01 03:50:07,12852,sedan,2011,manual,225,twingo,150000,12,hybrid,renault,yes,2016-03-01,0,84709,2016-03-30 13:50:49
2016-03-21 09:21:05,27493,coupe,2012,manual,81,c4,125000,0,,citroen,no,2016-03-21,0,33472,2016-04-01 12:52:49
2016-03-26 15:03:45,21475,bus,2008,manual,191,octavia,150000,10,petrol,skoda,no,2016-03-26,0,83819,2016-04-23 08:01:57
2016-03-18 16:19:54,22488,wagon,2007,manual,151,i20,80000,8,gasoline,hyundai,no,2016-03-18,0,31669,2016-03-19 22:27:32
2016-04-08 15:34:10,7519,small,2004,manual,95,note,40000,10,other,nissan,no,2016-04-08,0,65288,2016-04-20 08:49:56
2016-03-02 02:06:43,7102,sedan,2800,manual,43,megane,40000,1,,renault,no,2016-03-02,0,58952,2016-03-11 18:46:55
2016-03-22 15:56:08,6939,wagon,2006,auto,127,polo,150000,6,other,volkswagen,yes,2016-03-22,0,43227,2016-04-07 10:08:31
2016-03-04 11:14:18,19865,bus,1999,auto,130,andere,90000,11,gasoline,sonstige_autos,no,2016-03-04,0,88361,2016-03-25 05:59:40
2016-03-24 17:19:52,13211,other,2004,manual,0,altea,100000,7,gasoline,seat,no,2016-03-24,0,16214,2016-04-03 04:51:41
2016-04-06 08:39:21,18643,sedan,1999,manual,224,500,50000,7,,fiat,no,2016-04-06,0,76463,2016-05-06 01:49:13
2016-04-03 01:47:47,25479,convertible,2013,manual,231,andere,150000,6,petrol,sonstige_autos,no,2016-04-03,0,25691,2016-04-16 08:28:57
2016-03-05 17:13:10,31107,other,2008,auto,237,v40,150000,0,gasoline,volvo,no,2016-03-05,0,60379,2016-03-27 14:54:32
2016-03-25 08:12:56,22164,,2011,,147,s_klasse,50000,4,petrol,mercedes_benz,no,2016-03-25,0,13334,2016-04-07 12:34:24
2016-03-11 17:17:50,10129,other,2009,,183,avensis,100000,0,other,toyota,yes,2016-03-11,0,70059,2016-03-23 05:10:33
2016-03-02 08:02:31,2295,bus,1995,manual,91,insignia,150000,10,petrol,opel,yes,2016-03-02,0,7420,2016-03-16 19:08:32
2016-03-28 21:42:20,10378,wagon,1999,manual,121,focus,40000,2,petrol,ford,no,2016-03-28,0,66241,2016-04-09 10:18:55
2016-03-31 14:44:45,4089,sedan,1998,manual,51,clio,70000,0,gasoline,renault,yes,2016-03-31,0,2462,2016-04-06 22:35:58
2016-03-14 11:02:03,10262,sedan,1999,auto,80,cooper,150000,2,other,mini,no,2016-03-14,0,60782,2016-03-21 08:04:47
2016-04-02 06:44:54,3550,small,1996,manual,69,,150000,1,gasoline,mercedes_benz,no,2016-04-02,0,82753,2016-04-29 22:41:44
2016-03-10 12:38:48,22666,coupe,2001,manual,128,fabia,70000,8,,skoda,no,2016-03-10,0,4422,2016-03-19 05:30:30
2016-03-17 08:13:18,10194,,2016,manual,108,altea,150000,1,petrol,seat,no,2016-03-17,0,19615,2016-04-04 12:21:24
2016-03-17 14:39:13,17328,convertible,2004,manual,116,andere,150000,11,gasoline,sonstige_autos,,2016-03-17,0,29669,2016-04-03 02:15:35
2016-04-03 19:41:02,4261,other,2007,manual,93,cooper,125000,7,other,mini,yes,2016-04-03,0,99230,2016-04-10 23:05:36
2016-03-19 14:07:57,18530,suv,2012,manual,85,s_klasse,150000,4,petrol,mercedes_benz,,2016-03-19,0,67284,2016-04-18 09:20:02
2016-03-17 07:47:35,18392,wagon,2002,manual,98,zafira,150000,10,,opel,,2016-03-17,0,18035,2016-04-04 14:12:12
2016-03-30 00:35:58,0,sedan,2013,manual,68,scenic,90000,9,other,renault,no,2016-03-30,0,85618,2016-04-18 20:05:45
2016-04-09 15:23:22,15266,wagon,2003,manual,159,clubman,150000,6,gasoline,mini,no,2016-04-09,0,71248,2016-05-07 17:16:04
2016-04-06 09:34:19,22818,convertible,2009,manual,240,andere,150000,11,other,sonstige_autos,no,2016-04-06,0,19089,2016-04-30 12:38:38
2016-03-28 09:10:09,12219,sedan,1996,auto,126,2_reihe,125000,0,gasoline,peugeot,,2016-03-28,0,19011,2016-04-09 11:01:17
2016-03-24 15:31:11,17211,bus,2013,manual,127,octavia,150000,11,,skoda,no,2016-03-24,0,46964,2016-04-05 04:31:20
2016-03-08 23:11:41,24088,other,2010,manual,163,forfour,40000,10,petrol,smart,,2016-03-08,0,34480,2016-03-19 13:25:03
2016-03-15 20:02:56,10893,sedan,1998,manual,148,500,50000,1,petrol,fiat,no,2016-03-15,0,32150,2016-04-04 15:35:32
2016-03-02 08:04:31,11377,sedan,2007,auto,216,3_reihe,50000,9,petrol,peugeot,yes,2016-03-02,0,74289,2016-03-30 08:47:32
2016-03-23 01:24:24,6174,wagon,2004,manual,57,qashqai,150000,9,other,nissan,no,2016-03-23,0,80422,2016-04-11 22:59:12
2016-03-02 11:59:15,10761,sedan,1996,auto,204,5_reihe,125000,0,other,peugeot,,2016-03-02,0,39199,2016-03-07 00:52:23
2016-03-14 03:36:40,26264,suv,2009,manual,43,2_reihe,150000,1,gasoline,peugeot,no,2016-03-14,0,72133,2016-03-31 06:24:44
2016-03-26 12:09:17,6449,sedan,1999,auto,105,,125000,5,lpg,audi,,2016-03-26,0,53232,2016-04-07 22:00:38
2016-03-01 19:08:41,11771,other,1997,manual,214,3er,100000,4,gasoline,bmw,no,2016-03-01,0,28910,2016-03-21 01:39:57
2016-03-21 21:36:39,3933,small,1996,manual,68,3_reihe,150000,9,petrol,peugeot,no,2016-03-21,0,17286,2016-04-04 19:19:59
2016-04-04 09:17:38,12287,small,2015,manual,63,clubman,150000,1,gasoline,mini,no,2016-04-04,0,60549,2016-04-21 09:40:42
2016-03-02 13:01:36,32795,sedan,2007,auto,236,panda,60000,12,gasoline,fiat,no,2016-03-02,0,32107,2016-03-08 01:43:09
2016-03-13 21:15:37,7362,wagon,2013,manual,52,,150000,3,petrol,nissan,yes,2016-03-13,0,67788,2016-04-09 21:50:56
2016-03-14 00:57:23,13028,,2008,manual,236,avensis,90000,5,,toyota,,2016-03-14,0,55279,2016-03-17 04:06:57
2016-03-28 09:58:30,25369,suv,2007,manual,245,mondeo,150000,2,,ford,no,2016-03-28,0,47324,2016-04-14 01:40:56
2016-03-09 16:17:36,18797,bus,2009,manual,0,leon,5000,2,petrol,seat,no,2016-03-09,0,2068,2016-03-10 07:19:56
2016-03-11 08:51:29,12798,sedan,2005,manual,162,qashqai,125000,12,other,nissan,no,2016-03-11,0,58215,2016-03-21 07:33:50
2016-03-04 04:25:04,12106,sedan,2001,auto,89,i30,150000,0,petrol,hyundai,no,2016-03-04,0,52880,2016-03-18 13:43:18
2016-03-26 06:31:14,14681,wagon,2000,manual,138,clubman,100000,3,gasoline,mini,,2016-03-26,0,74280,2016-04-16 11:37:41
2016-03-04 02:58:52,20176,sedan,2015,manual,154,v40,150000,8,petrol,volvo,no,2016-03-04,0,73384,2016-03-26 10:47:56
2016-03-03 10:24:13,23659,,2013,manual,51,s60,125000,10,gasoline,volvo,no,2016-03-03,0,33658,2016-03-27 16:50:55
2016-03-08 00:03:32,15670,wagon,2003,manual,78,a6,90000,8,,audi,,2016-03-08,0,28088,2016-03-18 03:07:39
2016-04-09 17:02:35,14032,sedan,1999,manual,163,qashqai,80000,4,petrol,nissan,no,2016-04-09,0,64618,2016-04-09 18:32:14
2016-03-08 07:23:15,37479,wagon,2013,manual,78,a3,70000,3,electric,audi,no,2016-03-08,0,67395,2016-04-04 22:57:34
2016-03-22 10:54:37,15674,other,2012,manual,206,golf,150000,11,petrol,volkswagen,no,2016-03-22,0,48400,2016-04-17 08:52:47
2016-03-22 16:49:36,24806,suv,2007,manual,79,cooper,60000,0,gasoline,mini,no,2016-03-22,0,69752,2016-04-02 10:26:11
2016-04-03 19:07:48,31659,,2005,auto,257,clubman,150000,0,gasoline,mini,no,2016-04-03,0,51147,2016-04-06 01:17:21
2016-03-01 13:20:34,22716,other,2001,auto,253,e_klasse,150000,11,gasoline,mercedes_benz,no,2016-03-01,0,42198,2016-03-07 07:23:22
2016-03-15 05:41:55,14442,bus,2005,manual,161,andere,125000,1,gasoline,sonstige_autos,,2016-03-15,0,45267,2016-03-24 00:52:12
2016-03-30 23:47:28,14692,,1998,manual,243,note,70000,3,,nissan,no,2016-03-30,0,29872,2016-04-04 13:55:30
2016-04-09 10:38:15,18761,,2005,manual,252,cooper,50000,8,,mini,no,2016-04-09,0,90372,2016-04-11 04:20:48
2016-03-03 19:36:14,13216,sedan,1995,auto,242,note,150000,7,petrol,nissan,no,2016-03-03,0,57587,2016-03-12 21:53:05
2016-03-16 11:03:24,12549,wagon,2000,manual,182,v70,150000,3,petrol,volvo,no,2016-03-16,0,16686,2016-03-24 21:05:04
2016-03-29 08:42:15,11177,wagon,2004,manual,68,corolla,90000,4,,toyota,no,2016-03-29,0,93986,2016-04-22 03:30:13
2016-03-23 19:36:36,17034,,1998,auto,113,forfour,50000,4,other,smart,no,2016-03-23,0,30924,2016-04-13 04:11:49
2016-04-09 22:32:16,0,wagon,1998,auto,234,panda,70000,11,other,fiat,no,2016-04-09,0,43275,2016-05-01 21:45:03
2016-03-19 23:39:22,35365,coupe,2012,manual,246,,150000,6,,hyundai,no,2016-03-19,0,21460,2016-04-13 21:35:45
2016-03-11 11:36:11,24660,other,2000,auto,216,,125000,1,gasoline,toyota,no,2016-03-11,0,75714,2016-04-06 21:39:55
2016-03-18 06:11:19,23090,wagon,2001,manual,255,panda,30000,2,gasoline,fiat,no,2016-03-18,0,20603,2016-04-11 22:59:47
2016-03-05 22:31:31,12658,small,2001,manual,157,cooper,90000,5,gasoline,mini,no,2016-03-05,0,89368,2016-03-08 08:43:22
2016-03-16 08:35:06,25847,coupe,2009,manual,175,e_klasse,40000,1,petrol,mercedes_benz,,2016-03-16,0,74758,2016-04-05 13:52:26
2016-03-31 09:19:42,3756,sedan,2001,manual,78,forfour,60000,12,other,smart,,2016-03-31,0,23269,2016-04-14 12:20:22
2016-03-03 11:30:36,13925,other,2007,manual,117,i30,100000,1,other,hyundai,,2016-03-03,0,46589,2016-03-23 21:02:22
2016-03-07 11:24:07,12354,sedan,2004,manual,69,v70,150000,2,gasoline,volvo,no,2016-03-07,0,55943,2016-03-27 03:07:06
2016-03-11 13:59:25,32036,suv,2014,manual,99,octavia,20000,12,petrol,skoda,,2016-03-11,0,58569,2016-03-13 14:39:16
2016-03-02 00:26:00,24733,,2009,auto,77,v70,125000,12,petrol,volvo,no,2016-03-02,0,79592,2016-03-12 09:26:45
2016-03-25 21:03:58,14381,wagon,2007,manual,0,a4,150000,7,,audi,no,2016-03-25,0,43891,2016-04-17 12:45:42
2016-03-29 10:32:07,18616,other,2008,manual,90,clio,100000,1,petrol,renault,no,2016-03-29,0,12527,2016-04-12 21:44:27
2016-04-04 01:21:51,3461,small,2003,manual,212,forfour,150000,4,petrol,smart,yes,2016-04-04,0,67302,2016-04-10 02:59:18
2016-03-18 13:13:34,74463,convertible,2016,auto,134,superb,70000,3,hybrid,skoda,no,2016-03-18,0,49838,2016-04-08 01:25:19
2016-03-16 03:55:06,85364,suv,2012,auto,0,punto,100000,8,electric,fiat,no,2016-03-16,0,86611,2016-03-16 09:08:56
2016-03-08 00:27:34,9572,sedan,2014,auto,85,,30000,4,other,volkswagen,yes,2016-03-08,0,82460,2016-03-14 06:36:49
2016-03-04 10:50:50,23066,other,2004,auto,196,ibiza,150000,3,hybrid,seat,no,2016-03-04,0,73451,2016-03-11 07:43:27
2016-03-01 18:59:00,29149,coupe,2009,manual,218,ibiza,150000,3,gasoline,seat,no,2016-03-01,0,21731,2016-03-18 03:25:38
2016-03-18 04:24:10,20631,wagon,2012,auto,107,touran,50000,12,other,volkswagen,no,2016-03-18,0,47452,2016-03-31 07:15:33
2016-04-06 16:08:02,10164,small,2004,manual,257,c4,60000,12,other,citroen,no,2016-04-06,0,52727,2016-04-09 10:25:24
2016-03-08 09:26:09,8174,bus,2014,auto,99,megane,125000,5,other,renault,yes,2016-03-08,0,33491,2016-03-12 05:23:34
2016-03-26 08:02:31,13950,sedan,2005,manual,109,fortwo,150000,12,gasoline,smart,no,2016-03-26,0,5015,2016-04-05 13:53:40
2016-04-01 15:24:04,0,small,2013,manual,223,andere,10000,12,petrol,sonstige_autos,no,2016-04-01,0,63181,2016-04-05 18:36:45
2016-03-15 10:04:56,15084,wagon,2004,manual,229,andere,150000,3,other,sonstige_autos,no,2016-03-15,0,80275,2016-03-31 14:04:30
2016-03-01 06:11:40,25496,sedan,2016,manual,113,c_klasse,30000,2,gasoline,mercedes_benz,,2016-03-01,0,91183,2016-03-11 11:37:07
2016-03-23 06:17:49,3425,sedan,2000,manual,253,cooper,150000,5,petrol,mini,yes,2016-03-23,0,80324,2016-04-15 02:11:00
2016-03-19 22:32:49,90000,other,2015,manual,232,e_klasse,80000,1,gasoline,mercedes_benz,no,2016-03-19,0,83066,2016-04-06 05:19:40
2016-03-28 23:28:13,10929,small,2012,manual,205,3er,150000,7,petrol,bmw,no,2016-03-28,0,3980,2016-04-19 00:35:08
2016-03-22 15:25:44,12955,wagon,1997,manual,254,superb,100000,11,other,skoda,no,2016-03-22,0,46371,2016-04-07 22:02:40
2016-03-31 17:22:14,23098,wagon,2006,auto,75,polo,150000,10,gasoline,volkswagen,,2016-03-31,0,30310,2016-04-22 17:07:17
2016-03-30 18:30:41,4992,,1997,manual,0,qashqai,150000,0,other,nissan,,2016-03-30,0,40073,2016-04-02 05:13:33
2016-03-30 08:45:55,10187,other,2001,manual,165,punto,125000,3,,fiat,no,2016-03-30,0,14314,2016-04-07 23:11:16
2016-03-27 15:00:01,19519,,2005,,205,yaris,150000,12,petrol,toyota,no,2016-03-27,0,96282,2016-04-19 18:05:38
2016-03-06 20:43:28,20655,suv,2014,manual,72,5_reihe,70000,8,petrol,peugeot,no,2016-03-06,0,80556,2016-03-08 12:44:09
2016-03-15 18:38:23,9800,suv,1997,manual,113,micra,150000,10,other,nissan,,2016-03-15,0,3626,2016-03-19 15:47:19
2016-03-05 08:29:05,12224,sedan,2013,manual,109,andere,125000,2,cng,sonstige_autos,no,2016-03-05,0,39213,2016-04-02 14:01:27
2016-03-31 19:37:22,0,wagon,2016,auto,75,,60000,5,lpg,toyota,no,2016-03-31,0,22870,2016-04-27 05:10:34
2016-03-13 19:13:18,6158,small,1998,manual,108,7er,125000,7,gasoline,bmw,no,2016-03-13,0,93659,2016-04-08 17:09:09
2016-03-27 03:31:03,25310,,2006,auto,77,avensis,125000,12,gasoline,toyota,no,2016-03-27,0,59200,2016-04-13 15:19:40
2016-04-04 22:30:05,35438,,2008,manual,259,,30000,12,gasoline,nissan,no,2016-04-04,0,70106,2016-04-25 12:40:22
2016-03-20 06:33:33,11054,wagon,1996,manual,160,fortwo,125000,4,,smart,no,2016-03-20,0,37669,2016-04-11 06:13:38
2016-03-03 19:18:07,27146,other,2013,manual,43,octavia,30000,11,hybrid,skoda,no,2016-03-03,0,54368,2016-03-13 01:02:42
2016-04-09 18:00:04,15583,sedan,2010,manual,141,focus,100000,12,other,ford,,2016-04-09,0,89728,2016-04-10 06:35:43
2016-03-29 14:53:13,3438,wagon,1996,manual,182,megane,150000,9,other,renault,yes,2016-03-29,0,68999,2016-04-19 23:05:35
2016-04-07 13:34:40,12352,sedan,2016,manual,160,andere,70000,10,gasoline,sonstige_autos,,2016-04-07,0,88443,2016-04-20 09:46:15
2016-03-01 23:43:25,13423,,2003,auto,94,a1,150000,6,other,audi,no,2016-03-01,0,41778,2016-03-12 13:56:12
2016-03-23 11:58:44,15570,wagon,2007,manual,146,i30,150000,4,gasoline,hyundai,no,2016-03-23,0,56978,2016-04-16 04:23:47
2016-03-25 23:55:38,13939,small,2004,auto,90,c_klasse,60000,8,gasoline,mercedes_benz,no,2016-03-25,0,5418,2016-04-08 00:12:46
2016-03-31 06:44:25,11597,other,2008,manual,49,c3,150000,3,petrol,citroen,no,2016-03-31,0,4441,2016-04-26 15:46:47
2016-03-09 09:23:37,21734,coupe,2001,manual,148,tucson,150000,2,hybrid,hyundai,no,2016-03-09,0,55809,2016-03-21 09:09:31
2016-03-20 17:17:09,9741,convertible,1999,manual,82,5er,125000,12,lpg,bmw,no,2016-03-20,0,33934,2016-03-30 12:17:12
2016-04-03 21:59:29,31657,sedan,2007,auto,232,a1,50000,2,,audi,no,2016-04-03,0,32013,2016-04-04 16:36:47
2016-03-22 05:28:56,17891,sedan,2001,auto,46,cooper,100000,5,gasoline,mini,no,2016-03-22,0,77721,2016-04-17 18:49:37
2016-03-07 23:05:22,19079,other,2011,manual,176,fortwo,100000,8,hybrid,smart,no,2016-03-07,0,5802,2016-04-01 08:30:53
2016-03-06 02:27:54,9831,,2009,manual,219,megane,125000,2,gasoline,renault,yes,2016-03-06,0,87877,2016-03-07 21:11:19
2016-03-19 22:22:16,20826,wagon,2002,auto,187,note,50000,11,lpg,nissan,,2016-03-19,0,63583,2016-03-21 15:02:36
2016-04-02 22:20:49,22911,coupe,2012,auto,96,twingo,100000,2,gasoline,renault,no,2016-04-02,0,5260,2016-04-11 06:25:10
2016-04-08 02:41:59,16124,,2001,,81,altea,150000,3,hybrid,seat,no,2016-04-08,0,69426,2016-05-06 07:59:37
2016-03-25 00:25:16,7393,wagon,2001,manual,91,i20,150000,2,other,hyundai,no,2016-03-25,0,24987,2016-03-31 04:34:33
2016-04-03 11:43:04,0,sedan,1999,manual,203,6_reihe,150000,6,other,mazda,no,2016-04-03,0,91155,2016-04-11 18:32:40
2016-03-10 01:51:00,13367,,2006,manual,76,altea,80000,11,other,seat,no,2016-03-10,0,39349,2016-04-08 18:28:39
2016-04-03 09:42:20,3579,wagon,1998,manual,147,3_reihe,150000,1,gasoline,mazda,yes,2016-04-03,0,90500,2016-05-01 02:14:09
2016-03-29 11:22:11,25239,wagon,2012,,109,fortwo,150000,9,petrol,smart,no,2016-03-29,0,71421,2016-04-17 08:31:08
2016-03-14 06:35:35,5108,small,1997,manual,203,s60,125000,2,lpg,volvo,,2016-03-14,0,33156,2016-04-11 07:50:22
2016-03-02 17:02:52,8639,small,1996,manual,90,forfour,125000,9,,smart,no,2016-03-02,0,90940,2016-03-06 06:20:02
2016-03-19 15:31:50,17809,other,2004,manual,219,5_reihe,125000,8,gasoline,peugeot,no,2016-03-19,0,28488,2016-03-23 00:27:11
2016-03-18 16:14:13,20233,other,2007,manual,241,i20,125000,2,,hyundai,no,2016-03-18,0,56647,2016-03-26 11:33:38
2016-03-08 20:23:26,6910,small,1995,manual,214,c3,90000,9,gasoline,citroen,no,2016-03-08,0,54313,2016-04-04 23:49:32
2016-03-22 02:36:39,10874,coupe,2014,manual,66,astra,30000,8,gasoline,opel,yes,2016-03-22,0,18830,2016-04-19 06:36:37
2016-03-03 13:37:39,5027,sedan,1997,manual,91,i30,150000,6,petrol,hyundai,no,2016-03-03,0,13859,2016-03-07 01:51:13
2016-03-02 00:19:20,9875,suv,2003,manual,77,fabia,150000,6,other,skoda,no,2016-03-02,0,33291,2016-03-28 13:05:49
2016-03-16 19:35:55,8464,small,2007,manual,71,note,60000,1,other,nissan,no,2016-03-16,0,31736,2016-04-07 21:01:17
2016-03-19 06:34:53,3594,small,1995,manual,166,altea,125000,1,hybrid,seat,yes,2016-03-19,0,21565,2016-03-23 05:10:36
2016-03-20 03:23:17,21590,,2000,manual,223,x_reihe,40000,5,gasoline,bmw,no,2016-03-20,0,12421,2016-04-12 01:24:23
2016-03-25 17:15:59,23247,bus,2014,manual,56,5_reihe,60000,8,petrol,peugeot,,2016-03-25,0,17058,2016-04-05 10:51:12
2016-03-25 01:32:56,13806,other,1998,manual,218,clio,150000,10,,renault,,2016-03-25,0,41574,2016-04-06 00:53:21
2016-03-14 14:30:42,36259,coupe,2015,auto,227,i20,150000,4,other,hyundai,no,2016-03-14,0,19540,2016-04-11 11:40:31
2016-03-06 05:01:22,26555,coupe,2004,manual,201,panda,150000,7,gasoline,fiat,no,2016-03-06,0,94875,2016-03-23 22:51:30
2016-03-26 20:05:00,24260,coupe,2016,manual,81,yaris,100000,11,gasoline,toyota,,2016-03-26,0,29784,2016-04-05 09:04:03
2016-03-25 23:21:58,17538,coupe,2012,auto,135,clio,150000,3,gasoline,renault,yes,2016-03-25,0,63752,2016-03-30 18:05:49
2016-03-08 05:47:59,17594,,1998,manual,117,superb,125000,3,electric,skoda,no,2016-03-08,0,26224,2016-03-29 12:00:40
2016-03-16 09:18:51,37541,other,2008,manual,103,ibiza,20000,2,electric,seat,,2016-03-16,0,30063,2016-03-23 11:40:15
2016-03-24 16:47:22,18071,small,2016,manual,0,corolla,150000,0,electric,toyota,,2016-03-24,0,1729,2016-03-31 10:47:07
2016-03-29 21:27:11,9402,,1996,auto,89,,150000,1,other,ford,no,2016-03-29,0,32309,2016-04-22 19:17:18
2016-04-08 17:47:19,28092,sedan,2007,auto,188,forfour,125000,1,gasoline,smart,no,2016-04-08,0,37135,2016-05-05 11:18:15
2016-04-05 04:42:01,36083,convertible,2008,manual,167,leon,90000,3,gasoline,seat,,2016-04-05,0,91469,2016-05-02 01:08:23
2016-03-25 11:12:14,6723,small,2005,manual,76,5_reihe,90000,9,petrol,peugeot,no,2016-03-25,0,27451,2016-04-22 07:15:42
2016-03-25 16:00:12,22582,suv,2008,manual,133,fortwo,150000,9,petrol,smart,no,2016-03-25,0,57311,2016-04-21 18:22:42
2016-03-18 11:54:01,16846,coupe,2007,manual,204,5er,150000,6,gasoline,bmw,no,2016-03-18,0,28933,2016-03-30 23:07:52
2016-03-24 22:41:10,11889,small,2007,manual,103,5er,10000,6,gasoline,bmw,no,2016-03-24,0,64085,2016-04-06 21:05:48
2016-03-17 04:57:13,29417,sedan,2003,auto,204,andere,50000,12,gasoline,sonstige_autos,,2016-03-17,0,47511,2016-04-02 05:27:19
2016-03-01 10:51:16,5577,other,1997,manual,83,7er,150000,9,petrol,bmw,no,2016-03-01,0,29950,2016-03-08 13:57:11
2016-04-08 02:58:04,24813,wagon,1996,manual,224,note,150000,10,electric,nissan,no,2016-04-08,0,1766,2016-05-04 20:26:03
2016-03-09 00:43:51,11153,wagon,2007,manual,181,3_reihe,150000,5,hybrid,peugeot,,2016-03-09,0,18830,2016-03-10 07:52:25
2016-03-23 08:10:59,10987,small,2013,manual,220,focus,150000,3,,ford,no,2016-03-23,0,17672,2016-03-26 21:17:36
2016-04-05 00:49:00,7652,small,2013,,195,yaris,90000,2,other,toyota,no,2016-04-05,0,35541,2016-04-17 00:23:59
2016-04-04 09:51:55,43770,suv,2012,auto,113,s60,150000,9,petrol,volvo,no,2016-04-04,0,97426,2016-04-28 05:23:29
2016-03-03 04:58:15,4188,small,2009,manual,109,cooper,150000,11,gasoline,mini,yes,2016-03-03,0,83254,2016-03-04 02:03:24
2016-03-23 14:59:43,6968,small,2006,manual,135,2_reihe,150000,5,petrol,mazda,no,2016-03-23,0,37018,2016-04-01 16:56:35
2016-03-11 16:32:20,18321,other,2011,manual,69,superb,150000,12,,skoda,no,2016-03-11,0,67488,2016-03-20 15:14:54
2016-04-02 12:56:11,15015,,2016,manual,51,,150000,4,hybrid,opel,yes,2016-04-02,0,70799,2016-04-10 10:36:34
2016-03-18 06:37:48,6023,small,2009,manual,129,vectra,150000,11,lpg,opel,no,2016-03-18,0,80820,2016-03-27 15:48:19
2016-04-04 22:27:46,3953,small,2014,manual,0,avensis,80000,3,petrol,toyota,yes,2016-04-04,0,42593,2016-04-21 20:45:20
2016-04-01 22:00:58,11349,convertible,2002,manual,43,avensis,150000,0,gasoline,toyota,no,2016-04-01,0,75780,2016-04-14 05:32:59
2016-03-27 23:43:12,11717,wagon,1997,manual,66,note,50000,12,petrol,nissan,no,2016-03-27,0,76726,2016-04-19 03:04:20
2016-03-06 04:28:01,11978,sedan,1998,manual,251,5er,80000,3,,bmw,no,2016-03-06,0,53364,2016-03-19 07:05:31
2016-04-08 00:19:27,15798,suv,1999,manual,180,i20,150000,0,petrol,hyundai,no,2016-04-08,0,10487,2016-04-18 08:31:29
2016-03-23 15:20:54,11217,small,2013,manual,226,punto,125000,5,other,fiat,,2016-03-23,0,3636,2016-03-28 09:02:39
2016-03-13 07:34:29,18831,small,2007,auto,241,forfour,150000,7,cng,smart,no,2016-03-13,0,84096,2016-04-08 07:29:42
2016-03-21 12:48:50,16346,sedan,2003,manual,154,note,30000,10,gasoline,nissan,no,2016-03-21,0,27886,2016-04-06 11:20:21
2016-03-27 02:52:47,20684,,2007,auto,196,500,80000,3,other,fiat,no,2016-03-27,0,56940,2016-04-13 10:12:44
2016-03-17 09:58:05,4794,small,2001,manual,221,fortwo,80000,3,gasoline,smart,yes,2016-03-17,0,16450,2016-04-07 06:55:17
2016-03-28 09:03:29,31185,sedan,2008,auto,194,fabia,30000,6,gasoline,skoda,no,2016-03-28,0,73248,2016-04-12 03:49:17
2016-03-18 01:53:50,28396,wagon,2011,auto,108,scenic,100000,3,,renault,,2016-03-18,0,29318,2016-03-22 20:09:28
2016-04-09 23:34:49,5507,small,2015,auto,200,3_reihe,150000,10,other,mazda,,2016-04-09,0,39476,2016-04-11 14:23:23
2016-03-24 22:13:21,15202,sedan,2003,manual,203,tucson,125000,9,gasoline,hyundai,no,2016-03-24,0,38036,2016-04-20 12:12:02
2016-03-10 23:59:20,12570,,2013,manual,53,berlingo,150000,12,gasoline,citroen,no,2016-03-10,0,30681,2016-03-31 15:09:38
2016-03-12 00:33:47,23545,bus,2004,manual,258,,60000,11,petrol,opel,no,2016-03-12,0,50746,2016-04-03 16:03:34
2016-03-11 23:12:46,12948,sedan,2000,manual,113,berlingo,125000,8,gasoline,citroen,no,2016-03-11,0,78682,2016-04-06 07:09:42
2016-03-01 14:04:36,26701,convertible,2010,manual,219,touran,50000,1,petrol,volkswagen,no,2016-03-01,0,31553,2016-03-22 03:55:29
2016-03-05 19:48:26,10934,small,2009,auto,144,superb,125000,9,,skoda,no,2016-03-05,0,56072,2016-03-27 11:32:37
2016-03-31 21:55:08,32535,wagon,2008,,158,c3,90000,5,petrol,citroen,no,2016-03-31,0,73257,2016-04-01 03:27:31
2016-03-17 22:13:52,10292,coupe,2016,,226,megane,150000,10,other,renault,yes,2016-03-17,0,11550,2016-03-19 21:40:02
2016-04-06 17:31:58,23418,sedan,2001,,193,ka,60000,1,gasoline,ford,no,2016-04-06,0,52484,2016-04-12 09:55:05
2016-03-21 10:05:57,7642,small,2002,manual,86,micra,150000,6,gasoline,nissan,no,2016-03-21,0,83540,2016-04-01 11:49:23
2016-04-09 11:26:09,26331,convertible,2006,manual,158,tucson,125000,7,gasoline,hyundai,no,2016-04-09,0,25173,2016-04-30 18:16:02
2016-03-04 11:36:13,20574,sedan,2013,manual,240,s_klasse,90000,9,other,mercedes_benz,,2016-03-04,0,24803,2016-03-27 06:21:50
2016-03-27 13:10:40,20163,suv,1995,auto,53,a1,125000,4,hybrid,audi,no,2016-03-27,0,36123,2016-04-15 01:04:27
2016-03-31 15:44:42,8086,small,1995,auto,115,e_klasse,70000,5,gasoline,mercedes_benz,no,2016-03-31,0,40833,2016-04-02 22:35:17
2016-03-03 09:36:30,7692,other,1997,manual,163,5er,150000,6,other,bmw,no,2016-03-03,0,76162,2016-03-11 04:30:19
2016-03-06 05:40:54,9523,sedan,1995,manual,138,yaris,80000,8,petrol,toyota,no,2016-03-06,0,48869,2016-03-29 14:17:51
2016-03-03 16:17:58,0,small,2007,manual,214,v40,150000,3,petrol,volvo,no,2016-03-03,0,28042,2016-03-09 08:43:46
2016-03-28 21:01:05,6745,,1999,manual,199,c3,125000,5,gasoline,citroen,yes,2016-03-28,0,77634,2016-04-05 13:18:11
2016-04-06 13:11:47,21391,wagon,2006,manual,79,,125000,6,hybrid,renault,,2016-04-06,0,21006,2016-05-01 14:47:21
2016-03-22 16:18:05,31202,convertible,1999,manual,250,v40,10000,4,gasoline,volvo,no,2016-03-22,0,17022,2016-04-10 16:37:20
2016-03-05 16:25:49,25311,wagon,1996,auto,245,2_reihe,100000,6,petrol,mazda,no,2016-03-05,0,26507,2016-03-18 23:16:03
2016-03-27 15:15:47,9884,sedan,2003,manual,59,6_reihe,125000,11,gasoline,mazda,no,2016-03-27,0,35134,2016-04-01 13:26:08
2016-03-01 07:45:30,22404,,2011,manual,255,v40,80000,2,gasoline,volvo,no,2016-03-01,0,43464,2016-03-16 06:57:28
2016-03-02 15:07:32,17309,sedan,2012,manual,52,fiesta,70000,2,gasoline,ford,no,2016-03-02,0,27591,2016-03-07 21:30:02
2016-03-20 01:49:09,43863,sedan,2015,auto,222,c4,150000,5,hybrid,citroen,no,2016-03-20,0,34551,2016-04-06 00:04:59
2016-04-08 22:54:16,9923,coupe,1997,auto,63,twingo,150000,1,petrol,renault,no,2016-04-08,0,18109,2016-04-13 03:35:03
2016-03-14 14:32:10,32567,suv,2009,auto,95,,80000,10,petrol,nissan,,2016-03-14,0,39816,2016-03-26 10:31:31
2016-03-25 21:40:43,25997,other,2015,manual,156,megane,40000,2,,renault,,2016-03-25,0,61969,2016-04-24 07:16:28
2016-04-06 03:05:50,16570,wagon,2800,manual,78,zafira,150000,12,petrol,opel,no,2016-04-06,0,69089,2016-04-09 00:21:28
2016-03-26 16:11:12,24191,other,2003,auto,186,corsa,50000,0,other,opel,no,2016-03-26,0,4860,2016-03-31 22:08:12
2016-03-22 15:59:39,20544,convertible,2007,manual,90,punto,50000,4,cng,fiat,no,2016-03-22,0,14052,2016-04-12 04:09:33
2016-04-09 20:48:12,7152,sedan,2005,auto,150,1er,90000,5,petrol,bmw,yes,2016-04-09,0,41130,2016-04-10 02:31:15
2016-04-01 12:53:30,10974,other,2000,manual,54,andere,70000,6,gasoline,sonstige_autos,,2016-04-01,0,73958,2016-04-10 08:30:19
2016-04-08 10:45:13,5256,convertible,1995,manual,72,insignia,150000,10,cng,opel,,2016-04-08,0,93916,2016-04-21 08:54:45
2016-03-03 21:32:45,14007,,1996,manual,83,5_reihe,80000,5,gasoline,peugeot,no,2016-03-03,0,83235,2016-03-27 06:55:24
2016-03-25 00:09:29,14552,suv,1997,,227,a1,60000,9,,audi,no,2016-03-25,0,40315,2016-04-18 09:06:54
2016-03-21 17:16:32,12404,small,2008,manual,230,e_klasse,125000,10,petrol,mercedes_benz,no,2016-03-21,0,38966,2016-03-21 19:37:56
2016-03-03 22:01:57,14731,other,2010,manual,188,fabia,100000,10,petrol,skoda,no,2016-03-03,0,6302,2016-03-30 00:42:59
2016-04-06 21:01:45,7764,small,2012,manual,94,polo,90000,6,other,volkswagen,no,2016-04-06,0,99191,2016-04-10 23:45:23
2016-04-05 21:26:53,5333,small,1996,manual,164,6_reihe,150000,1,petrol,mazda,no,2016-04-05,0,51798,2016-04-28 01:40:43
2016-03-02 23:32:11,37760,bus,2015,manual,255,transporter,60000,8,gasoline,volkswagen,,2016-03-02,0,64730,2016-03-20 10:17:45
2016-03-23 05:47:36,20331,wagon,2000,manual,141,ibiza,125000,11,electric,seat,no,2016-03-23,0,6731,2016-04-13 13:50:59
2016-03-06 03:30:36,11464,suv,2010,manual,126,s60,20000,10,gasoline,volvo,,2016-03-06,0,41437,2016-03-20 15:11:16
2016-03-18 04:03:17,3778,small,2015,manual,77,v40,150000,8,,volvo,yes,2016-03-18,0,84341,2016-03-20 16:01:19
2016-03-22 19:40:33,36774,other,2009,manual,150,fiesta,5000,6,hybrid,ford,no,2016-03-22,0,38514,2016-04-04 20:04:29
2016-04-06 02:07:21,42447,suv,2013,manual,184,panda,150000,3,,fiat,no,2016-04-06,0,2992,2016-04-10 02:05:04
2016-03-11 15:14:26,21153,,2007,manual,143,focus,30000,2,gasoline,ford,no,2016-03-11,0,9416,2016-03-22 21:23:16
2016-04-09 14:28:37,22863,bus,2009,manual,194,1er,150000,2,gasoline,bmw,no,2016-04-09,0,42841,2016-05-07 14:56:00
2016-03-15 15:25:09,11253,wagon,2011,auto,50,,20000,5,gasoline,hyundai,yes,2016-03-15,0,63283,2016-03-29 18:43:00
2016-04-05 23:12:35,11030,small,2007,manual,157,v70,125000,12,gasoline,volvo,,2016-04-05,0,54178,2016-04-16 18:22:00
2016-03-29 18:07:59,6547,small,2008,auto,89,500,40000,9,gasoline,fiat,,2016-03-29,0,2845,2016-04-24 01:57:54
2016-04-08 15:11:30,40916,other,2004,auto,199,500,70000,1,hybrid,fiat,no,2016-04-08,0,25476,2016-04-26 15:59:39
2016-03-25 08:28:07,7603,convertible,1995,manual,114,a_klasse,150000,7,petrol,mercedes_benz,no,2016-03-25,0,95568,2016-04-16 03:29:18
2016-04-03 17:15:52,16507,sedan,2010,manual,186,corolla,150000,11,petrol,toyota,no,2016-04-03,0,34162,2016-04-21 22:43:00
2016-04-07 04:45:58,10082,wagon,2015,manual,79,c4,40000,5,lpg,citroen,,2016-04-07,0,41177,2016-04-15 22:28:43
2016-03-17 21:34:01,20233,other,2016,manual,41,scenic,125000,6,gasoline,renault,no,2016-03-17,0,6233,2016-04-02 18:14:11
2016-03-03 01:17:13,30454,wagon,2010,manual,41,corsa,80000,5,electric,opel,no,2016-03-03,0,20807,2016-03-28 11:06:02
2016-03-13 13:38:15,9291,bus,2016,manual,130,s60,40000,4,other,volvo,yes,2016-03-13,0,13098,2016-03-20 03:55:14
2016-03-08 04:48:58,0,sedan,2011,auto,42,andere,125000,0,petrol,sonstige_autos,no,2016-03-08,0,50514,2016-03-11 11:47:41
2016-04-04 09:41:00,21871,convertible,2005,auto,158,c4,150000,12,,citroen,,2016-04-04,0,56990,2016-04-16 04:06:27
2016-04-04 12:16:20,7032,other,1997,auto,257,clubman,100000,1,,mini,yes,2016-04-04,0,93468,2016-04-06 22:26:13
2016-03-25 16:00:37,5346,small,2002,manual,43,tucson,150000,2,gasoline,hyundai,,2016-03-25,0,18127,2016-04-21 11:18:20
2016-03-10 02:55:36,17810,sedan,2014,manual,201,c4,60000,1,petrol,citroen,,2016-03-10,0,29277,2016-03-25 18:31:54
2016-03-03 04:16:17,14044,sedan,2008,manual,254,500,150000,10,electric,fiat,yes,2016-03-03,0,54397,2016-03-28 11:16:25
2016-04-08 14:04:46,18266,small,2016,auto,47,a1,150000,11,gasoline,audi,,2016-04-08,0,81223,2016-04-30 03:51:48
2016-04-04 16:04:13,23073,other,2007,,178,forfour,150000,5,,smart,no,2016-04-04,0,4767,2016-05-01 12:12:00
2016-03-20 16:05:06,7389,other,2009,manual,159,cooper,150000,12,gasoline,mini,,2016-03-20,0,47648,2016-04-05 15:13:34
2016-04-09 05:49:52,30029,coupe,2003,auto,147,mondeo,150000,6,gasoline,ford,no,2016-04-09,0,13293,2016-04-21 22:15:28
2016-03-24 03:36:52,7496,sedan,1996,,74,6_reihe,125000,10,gasoline,mazda,no,2016-03-24,0,74928,2016-04-02 04:53:52
2016-04-08 14:20:25,19034,bus,2009,manual,215,focus,125000,11,other,ford,no,2016-04-08,0,8495,2016-04-16 00:46:15
2016-04-05 02:04:49,20116,other,2006,manual,224,corolla,40000,12,petrol,toyota,no,2016-04-05,0,11712,2016-04-14 01:08:31
2016-03-08 15:34:08,21766,coupe,2012,manual,80,insignia,125000,1,,opel,no,2016-03-08,0,77741,2016-03-29 07:00:43
2016-04-05 18:31:53,31503,suv,1995,auto,252,7er,150000,0,gasoline,bmw,no,2016-04-05,0,53220,2016-04-21 06:26:28
2016-03-27 07:22:54,19212,wagon,1997,auto,0,mondeo,150000,3,petrol,ford,,2016-03-27,0,60710,2016-04-09 00:12:07
2016-03-21 16:58:26,21307,bus,2006,manual,234,v40,90000,9,,volvo,no,2016-03-21,0,49227,2016-04-06 15:45:03
2016-03-10 23:41:51,6230,,2001,manual,50,panda,150000,11,petrol,fiat,no,2016-03-10,0,70310,2016-03-24 02:24:59
2016-03-28 10:00:18,27318,convertible,2005,manual,215,forfour,125000,5,gasoline,smart,no,2016-03-28,0,29178,2016-04-19 20:30:43
2016-03-14 14:52:52,6400,bus,1996,manual,0,fiesta,150000,7,petrol,ford,no,2016-03-14,0,8264,2016-04-05 05:42:33
2016-03-03 00:02:16,23178,other,2006,auto,55,andere,90000,4,gasoline,sonstige_autos,no,2016-03-03,0,26885,2016-03-29 01:52:59
2016-03-14 22:25:13,3910,small,2012,manual,67,5_reihe,100000,3,gasoline,peugeot,yes,2016-03-14,0,73273,2016-04-01 19:23:10
2016-03-08 11:20:17,19919,coupe,2010,manual,103,forfour,50000,11,other,smart,no,2016-03-08,0,38532,2016-04-03 05:29:52
2016-03-16 05:41:45,16561,,2004,manual,105,e_klasse,125000,5,gasoline,mercedes_benz,,2016-03-16,0,90270,2016-04-12 22:08:14
2016-03-23 12:37:07,6457,small,1997,manual,101,yaris,90000,10,gasoline,toyota,no,2016-03-23,0,30851,2016-03-29 00:33:31
2016-03-08 05:45:27,10393,sedan,2004,manual,187,berlingo,150000,9,other,citroen,no,2016-03-08,0,53218,2016-04-03 08:55:23
2016-03-11 03:45:14,15306,sedan,2006,manual,114,q5,150000,4,gasoline,audi,no,2016-03-11,0,41303,2016-03-28 14:49:05
2016-03-31 01:44:21,6291,small,1995,manual,242,i20,150000,6,gasoline,hyundai,no,2016-03-31,0,27273,2016-04-18 09:59:05
2016-03-23 23:13:57,30285,suv,2013,manual,155,q5,80000,3,,audi,no,2016-03-23,0,90809,2016-04-03 19:37:37
2016-03-25 02:25:50,0,,2001,manual,78,avensis,150000,3,petrol,toyota,no,2016-03-25,0,22675,2016-03-26 06:39:32
2016-04-07 04:53:07,32218,wagon,2010,manual,61,leon,90000,3,hybrid,seat,no,2016-04-07,0,82897,2016-04-09 22:39:59
2016-03-07 23:14:18,6923,convertible,2001,manual,74,2_reihe,100000,3,gasoline,mazda,yes,2016-03-07,0,86750,2016-03-15 17:52:22
2016-04-08 17:10:55,27480,,2005,auto,159,i30,150000,8,gasoline,hyundai,no,2016-04-08,0,61416,2016-04-19 19:28:08
2016-03-02 14:49:54,17359,wagon,2007,,56,avensis,150000,5,,toyota,no,2016-03-02,0,1601,2016-03-29 11:06:33
2016-03-26 10:15:10,10893,other,2008,manual,102,5er,150000,0,hybrid,bmw,yes,2016-03-26,0,6177,2016-03-30 15:23:12
2016-03-02 16:34:39,36050,coupe,2014,manual,252,ibiza,150000,7,gasoline,seat,no,2016-03-02,0,43656,2016-03-15 21:29:25
2016-03-21 10:02:24,1916,sedan,1996,manual,61,5_reihe,150000,3,gasoline,peugeot,yes,2016-03-21,0,11351,2016-03-29 04:42:46
2016-04-09 07:31:35,34366,wagon,2014,auto,201,fabia,125000,6,petrol,skoda,no,2016-04-09,0,15796,2016-04-11 19:13:33
2016-03-08 06:54:54,3628,other,1995,manual,57,superb,150000,1,other,skoda,no,2016-03-08,0,83741,2016-03-27 01:10:30
2016-03-19 17:02:45,12269,small,2007,manual,44,,10000,0,,peugeot,no,2016-03-19,0,98659,2016-03-23 06:20:59
2016-03-14 19:12:29,7365,wagon,2011,manual,124,v40,150000,2,lpg,volvo,,2016-03-14,0,93134,2016-03-31 06:53:58
2016-04-06 00:54:14,3083,small,2012,manual,125,ibiza,150000,2,petrol,seat,,2016-04-06,0,74674,2016-04-14 15:10:08
2016-03-31 11:26:55,31413,suv,2001,auto,250,,150000,11,gasoline,skoda,no,2016-03-31,0,11600,2016-04-17 01:51:29
2016-03-12 09:08:28,15374,coupe,2001,manual,101,leon,150000,10,gasoline,seat,no,2016-03-12,0,79815,2016-04-04 09:04:22
2016-03-19 11:59:18,6992,convertible,2004,manual,41,fiesta,150000,10,gasoline,ford,yes,2016-03-19,0,93573,2016-04-17 04:19:44
2016-04-08 10:26:17,18835,,2002,manual,246,3_reihe,20000,12,petrol,mazda,no,2016-04-08,0,56411,2016-04-25 10:08:33
2016-03-14 09:33:54,20936,wagon,2014,manual,96,x_reihe,150000,0,,bmw,no,2016-03-14,0,66476,2016-04-09 10:03:07
2016-03-09 07:30:35,25635,,2006,auto,142,,150000,11,petrol,audi,no,2016-03-09,0,68309,2016-04-01 16:49:42
2016-03-04 04:41:10,24517,suv,2016,auto,98,forfour,150000,7,petrol,smart,no,2016-03-04,0,60772,2016-03-28 13:00:08
2016-03-26 23:56:42,27099,bus,2013,manual,253,clio,150000,0,gasoline,renault,no,2016-03-26,0,9138,2016-04-09 13:08:24
2016-03-16 08:27:54,31572,coupe,2002,auto,145,yaris,50000,7,gasoline,toyota,no,2016-03-16,0,66199,2016-03-31 00:49:14
2016-03-20 06:31:38,8967,wagon,2010,manual,217,corsa,30000,5,other,opel,yes,2016-03-20,0,7514,2016-03-27 02:58:41
2016-03-31 17:09:10,15437,,2013,manual,185,fiesta,50000,11,petrol,ford,no,2016-03-31,0,33936,2016-04-09 11:52:24
2016-03-28 15:57:51,29056,convertible,1999,manual,206,forfour,100000,4,gasoline,smart,no,2016-03-28,0,41464,2016-04-08 16:04:30
2016-03-11 04:44:19,15302,sedan,2014,,41,andere,150000,12,gasoline,sonstige_autos,no,2016-03-11,0,95736,2016-03-24 04:42:08
2016-03-25 01:52:59,6119,other,1997,manual,150,leon,80000,10,gasoline,seat,yes,2016-03-25,0,34764,2016-03-26 10:36:49
2016-04-04 02:27:47,14627,other,2005,manual,121,,150000,2,gasoline,mazda,no,2016-04-04,0,10082,2016-04-25 22:01:23
2016-03-24 07:42:27,40467,suv,2015,auto,77,v70,125000,3,gasoline,volvo,no,2016-03-24,0,26989,2016-04-01 04:05:51
2016-03-08 19:40:52,11412,small,2008,manual,155,forfour,125000,11,gasoline,smart,no,2016-03-08,0,45739,2016-03-26 21:08:20
2016-03-15 02:50:56,16032,wagon,2007,manual,209,,60000,9,lpg,fiat,no,2016-03-15,0,55454,2016-04-13 02:01:43
2016-03-23 17:04:57,22516,wagon,2009,manual,135,i20,40000,1,petrol,hyundai,no,2016-03-23,0,41259,2016-04-09 07:55:28
2016-03-30 15:46:13,8240,sedan,1998,auto,51,passat,150000,10,gasoline,volkswagen,no,2016-03-30,0,64463,2016-03-30 16:11:40
2016-04-04 18:56:39,27151,other,2013,auto,200,panda,30000,1,,fiat,no,2016-04-04,0,31192,2016-04-15 18:49:46
2016-03-20 00:29:04,15908,other,2004,manual,254,5er,150000,5,petrol,bmw,no,2016-03-20,0,96690,2016-04-07 05:02:58
2016-03-22 20:03:51,13446,wagon,2004,manual,94,polo,125000,1,hybrid,volkswagen,no,2016-03-22,0,27616,2016-04-09 10:54:16
2016-03-09 22:52:28,18342,,2013,manual,100,andere,100000,9,,sonstige_autos,no,2016-03-09,0,40517,2016-03-21 20:25:08
2016-03-27 14:51:33,32013,wagon,2005,auto,178,focus,50000,9,gasoline,ford,no,2016-03-27,0,69167,2016-04-24 21:13:22
2016-03-22 22:19:26,14601,sedan,2016,manual,160,note,150000,11,other,nissan,no,2016-03-22,0,38692,2016-04-14 12:38:13
2016-03-23 09:26:15,6748,,2004,manual,111,zafira,125000,2,cng,opel,,2016-03-23,0,70042,2016-03-28 17:58:43
2016-03-26 11:30:39,32686,suv,2011,manual,166,golf,150000,9,gasoline,volkswagen,no,2016-03-26,0,28133,2016-04-01 03:58:48
2016-04-09 07:46:24,29261,sedan,2015,manual,207,c3,100000,5,petrol,citroen,,2016-04-09,0,84954,2016-04-27 15:14:03
2016-03-18 11:22:29,18158,sedan,1999,manual,202,v70,40000,4,gasoline,volvo,no,2016-03-18,0,13863,2016-03-30 03:45:10
2016-03-23 18:30:09,3545,,1999,manual,50,octavia,100000,11,,skoda,yes,2016-03-23,0,69257,2016-03-30 18:00:43
2016-03-01 12:52:58,8392,other,2005,manual,240,s_klasse,150000,0,gasoline,mercedes_benz,,2016-03-01,0,24821,2016-03-13 03:14:27
2016-04-04 14:22:09,20320,suv,2006,manual,92,s60,150000,2,,volvo,no,2016-04-04,0,58035,2016-04-08 14:56:44
2016-03-27 01:08:28,21045,bus,2002,auto,192,e_klasse,125000,7,petrol,mercedes_benz,no,2016-03-27,0,30309,2016-04-10 05:57:20
2016-03-16 19:59:13,11245,small,2000,manual,145,octavia,60000,12,gasoline,skoda,no,2016-03-16,0,58480,2016-04-07 04:03:59
2016-03-18 18:05:26,28039,sedan,2011,manual,254,6_reihe,80000,9,gasoline,mazda,,2016-03-18,0,71668,2016-03-25 04:02:09
2016-04-04 01:54:43,12900,suv,2001,manual,75,scenic,30000,9,other,renault,no,2016-04-04,0,33344,2016-04-28 05:39:24
2016-03-15 15:02:46,7060,sedan,2010,manual,67,andere,60000,3,gasoline,sonstige_autos,yes,2016-03-15,0,93405,2016-03-16 05:16:00
2016-03-17 19:24:40,8717,,1997,manual,65,clubman,150000,12,gasoline,mini,,2016-03-17,0,41312,2016-03-31 11:15:24
2016-03-08 22:49:33,28845,coupe,2003,manual,150,2_reihe,125000,9,hybrid,mazda,,2016-03-08,0,70310,2016-03-12 12:14:43
2016-03-19 07:48:34,33345,suv,2001,manual,0,mondeo,150000,3,electric,ford,no,2016-03-19,0,92688,2016-03-21 03:39:57
2016-03-05 13:25:42,1893,small,2000,manual,67,vectra,150000,7,petrol,opel,yes,2016-03-05,0,35933,2016-03-31 11:30:56
2016-03-21 05:29:30,6194,coupe,1995,manual,172,ibiza,80000,2,petrol,seat,yes,2016-03-21,0,33111,2016-03-22 01:51:29
2016-03-18 00:32:18,20067,,2009,manual,220,ibiza,70000,6,gasoline,seat,no,2016-03-18,0,45318,2016-04-14 23:14:18
2016-04-06 03:21:59,10933,small,2016,manual,94,note,150000,4,petrol,nissan,no,2016-04-06,0,98634,2016-04-15 21:50:27
2016-04-02 09:24:12,15305,wagon,2011,manual,165,zafira,90000,11,petrol,opel,no,2016-04-02,0,96029,2016-04-25 12:26:02
2016-03-23 03:03:40,12682,wagon,2014,manual,73,punto,150000,8,petrol,fiat,no,2016-03-23,0,46814,2016-04-20 14:28:40
2016-03-30 17:54:04,4550,sedan,2002,manual,203,astra,20000,3,other,opel,yes,2016-03-30,0,71519,2016-04-26 07:58:40
2016-03-18 23:53:52,10978,small,2002,manual,88,vectra,80000,11,gasoline,opel,no,2016-03-18,0,29594,2016-04-13 15:11:59
2016-03-22 02:38:42,26906,sedan,2004,manual,234,superb,90000,6,,skoda,no,2016-03-22,0,74690,2016-03-25 18:08:30
2016-03-08 19:30:59,18255,suv,1997,manual,203,leon,80000,11,gasoline,seat,no,2016-03-08,0,15849,2016-04-05 13:39:31
2016-03-31 13:37:52,5230,other,2012,manual,151,passat,100000,12,other,volkswagen,yes,2016-03-31,0,94871,2016-04-11 10:53:11
2016-03-31 02:05:22,15673,small,2016,manual,201,golf,70000,12,petrol,volkswagen,no,2016-03-31,0,9868,2016-04-26 22:04:46
2016-03-31 22:02:42,14400,coupe,2000,manual,0,octavia,100000,11,,skoda,no,2016-03-31,0,10872,2016-04-27 10:31:50
2016-03-30 20:04:50,17073,small,2004,auto,179,5_reihe,125000,4,gasoline,peugeot,,2016-03-30,0,47131,2016-04-17 21:36:47
2016-04-03 06:20:27,11358,wagon,2004,manual,50,corolla,100000,7,petrol,toyota,no,2016-04-03,0,72420,2016-04-28 11:07:18
2016-03-02 15:08:27,25325,other,2004,auto,109,note,30000,6,petrol,nissan,,2016-03-02,0,58233,2016-03-30 12:26:53
2016-03-02 16:52:36,7090,small,2015,auto,170,v40,150000,4,gasoline,volvo,yes,2016-03-02,0,96393,2016-03-10 15:50:21
2016-04-04 21:39:56,18125,,2011,manual,226,c3,80000,11,other,citroen,no,2016-04-04,0,8692,2016-04-27 10:24:03
2016-03-16 22:26:41,13393,wagon,2001,manual,181,cooper,125000,2,gasoline,mini,no,2016-03-16,0,87181,2016-03-31 00:20:00
2016-03-11 12:48:48,16798,sedan,2010,manual,142,octavia,90000,0,gasoline,skoda,no,2016-03-11,0,89414,2016-03-18 08:25:42
2016-04-07 04:36:15,18299,wagon,1998,manual,190,focus,100000,11,gasoline,ford,no,2016-04-07,0,63068,2016-05-04 21:36:54
2016-04-05 21:37:43,21989,wagon,2004,manual,205,insignia,100000,12,gasoline,opel,no,2016-04-05,0,26544,2016-04-29 05:03:57
2016-03-31 16:38:33,14580,sedan,1999,auto,115,leon,90000,1,petrol,seat,no,2016-03-31,0,51423,2016-04-13 18:25:17
2016-04-08 02:59:37,12182,other,2002,auto,141,panda,125000,7,lpg,fiat,no,2016-04-08,0,35640,2016-04-18 07:06:28
2016-04-08 06:08:43,13118,other,2002,manual,186,berlingo,125000,0,gasoline,citroen,no,2016-04-08,0,51368,2016-05-05 09:55:10
2016-03-14 04:18:21,4640,small,2004,,254,s60,70000,10,gasoline,volvo,yes,2016-03-14,0,46648,2016-03-17 16:10:50
2016-04-07 19:27:33,19108,coupe,2001,manual,242,3er,30000,4,other,bmw,no,2016-04-07,0,88305,2016-04-08 16:30:39
2016-03-21 02:59:40,7504,other,2002,manual,139,clubman,70000,1,gasoline,mini,yes,2016-03-21,0,60348,2016-04-03 12:36:33
2016-03-13 01:05:57,7505,wagon,2004,auto,88,fortwo,100000,4,petrol,smart,yes,2016-03-13,0,77015,2016-04-09 15:18:40
2016-03-13 22:03:42,6498,small,2000,manual,247,forfour,125000,2,petrol,smart,no,2016-03-13,0,34858,2016-03-14 13:34:37
2016-03-19 12:24:47,9474,small,1998,manual,259,v70,90000,11,,volvo,no,2016-03-19,0,5790,2016-04-17 08:31:54
2016-03-11 13:43:20,12730,small,1998,auto,83,,125000,4,,citroen,no,2016-03-11,0,70751,2016-03-22 06:42:21
2016-03-17 01:56:23,12292,sedan,2002,auto,50,a6,150000,0,,audi,no,2016-03-17,0,41125,2016-03-22 15:17:01
2016-03-09 03:41:17,18699,wagon,2008,manual,96,punto,50000,4,gasoline,fiat,,2016-03-09,0,14473,2016-04-04 19:10:24
2016-03-13 12:54:40,0,sedan,1999,manual,89,,100000,8,gasoline,toyota,no,2016-03-13,0,34868,2016-03-23 00:13:46
2016-04-09 19:14:17,16430,other,2016,manual,87,3_reihe,125000,5,petrol,mazda,no,2016-04-09,0,43732,2016-04-23 09:20:18
2016-03-14 08:38:00,6335,sedan,1998,manual,151,octavia,150000,3,petrol,skoda,no,2016-03-14,0,53067,2016-04-04 07:32:52
2016-04-05 10:51:15,16238,other,2005,manual,166,e_klasse,80000,1,gasoline,mercedes_benz,no,2016-04-05,0,63922,2016-04-28 19:54:56
2016-03-30 09:57:16,14186,suv,1999,manual,108,forfour,125000,6,petrol,smart,no,2016-03-30,0,22860,2016-04-03 20:04:10
2016-03-17 07:18:43,7152,wagon,2005,manual,145,twingo,125000,7,gasoline,renault,yes,2016-03-17,0,15327,2016-04-11 07:35:49
2016-03-17 02:42:00,24060,sedan,1997,auto,249,v70,90000,5,gasoline,volvo,no,2016-03-17,0,93922,2016-03-20 09:08:41
2016-03-03 16:36:14,14487,coupe,2003,manual,62,punto,125000,4,gasoline,fiat,no,2016-03-03,0,10329,2016-03-27 08:20:22
2016-03-02 06:11:05,11430,sedan,2002,auto,0,transporter,50000,11,gasoline,volkswagen,yes,2016-03-02,0,86550,2016-03-06 08:22:26
2016-03-23 15:15:01,8441,small,1998,manual,77,3_reihe,5000,2,gasoline,peugeot,no,2016-03-23,0,61344,2016-03-24 02:36:12
2016-03-24 04:07:36,14982,other,2011,manual,246,octavia,150000,0,petrol,skoda,no,2016-03-24,0,83271,2016-04-16 10:33:06
2016-03-10 01:27:13,5284,small,1999,manual,214,1er,30000,9,gasoline,bmw,yes,2016-03-10,0,19097,2016-03-30 21:32:40
2016-03-01 07:07:14,9694,wagon,2001,manual,217,panda,150000,12,gasoline,fiat,yes,2016-03-01,0,25790,2016-03-23 04:16:13
2016-04-05 13:25:16,7639,coupe,1998,manual,139,zafira,80000,12,gasoline,opel,,2016-04-05,0,56712,2016-04-14 10:34:51
2016-03-03 21:20:39,61854,suv,2013,manual,112,v40,90000,1,electric,volvo,no,2016-03-03,0,9888,2016-03-06 09:18:26
2016-03-11 05:01:29,13211,small,2007,manual,46,panda,40000,0,,fiat,,2016-03-11,0,20758,2016-04-05 20:27:10
2016-03-09 15:54:56,4671,small,2016,,118,clio,150000,2,petrol,renault,yes,2016-03-09,0,53467,2016-03-25 22:34:01
2016-04-09 01:26:06,4176,sedan,2001,manual,49,scenic,150000,4,hybrid,renault,yes,2016-04-09,0,16081,2016-04-20 22:21:55
2016-03-06 03:12:37,14156,convertible,1995,auto,167,transporter,125000,12,electric,volkswagen,yes,2016-03-06,0,5884,2016-03-21 06:06:43
2016-03-24 11:44:37,29661,wagon,2011,manual,174,panda,125000,4,gasoline,fiat,no,2016-03-24,0,44326,2016-03-28 10:43:19
2016-03-23 13:44:33,7507,small,2004,manual,0,mondeo,150000,0,gasoline,ford,no,2016-03-23,0,15120,2016-04-11 15:02:03
2016-04-06 18:42:31,21890,wagon,1997,auto,246,tucson,125000,0,gasoline,hyundai,no,2016-04-06,0,79542,2016-04-27 16:18:04
2016-04-03 22:29:18,19809,wagon,2015,manual,167,3_reihe,150000,8,gasoline,peugeot,no,2016-04-03,0,14858,2016-04-28 09:41:37
2016-03-29 22:47:16,11447,sedan,2009,auto,66,3_reihe,80000,9,gasoline,mazda,,2016-03-29,0,93786,2016-04-20 07:28:40
2016-03-14 05:20:11,28182,bus,1995,manual,233,2_reihe,5000,2,gasoline,mazda,no,2016-03-14,0,32180,2016-03-20 04:11:58
2016-04-08 10:07:57,18067,bus,2009,manual,225,c_klasse,30000,7,other,mercedes_benz,no,2016-04-08,0,59890,2016-05-03 06:54:11
2016-03-16 15:00:54,25843,suv,2010,manual,0,i30,5000,7,,hyundai,no,2016-03-16,0,74146,2016-04-04 15:54:55
2016-03-05 20:09:22,38912,suv,2005,auto,251,3_reihe,150000,7,gasoline,peugeot,no,2016-03-05,0,23227,2016-03-30 09:53:42
2016-04-06 00:57:35,9825,small,2003,manual,150,insignia,100000,8,gasoline,opel,no,2016-04-06,0,55516,2016-04-09 19:54:26
2016-03-13 03:09:52,30436,other,2006,auto,147,insignia,150000,11,gasoline,opel,no,2016-03-13,0,75883,2016-04-01 04:46:56
2016-03-22 05:10:34,4790,,2002,manual,117,500,60000,0,other,fiat,yes,2016-03-22,0,95546,2016-04-09 16:43:26
2016-03-14 00:17:40,3588,small,2006,manual,145,,150000,7,petrol,opel,yes,2016-03-14,0,79084,2016-03-27 21:02:43
2016-03-17 13:58:00,10193,,2007,manual,46,tiguan,60000,9,hybrid,volkswagen,yes,2016-03-17,0,97465,2016-04-05 03:16:12
2016-04-04 07:06:16,23051,suv,2003,manual,221,3_reihe,60000,0,petrol,mazda,no,2016-04-04,0,24521,2016-04-18 08:42:55
2016-04-03 23:32:33,10034,other,2003,manual,126,a6,150000,5,petrol,audi,no,2016-04-03,0,75752,2016-04-23 21:38:41
2016-03-18 14:40:22,15662,small,2013,manual,183,tiguan,80000,7,gasoline,volkswagen,no,2016-03-18,0,77438,2016-04-06 12:49:11
2016-03-03 07:18:21,22742,wagon,2004,manual,51,ka,70000,5,hybrid,ford,no,2016-03-03,0,22654,2016-03-09 00:23:59
2016-04-09 10:32:40,7948,small,2015,manual,94,note,100000,5,hybrid,nissan,yes,2016-04-09,0,19801,2016-04-13 15:46:29
2016-03-05 07:17:43,21317,suv,2005,manual,58,focus,30000,12,petrol,ford,,2016-03-05,0,7252,2016-03-23 23:21:07
2016-04-08 19:01:57,34121,wagon,2009,auto,175,cooper,125000,2,gasoline,mini,no,2016-04-08,0,10222,2016-04-11 21:58:42
2016-03-10 08:02:03,7317,small,2001,manual,168,mondeo,90000,4,gasoline,ford,no,2016-03-10,0,39749,2016-03-12 11:35:07
2016-03-19 12:48:38,3034,,1997,manual,91,forfour,125000,10,petrol,smart,yes,2016-03-19,0,35634,2016-03-24 14:29:29
2016-03-02 08:31:36,38958,other,2008,manual,162,v70,70000,6,hybrid,volvo,no,2016-03-02,0,8697,2016-03-11 04:57:00
2016-03-20 14:46:11,16811,,2006,manual,136,3_reihe,90000,4,gasoline,peugeot,no,2016-03-20,0,41235,2016-04-06 03:21:32
2016-03-24 12:16:35,15583,sedan,2010,manual,41,andere,70000,4,petrol,sonstige_autos,no,2016-03-24,0,59274,2016-04-20 10:19:40
2016-03-22 14:11:48,48800,suv,2014,auto,226,golf,100000,8,,volkswagen,no,2016-03-22,0,56755,2016-04-04 09:42:16
2016-03-28 07:52:07,16125,small,2015,auto,167,7er,125000,2,other,bmw,no,2016-03-28,0,98118,2016-04-24 07:07:26
2016-03-29 13:18:56,14640,sedan,2010,manual,85,twingo,150000,10,,renault,,2016-03-29,0,79062,2016-04-10 02:29:26
2016-03-22 11:33:30,18322,coupe,2012,manual,0,micra,150000,11,other,nissan,no,2016-03-22,0,65445,2016-03-22 14:45:26
2016-04-03 12:43:47,13169,sedan,2010,manual,40,,150000,0,gasoline,renault,no,2016-04-03,0,9500,2016-04-17 06:47:14
2016-03-31 21:34:45,20984,convertible,2007,manual,112,panda,125000,7,gasoline,fiat,no,2016-03-31,0,72731,2016-04-05 16:13:16
2016-03-24 05:44:53,27158,coupe,2000,,175,clubman,150000,7,hybrid,mini,,2016-03-24,0,87150,2016-03-30 09:52:38
2016-03-11 00:27:42,19450,sedan,2002,manual,257,c4,60000,0,gasoline,citroen,no,2016-03-11,0,81687,2016-04-08 08:47:58
2016-04-08 08:50:43,25938,coupe,1997,auto,253,6_reihe,150000,4,gasoline,mazda,no,2016-04-08,0,33935,2016-04-15 02:32:12
2016-04-08 20:37:25,3960,bus,1999,manual,70,zafira,150000,6,lpg,opel,yes,2016-04-08,0,32006,2016-04-30 20:05:19
2016-03-07 12:21:43,17558,suv,2012,manual,149,twingo,90000,6,gasoline,renault,yes,2016-03-07,0,94050,2016-04-05 23:11:24
2016-03-07 22:32:03,6523,sedan,1998,manual,183,i30,70000,10,gasoline,hyundai,yes,2016-03-07,0,16856,2016-03-27 07:25:18
2016-04-08 14:52:36,11622,other,2003,auto,63,fabia,150000,5,gasoline,skoda,,2016-04-08,0,96223,2016-04-18 10:46:27
2016-03-18 08:07:16,16151,suv,2004,manual,97,fortwo,90000,2,cng,smart,no,2016-03-18,0,82091,2016-03-28 08:15:18
2016-03-01 02:39:27,7518,small,2002,manual,180,,150000,7,petrol,citroen,,2016-03-01,0,68082,2016-03-27 08:08:40
2016-04-01 20:41:18,5163,small,1997,manual,155,,150000,3,petrol,opel,no,2016-04-01,0,1081,2016-04-23 03:29:18
2016-03-27 07:05:27,13248,other,2002,manual,134,twingo,70000,7,petrol,renault,no,2016-03-27,0,33396,2016-04-13 12:02:48
2016-04-03 23:11:58,46497,convertible,2016,,223,micra,150000,5,gasoline,nissan,no,2016-04-03,0,25038,2016-04-08 20:45:52
2016-03-26 06:16:31,21687,sedan,2016,manual,256,c3,150000,11,petrol,citroen,no,2016-03-26,0,86864,2016-04-12 14:54:09
2016-04-05 12:02:18,9210,sedan,2007,manual,64,a3,150000,7,petrol,audi,,2016-04-05,0,20424,2016-04-11 14:12:16
2016-03-04 11:08:12,12493,convertible,2007,manual,115,c3,150000,11,petrol,citroen,no,2016-03-04,0,2087,2016-03-27 17:06:34
2016-03-17 21:46:24,8112,small,2008,manual,53,5_reihe,100000,10,petrol,peugeot,,2016-03-17,0,39048,2016-04-09 20:11:44
2016-03-25 00:21:28,46871,suv,2013,auto,217,qashqai,150000,8,gasoline,nissan,no,2016-03-25,0,15584,2016-04-04 20:33:40
2016-03-27 16:18:42,20908,convertible,2006,manual,194,tucson,125000,12,petrol,hyundai,,2016-03-27,0,49419,2016-04-18 09:03:11
2016-03-27 07:07:15,16131,wagon,2011,manual,138,megane,150000,9,petrol,renault,no,2016-03-27,0,65701,2016-04-06 23:02:15
2016-04-09 13:49:47,29925,coupe,2000,manual,257,berlingo,50000,4,petrol,citroen,no,2016-04-09,0,27019,2016-04-21 12:38:32
2016-03-20 11:01:32,14588,sedan,2002,manual,254,qashqai,150000,8,petrol,nissan,,2016-03-20,0,80021,2016-03-23 05:46:02
2016-03-06 20:14:28,0,other,2009,manual,102,mondeo,70000,12,petrol,ford,,2016-03-06,0,90755,2016-03-15 21:11:59
2016-03-11 19:38:45,21551,wagon,2006,auto,56,cooper,150000,12,gasoline,mini,no,2016-03-11,0,6036,2016-04-05 08:15:41
2016-03-15 21:11:28,7623,small,2007,manual,190,andere,150000,2,other,sonstige_autos,no,2016-03-15,0,31097,2016-04-04 17:36:53
2016-03-19 06:30:31,28954,wagon,2009,auto,95,insignia,90000,5,petrol,opel,no,2016-03-19,0,71711,2016-03-28 12:36:47
2016-03-15 19:03:55,5517,small,1999,manual,120,punto,150000,6,petrol,fiat,,2016-03-15,0,62031,2016-03-20 07:27:43
2016-03-05 01:15:40,10477,sedan,2003,manual,122,a_klasse,150000,10,petrol,mercedes_benz,no,2016-03-05,0,67899,2016-03-16 03:36:25
2016-04-08 08:55:10,14457,wagon,1998,manual,166,andere,125000,12,gasoline,sonstige_autos,no,2016-04-08,0,6676,2016-05-03 19:07:18
2016-03-26 20:47:49,26542,wagon,2008,manual,97,andere,20000,7,gasoline,sonstige_autos,no,2016-03-26,0,45268,2016-04-15 01:45:42
2016-03-13 16:36:16,29943,coupe,2010,manual,243,500,70000,0,petrol,fiat,no,2016-03-13,0,70104,2016-03-30 09:31:10
2016-03-03 02:04:53,32092,other,2015,auto,227,tiguan,150000,6,gasoline,volkswagen,no,2016-03-03,0,85821,2016-03-31 17:56:08
2016-03-19 03:50:56,14819,convertible,2009,manual,72,,150000,3,other,smart,no,2016-03-19,0,33932,2016-04-09 19:44:09
2016-04-09 01:21:25,25787,other,2014,manual,250,i30,150000,11,gasoline,hyundai,,2016-04-09,0,65449,2016-04-23 09:40:48
2016-03-11 19:47:42,11463,other,2012,manual,88,cooper,125000,7,petrol,mini,no,2016-03-11,0,34952,2016-03-18 17:00:37
2016-03-12 08:49:05,17922,,1999,manual,192,astra,90000,4,,opel,no,2016-03-12,0,66546,2016-03-27 21:36:08
2016-03-27 05:47:41,12989,,1996,manual,0,i30,60000,1,,hyundai,no,2016-03-27,0,5595,2016-03-28 07:40:42
2016-03-06 16:35:56,8548,wagon,2014,manual,195,mondeo,125000,4,petrol,ford,yes,2016-03-06,0,52199,2016-03-30 08:05:51
2016-04-05 22:31:36,16931,sedan,2004,manual,103,passat,10000,7,petrol,volkswagen,no,2016-04-05,0,52028,2016-04-26 14:43:54
2016-04-07 13:59:44,45387,suv,2013,auto,66,clubman,90000,1,gasoline,mini,no,2016-04-07,0,83990,2016-04-11 12:03:44
2016-04-05 01:22:19,20760,other,2008,auto,201,micra,150000,2,gasoline,nissan,no,2016-04-05,0,47640,2016-04-12 03:19:10
2016-04-03 13:24:09,17193,sedan,2014,manual,74,andere,150000,7,gasoline,sonstige_autos,no,2016-04-03,0,85254,2016-04-19 19:45:46
2016-04-07 05:44:51,10784,,1996,manual,61,2_reihe,40000,11,gasoline,mazda,,2016-04-07,0,13385,2016-04-26 16:56:13
2016-03-12 04:44:55,23501,bus,2014,auto,112,tucson,70000,2,petrol,hyundai,no,2016-03-12,0,66085,2016-03-15 20:12:34
2016-03-27 05:30:14,26979,coupe,1996,auto,203,vectra,100000,10,gasoline,opel,no,2016-03-27,0,27440,2016-04-04 14:15:50
2016-03-09 02:18:18,6879,sedan,2002,auto,79,qashqai,60000,3,petrol,nissan,yes,2016-03-09,0,40040,2016-03-17 00:38:58
2016-03-06 15:43:33,14737,sedan,2005,manual,237,a4,150000,2,petrol,audi,no,2016-03-06,0,90930,2016-03-19 17:57:12
2016-03-21 21:20:50,17924,other,2005,manual,155,v70,70000,1,,volvo,,2016-03-21,0,50272,2016-04-03 15:14:30
2016-03-25 11:19:31,0,wagon,1996,manual,237,clubman,90000,1,,mini,no,2016-03-25,0,35769,2016-04-03 08:59:38
2016-03-27 12:34:18,22681,sedan,2011,auto,69,fabia,70000,8,petrol,skoda,,2016-03-27,0,59670,2016-03-29 13:09:34
2016-04-09 07:38:31,13574,sedan,1998,manual,198,clio,80000,3,gasoline,renault,no,2016-04-09,0,92382,2016-04-22 03:20:06
2016-03-19 06:19:11,23865,convertible,2004,manual,224,fiesta,50000,10,petrol,ford,no,2016-03-19,0,78116,2016-04-08 08:54:48
2016-03-10 17:50:17,6591,wagon,1995,manual,60,clubman,125000,3,gasoline,mini,no,2016-03-10,0,43877,2016-03-18 21:50:33
2016-03-28 17:29:03,13010,wagon,2009,manual,70,c_klasse,80000,12,gasoline,mercedes_benz,no,2016-03-28,0,42774,2016-04-25 02:32:34
2016-03-04 10:11:56,4051,sedan,1998,manual,246,insignia,125000,4,other,opel,yes,2016-03-04,0,5599,2016-03-08 21:06:05
2016-03-03 05:33:07,17073,sedan,2002,manual,190,corolla,150000,11,gasoline,toyota,,2016-03-03,0,99150,2016-03-29 14:34:26
2016-03-04 23:33:31,17348,other,2013,manual,46,7er,150000,4,gasoline,bmw,,2016-03-04,0,1685,2016-03-16 11:01:33
2016-03-01 10:49:29,16470,sedan,2012,manual,105,forfour,70000,11,petrol,smart,,2016-03-01,0,30005,2016-03-17 14:50:56
2016-03-17 21:53:47,19152,other,2009,manual,182,qashqai,150000,12,gasoline,nissan,no,2016-03-17,0,43891,2016-04-15 00:32:04
2016-03-25 23:45:21,11397,small,2015,manual,151,fortwo,20000,0,cng,smart,no,2016-03-25,0,1762,2016-04-15 14:49:23
2016-03-19 07:19:10,13291,other,2005,manual,184,avensis,90000,4,other,toyota,,2016-03-19,0,91523,2016-04-09 16:19:37
2016-03-28 14:20:12,45471,convertible,2014,auto,60,c4,70000,4,gasoline,citroen,no,2016-03-28,0,17328,2016-03-30 02:33:56
2016-03-20 20:30:27,10314,sedan,1998,manual,224,c3,150000,3,gasoline,citroen,no,2016-03-20,0,33627,2016-04-02 22:11:13
2016-03-08 11:20:37,8335,other,1997,manual,147,,70000,12,lpg,bmw,no,2016-03-08,0,69243,2016-03-31 09:16:35
2016-03-14 09:44:45,6181,small,2015,manual,187,e_klasse,90000,6,gasoline,mercedes_benz,yes,2016-03-14,0,80102,2016-04-02 08:02:08
2016-03-27 22:07:56,26946,wagon,2001,auto,240,ka,70000,4,petrol,ford,no,2016-03-27,0,17440,2016-03-29 23:12:47
2016-04-02 22:03:10,8508,small,2010,manual,41,clio,80000,11,lpg,renault,,2016-04-02,0,69431,2016-04-15 06:03:10
2016-03-23 22:48:40,21677,small,2009,auto,234,megane,150000,3,gasoline,renault,no,2016-03-23,0,98198,2016-04-14 16:30:57
2016-03-15 07:40:48,24310,other,2015,manual,91,corsa,90000,9,gasoline,opel,no,2016-03-15,0,74541,2016-03-26 04:35:44
2016-04-01 12:07:11,4731,sedan,2000,manual,81,ka,70000,1,petrol,ford,yes,2016-04-01,0,32524,2016-04-07 14:52:42
2016-04-05 02:56:29,18874,other,2015,manual,42,,150000,10,gasoline,toyota,,2016-04-05,0,5889,2016-05-02 09:10:46
2016-03-17 19:20:34,20255,sedan,2013,manual,99,andere,10000,10,gasoline,sonstige_autos,,2016-03-17,0,37539,2016-04-14 11:44:37
2016-03-10 20:00:20,17157,small,2008,auto,234,3_reihe,150000,3,gasoline,peugeot,no,2016-03-10,0,54201,2016-03-14 22:53:48
2016-04-01 16:43:36,16164,bus,1997,manual,79,clubman,50000,10,gasoline,mini,no,2016-04-01,0,20170,2016-04-03 16:50:17
2016-03-05 12:40:10,4380,coupe,2000,manual,57,e_klasse,100000,5,petrol,mercedes_benz,yes,2016-03-05,0,90785,2016-03-29 11:15:18
2016-04-02 07:13:00,9475,,2006,manual,118,corolla,50000,9,gasoline,toyota,yes,2016-04-02,0,44540,2016-04-27 02:31:49
2016-04-08 15:23:25,21967,wagon,2014,manual,140,a6,125000,3,gasoline,audi,no,2016-04-08,0,21025,2016-04-20 02:20:49
2016-03-19 15:52:55,8850,suv,1995,,56,,125000,3,gasoline,citroen,no,2016-03-19,0,59594,2016-04-10 07:49:51
2016-03-21 03:11:27,6232,small,2004,manual,151,qashqai,80000,6,hybrid,nissan,yes,2016-03-21,0,14989,2016-04-02 01:22:16
2016-03-23 20:02:45,13441,,2004,auto,112,v70,90000,10,other,volvo,no,2016-03-23,0,82446,2016-03-26 02:06:18
2016-03-29 04:06:49,24466,convertible,1996,manual,239,andere,150000,2,,sonstige_autos,,2016-03-29,0,35216,2016-04-11 21:36:41
2016-03-01 07:04:58,7563,small,2004,manual,190,ka,125000,2,other,ford,no,2016-03-01,0,34977,2016-03-03 02:45:37
2016-03-29 17:54:29,4345,suv,1996,manual,58,scenic,150000,7,other,renault,no,2016-03-29,0,4087,2016-04-12 13:41:36
2016-03-16 04:59:39,26126,sedan,2011,auto,133,a1,150000,7,gasoline,audi,no,2016-03-16,0,50857,2016-03-16 22:15:36
2016-03-19 09:44:14,11724,other,2003,manual,144,qashqai,150000,3,gasoline,nissan,no,2016-03-19,0,3902,2016-04-17 04:59:40
2016-03-16 02:12:01,17994,sedan,2007,manual,153,forfour,100000,11,gasoline,smart,no,2016-03-16,0,19297,2016-04-06 08:24:49
2016-03-31 21:34:11,17782,wagon,2006,,154,vectra,80000,2,other,opel,no,2016-03-31,0,53535,2016-04-02 14:29:27
2016-03-01 00:20:55,8800,,2006,manual,230,c4,150000,2,cng,citroen,,2016-03-01,0,71637,2016-03-16 04:53:35
2016-03-01 14:22:47,10632,wagon,1999,manual,131,altea,90000,4,other,seat,no,2016-03-01,0,41174,2016-03-07 16:54:45
2016-03-15 11:23:10,8235,small,1995,auto,156,octavia,150000,2,gasoline,skoda,,2016-03-15,0,33093,2016-03-22 13:38:18
2016-03-11 06:29:18,13615,wagon,2004,auto,111,tucson,150000,9,petrol,hyundai,no,2016-03-11,0,67931,2016-03-23 16:15:28
2016-03-25 17:33:35,19065,,2003,manual,129,c3,150000,10,petrol,citroen,no,2016-03-25,0,87544,2016-04-08 12:23:48
2016-03-18 14:40:00,23793,sedan,2014,manual,83,7er,70000,7,gasoline,bmw,,2016-03-18,0,22558,2016-04-03 01:39:16
2016-03-23 19:45:31,11338,wagon,2001,manual,228,3_reihe,150000,8,hybrid,mazda,yes,2016-03-23,0,63190,2016-04-01 01:46:24
2016-03-21 21:55:10,3744,sedan,1995,manual,68,qashqai,150000,4,petrol,nissan,,2016-03-21,0,74368,2016-04-13 04:34:41
2016-03-31 22:18:35,23216,sedan,2014,manual,243,fabia,80000,7,,skoda,,2016-03-31,0,21649,2016-04-06 16:39:19
2016-03-25 13:08:49,4833,coupe,1996,manual,181,superb,150000,0,petrol,skoda,yes,2016-03-25,0,70162,2016-04-21 10:20:01
2016-03-05 21:51:54,10479,wagon,2003,manual,166,passat,150000,7,gasoline,volkswagen,no,2016-03-05,0,96359,2016-03-19 10:29:39
2016-04-01 21:09:22,23932,small,2006,auto,207,a_klasse,125000,5,hybrid,mercedes_benz,no,2016-04-01,0,79301,2016-04-21 21:58:26
2016-03-11 06:33:25,10949,sedan,2010,manual,241,3_reihe,90000,8,gasoline,mazda,,2016-03-11,0,9970,2016-03-24 06:45:05
2016-03-19 13:19:20,15473,,2007,manual,108,panda,30000,10,other,fiat,no,2016-03-19,0,81298,2016-04-17 11:47:21
2016-03-12 04:24:18,12564,convertible,1998,manual,101,polo,150000,10,gasoline,volkswagen,,2016-03-12,0,98625,2016-04-09 11:58:56
2016-03-05 18:20:18,27593,sedan,2007,auto,109,micra,5000,2,gasoline,nissan,no,2016-03-05,0,23247,2016-03-07 13:21:14
2016-03-18 08:08:33,9954,other,1998,manual,172,berlingo,100000,10,other,citroen,no,2016-03-18,0,58590,2016-04-03 03:29:08
2016-04-03 19:32:43,40670,suv,2016,manual,254,yaris,150000,4,petrol,toyota,,2016-04-03,0,52324,2016-04-08 18:47:22
2016-03-29 15:53:41,41636,convertible,2010,manual,245,megane,5000,1,gasoline,renault,no,2016-03-29,0,47691,2016-04-27 21:19:13
2016-03-29 16:43:30,7411,small,2000,manual,203,panda,150000,11,gasoline,fiat,no,2016-03-29,0,29428,2016-04-23 13:55:29
2016-03-29 19:53:25,13861,,2007,manual,244,berlingo,90000,12,other,citroen,no,2016-03-29,0,10583,2016-04-09 00:38:39
2016-03-14 09:00:32,18271,,1999,auto,133,1er,150000,8,gasoline,bmw,no,2016-03-14,0,72627,2016-03-18 14:29:37
2016-04-07 22:57:32,9953,small,2004,manual,193,forfour,90000,10,gasoline,smart,,2016-04-07,0,57868,2016-04-17 16:13:49
2016-03-08 09:14:09,7674,,2014,manual,49,superb,70000,5,petrol,skoda,yes,2016-03-08,0,56343,2016-03-16 14:39:48
2016-03-14 19:36:43,13667,other,2008,manual,194,insignia,80000,5,,opel,yes,2016-03-14,0,53588,2016-03-30 08:54:33
2016-03-14 22:22:38,30212,suv,2005,auto,234,clio,150000,8,lpg,renault,,2016-03-14,0,42110,2016-03-28 00:22:07
2016-03-17 17:41:23,26862,coupe,2013,manual,198,500,125000,1,,fiat,no,2016-03-17,0,83118,2016-04-16 17:14:02
2016-04-02 10:52:51,32399,convertible,2011,auto,99,i20,20000,6,gasoline,hyundai,,2016-04-02,0,13433,2016-04-07 10:52:59
2016-04-01 22:55:22,4654,,2001,auto,184,5er,150000,11,gasoline,bmw,,2016-04-01,0,88748,2016-04-03 07:08:15
2016-04-09 21:07:29,18729,convertible,2005,manual,210,altea,100000,2,petrol,seat,no,2016-04-09,0,68441,2016-04-16 22:30:30
2016-03-19 06:22:23,10599,,2012,manual,54,qashqai,150000,4,other,nissan,no,2016-03-19,0,37997,2016-03-23 05:06:17
2016-03-27 09:34:24,13281,sedan,2006,auto,166,andere,150000,9,petrol,sonstige_autos,no,2016-03-27,0,38870,2016-04-05 17:27:20
2016-03-02 07:55:54,26091,suv,1996,auto,89,insignia,30000,2,gasoline,opel,no,2016-03-02,0,69307,2016-03-10 17:30:00
2016-03-24 04:54:44,2740,other,1998,manual,72,octavia,90000,11,other,skoda,yes,2016-03-24,0,70286,2016-04-14 03:00:35
2016-03-23 10:56:30,22779,coupe,2012,auto,51,3_reihe,150000,10,petrol,mazda,no,2016-03-23,0,74683,2016-03-31 15:05:11
2016-03-04 10:07:19,7278,wagon,2001,manual,218,scenic,100000,5,petrol,renault,yes,2016-03-04,0,93786,2016-03-17 23:15:24
2016-04-09 05:40:26,3129,small,2015,manual,70,mondeo,150000,3,lpg,ford,yes,2016-04-09,0,85267,2016-04-19 03:07:36
2016-03-04 23:20:29,17463,wagon,2005,manual,221,mondeo,150000,8,lpg,ford,no,2016-03-04,0,53046,2016-03-22 19:08:53
2016-03-24 23:17:07,21854,convertible,1999,manual,143,twingo,20000,3,gasoline,renault,no,2016-03-24,0,11082,2016-04-13 09:18:29
2016-03-18 06:30:00,5396,small,2005,manual,42,s_klasse,150000,6,other,mercedes_benz,,2016-03-18,0,87449,2016-04-06 08:16:49
2016-03-22 05:14:27,43028,bus,2012,manual,189,touran,150000,2,hybrid,volkswagen,no,2016-03-22,0,68042,2016-03-30 19:41:42
2016-03-12 03:41:28,7850,wagon,2000,manual,69,s60,70000,10,other,volvo,no,2016-03-12,0,58556,2016-03-17 06:28:01
2016-03-18 07:47:12,28311,wagon,2010,manual,0,c4,100000,11,gasoline,citroen,no,2016-03-18,0,82623,2016-03-25 14:02:28
2016-04-08 22:23:12,5444,,1998,,79,7er,125000,9,other,bmw,no,2016-04-08,0,30691,2016-04-15 17:31:34
2016-03-01 01:32:12,13882,sedan,2001,manual,134,3_reihe,150000,6,gasoline,peugeot,no,2016-03-01,0,12624,2016-03-11 12:01:56
2016-03-14 09:47:09,6514,wagon,1995,manual,160,andere,150000,2,other,sonstige_autos,,2016-03-14,0,70367,2016-04-06 05:37:01
2016-03-02 15:54:50,17165,sedan,1997,auto,187,andere,5000,11,other,sonstige_autos,no,2016-03-02,0,33327,2016-03-25 08:53:08
2016-03-11 10:09:57,18340,other,2012,,256,altea,60000,6,other,seat,no,2016-03-11,0,49144,2016-04-04 04:37:45
2016-03-02 13:38:03,22748,other,2004,manual,181,2_reihe,100000,7,hybrid,mazda,no,2016-03-02,0,23520,2016-03-03 04:30:28
2016-03-31 15:02:27,12937,other,2007,manual,236,avensis,90000,0,electric,toyota,yes,2016-03-31,0,30711,2016-04-24 09:35:42
2016-03-18 07:14:23,8105,small,2016,auto,185,,150000,2,petrol,ford,yes,2016-03-18,0,6224,2016-03-25 05:01:39
2016-03-31 22:57:40,11836,bus,2009,manual,106,superb,125000,2,other,skoda,,2016-03-31,0,25871,2016-04-01 22:17:56
2016-04-02 16:45:11,31639,sedan,2014,manual,190,tucson,90000,8,hybrid,hyundai,,2016-04-02,0,1553,2016-04-13 10:55:58
2016-03-31 09:54:46,17652,other,2010,auto,40,superb,150000,1,gasoline,skoda,,2016-03-31,0,54425,2016-04-08 09:11:08
2016-03-06 22:01:04,28634,coupe,1997,manual,255,micra,80000,10,gasoline,nissan,,2016-03-06,0,8264,2016-03-28 02:51:04
2016-03-28 10:15:03,8378,small,2006,manual,171,leon,150000,9,gasoline,seat,,2016-03-28,0,38502,2016-04-13 16:45:43
2016-03-05 09:14:25,13763,wagon,1999,manual,221,,150000,9,lpg,sonstige_autos,no,2016-03-05,0,44432,2016-03-11 01:28:12
2016-04-07 20:29:06,3514,,2008,manual,131,micra,90000,6,petrol,nissan,yes,2016-04-07,0,41958,2016-04-17 01:05:16
2016-03-13 19:10:05,27449,sedan,2010,auto,64,avensis,90000,2,gasoline,toyota,no,2016-03-13,0,31543,2016-04-12 17:04:04
2016-03-23 02:35:08,14402,other,2001,manual,232,,150000,9,petrol,peugeot,no,2016-03-23,0,7228,2016-03-25 00:11:56
2016-03-06 23:33:15,29212,,2002,manual,248,andere,125000,9,hybrid,sonstige_autos,,2016-03-06,0,3664,2016-03-11 18:53:33
2016-03-29 00:30:03,34274,convertible,2015,manual,123,500,150000,8,gasoline,fiat,no,2016-03-29,0,92635,2016-04-12 10:31:00
2016-03-20 04:31:05,12343,small,2004,auto,110,clubman,150000,9,gasoline,mini,no,2016-03-20,0,72332,2016-04-16 13:00:52
2016-03-05 08:01:11,7198,small,2010,manual,221,superb,60000,9,gasoline,skoda,yes,2016-03-05,0,91744,2016-03-26 18:16:12
2016-03-01 05:53:45,19349,convertible,1999,manual,202,5_reihe,80000,5,gasoline,peugeot,no,2016-03-01,0,87387,2016-03-31 04:23:05
2016-03-14 23:28:39,23526,wagon,2002,manual,251,avensis,40000,10,gasoline,toyota,no,2016-03-14,0,87053,2016-04-05 15:31:44
2016-03-16 05:20:43,27677,suv,1998,auto,191,v70,30000,8,petrol,volvo,no,2016-03-16,0,93092,2016-03-22 23:11:19
2016-04-07 08:58:52,15680,sedan,2008,manual,76,c3,150000,5,gasoline,citroen,,2016-04-07,0,80972,2016-05-05 18:37:53
2016-03-23 12:54:30,22009,coupe,2015,manual,243,tucson,150000,6,other,hyundai,no,2016-03-23,0,38005,2016-03-25 14:14:55
2016-04-08 19:08:13,15391,other,2007,manual,89,andere,150000,8,gasoline,sonstige_autos,no,2016-04-08,0,96563,2016-04-13 18:26:45
2016-03-21 21:43:56,7388,small,2001,manual,160,touran,60000,5,petrol,volkswagen,no,2016-03-21,0,93767,2016-04-06 13:50:12
2016-03-24 14:06:12,14512,coupe,1997,manual,130,fabia,125000,4,gasoline,skoda,no,2016-03-24,0,36075,2016-04-13 16:42:15
2016-03-28 01:50:30,5655,sedan,1996,manual,116,golf,150000,0,other,volkswagen,,2016-03-28,0,25077,2016-04-09 08:01:18
2016-03-23 20:29:42,25806,convertible,2008,manual,222,yaris,150000,12,gasoline,toyota,no,2016-03-23,0,66403,2016-04-15 09:33:44
2016-03-05 00:10:40,0,small,2000,auto,49,altea,150000,10,lpg,seat,no,2016-03-05,0,51573,2016-03-23 17:56:42
2016-03-27 22:47:58,11965,,2001,manual,204,berlingo,50000,10,other,citroen,no,2016-03-27,0,17348,2016-04-19 04:15:41
2016-04-02 16:11:08,35692,convertible,2009,manual,195,avensis,90000,3,,toyota,no,2016-04-02,0,71502,2016-04-19 22:35:14
2016-04-04 15:04:07,25532,sedan,2010,auto,204,i20,150000,7,petrol,hyundai,no,2016-04-04,0,88742,2016-04-06 00:50:43
2016-03-02 14:49:11,10209,,2001,manual,192,ibiza,150000,11,petrol,seat,no,2016-03-02,0,47492,2016-03-12 10:15:30
2016-03-29 00:52:07,12635,small,2006,manual,252,e_klasse,150000,0,petrol,mercedes_benz,no,2016-03-29,0,65758,2016-04-16 20:31:11
2016-03-22 14:23:09,13442,sedan,2010,auto,56,i30,150000,9,electric,hyundai,yes,2016-03-22,0,88436,2016-03-29 16:57:42
2016-03-02 07:29:18,10971,suv,2015,manual,85,v70,80000,3,gasoline,volvo,yes,2016-03-02,0,40247,2016-03-25 01:20:25
2016-03-07 20:28:20,14207,wagon,2005,auto,64,3_reihe,150000,7,cng,mazda,,2016-03-07,0,70389,2016-03-24 01:43:52
2016-03-23 17:51:28,9195,small,1999,auto,185,a1,125000,4,petrol,audi,no,2016-03-23,0,77000,2016-04-11 13:45:32
2016-03-03 12:49:50,13524,wagon,2000,manual,88,clubman,150000,3,gasoline,mini,no,2016-03-03,0,75479,2016-03-28 18:07:08
2016-03-27 19:59:03,10143,small,2003,manual,246,c_klasse,150000,12,gasoline,mercedes_benz,no,2016-03-27,0,19936,2016-04-15 12:20:33
2016-03-12 05:36:32,16750,wagon,2001,manual,0,superb,150000,6,gasoline,skoda,no,2016-03-12,0,60056,2016-03-22 12:55:06
2016-03-07 08:36:03,14697,sedan,1998,manual,255,octavia,150000,5,,skoda,no,2016-03-07,0,25580,2016-03-25 22:21:04
2016-03-16 22:49:15,6160,sedan,1995,manual,135,,150000,2,petrol,ford,no,2016-03-16,0,16227,2016-04-01 20:38:05
2016-03-17 03:39:06,23063,coupe,2006,manual,155,andere,150000,7,,sonstige_autos,no,2016-03-17,0,15950,2016-04-10 02:53:08
2016-04-01 15:17:26,8847,small,2005,manual,152,500,60000,12,gasoline,fiat,no,2016-04-01,0,77686,2016-04-08 18:58:44
2016-03-14 15:25:31,9658,coupe,1999,manual,67,x_reihe,125000,8,petrol,bmw,no,2016-03-14,0,73504,2016-04-09 06:49:18
2016-03-23 21:02:42,23936,convertible,2000,auto,210,a6,150000,10,other,audi,no,2016-03-23,0,27731,2016-04-15 06:50:40
2016-03-24 23:47:27,25257,bus,2006,,155,fortwo,70000,0,hybrid,smart,no,2016-03-24,0,35053,2016-04-04 00:05:58
2016-03-04 21:42:28,14101,sedan,2014,manual,180,fabia,150000,0,petrol,skoda,no,2016-03-04,0,56873,2016-03-31 16:55:12
2016-03-28 06:52:50,6853,other,1995,manual,64,s60,125000,10,hybrid,volvo,,2016-03-28,0,35374,2016-04-22 17:05:29
2016-03-10 10:38:18,12108,sedan,1998,manual,242,polo,150000,5,gasoline,volkswagen,no,2016-03-10,0,31817,2016-03-17 01:57:50
2016-03-19 21:06:10,12064,other,2000,manual,197,,125000,11,petrol,skoda,no,2016-03-19,0,14035,2016-03-20 16:01:42
2016-04-08 17:45:48,11846,other,2010,manual,154,berlingo,150000,3,lpg,citroen,no,2016-04-08,0,56510,2016-05-01 12:21:19
2016-03-27 22:52:04,27753,bus,2015,manual,212,octavia,80000,8,gasoline,skoda,no,2016-03-27,0,73674,2016-04-20 02:43:27
2016-03-28 20:24:37,8402,,1996,manual,67,i30,70000,10,petrol,hyundai,,2016-03-28,0,44785,2016-04-23 09:59:16
2016-03-04 11:12:58,13190,suv,2000,manual,161,v70,125000,6,other,volvo,no,2016-03-04,0,99797,2016-03-29 20:53:51
2016-03-15 19:19:24,18332,,1998,auto,62,6_reihe,90000,11,petrol,mazda,no,2016-03-15,0,50406,2016-04-14 07:04:10
2016-03-14 11:07:22,10070,sedan,1995,manual,132,500,150000,6,gasoline,fiat,,2016-03-14,0,1435,2016-03-21 21:43:37
2016-03-30 09:24:08,17005,,2013,manual,183,forfour,60000,3,petrol,smart,,2016-03-30,0,37425,2016-03-31 15:53:13
2016-03-19 22:58:13,8282,small,2011,manual,142,note,125000,5,,nissan,no,2016-03-19,0,17976,2016-04-10 16:37:42
2016-04-04 10:27:58,37024,,2007,auto,146,3_reihe,150000,0,electric,mazda,no,2016-04-04,0,37135,2016-04-17 11:43:00
2016-03-02 09:51:28,8219,sedan,2004,manual,180,a6,150000,1,hybrid,audi,yes,2016-03-02,0,20480,2016-03-21 21:05:45
2016-03-20 00:57:15,13339,sedan,2002,manual,207,q5,20000,6,other,audi,,2016-03-20,0,21151,2016-03-21 02:44:36
2016-03-29 05:39:11,9638,small,2002,manual,99,3_reihe,150000,1,electric,mazda,no,2016-03-29,0,38737,2016-04-07 10:59:18
2016-04-02 17:33:14,15306,suv,2009,manual,84,astra,150000,11,hybrid,opel,,2016-04-02,0,21372,2016-04-16 23:07:37
2016-03-21 05:08:25,13767,wagon,1998,manual,207,qashqai,125000,1,gasoline,nissan,no,2016-03-21,0,85981,2016-04-09 15:04:28
2016-04-03 13:34:34,14426,sedan,2003,manual,224,a_klasse,125000,9,gasoline,mercedes_benz,no,2016-04-03,0,87033,2016-05-02 00:05:45
2016-04-08 13:10:14,6329,small,2009,manual,65,cooper,60000,0,hybrid,mini,yes,2016-04-08,0,98026,2016-04-18 02:32:34
2016-03-27 12:30:36,0,bus,1999,auto,56,3er,150000,11,gasoline,bmw,yes,2016-03-27,0,84960,2016-04-22 18:15:22
2016-03-05 21:18:15,16733,wagon,2004,manual,72,polo,50000,7,petrol,volkswagen,no,2016-03-05,0,61462,2016-03-19 00:13:28
2016-03-28 22:14:22,11816,sedan,2012,manual,98,cooper,150000,1,other,mini,no,2016-03-28,0,74124,2016-04-05 15:47:43
2016-04-07 16:20:35,11590,sedan,1996,manual,138,twingo,70000,7,gasoline,renault,,2016-04-07,0,33810,2016-04-13 19:30:56
2016-04-05 20:40:50,90000,wagon,1998,manual,256,fiesta,150000,4,gasoline,ford,no,2016-04-05,0,48151,2016-05-02 06:34:11
2016-03-07 12:55:30,46113,coupe,2014,auto,149,a4,150000,5,gasoline,audi,no,2016-03-07,0,9680,2016-03-20 11:03:48
2016-04-04 06:53:00,21661,coupe,2010,manual,94,megane,150000,6,gasoline,renault,no,2016-04-04,0,27055,2016-05-02 16:14:03
2016-04-02 20:13:01,9577,sedan,2004,manual,124,v70,150000,10,petrol,volvo,no,2016-04-02,0,96507,2016-04-06 06:48:27
2016-04-01 04:02:34,8368,other,1996,manual,83,forfour,90000,10,gasoline,smart,,2016-04-01,0,23060,2016-04-30 17:52:24
2016-03-27 07:22:12,8489,sedan,2000,,82,altea,150000,8,gasoline,seat,,2016-03-27,0,18270,2016-04-07 12:46:49
2016-03-04 12:21:31,18013,,2011,manual,42,,100000,12,hybrid,toyota,no,2016-03-04,0,3184,2016-03-07 10:05:42
2016-03-21 17:06:37,9964,wagon,1997,manual,66,vectra,30000,0,petrol,opel,,2016-03-21,0,15544,2016-03-25 12:30:20
2016-04-09 06:44:46,5981,small,2003,manual,165,panda,40000,7,other,fiat,no,2016-04-09,0,20319,2016-04-22 07:18:47
2016-03-24 01:25:29,5768,sedan,1999,manual,64,1er,150000,12,other,bmw,no,2016-03-24,0,2826,2016-04-12 07:09:13
2016-03-18 23:19:55,25573,,2014,auto,226,fabia,150000,8,petrol,skoda,no,2016-03-18,0,76826,2016-04-16 11:37:37
2016-03-21 12:37:26,18988,wagon,2006,manual,86,i30,60000,3,gasoline,hyundai,no,2016-03-21,0,27874,2016-04-05 10:56:35
2016-04-02 22:29:45,11538,,1999,auto,175,tiguan,150000,3,lpg,volkswagen,no,2016-04-02,0,20218,2016-04-21 04:04:10
2016-03-09 14:09:46,7458,,2008,,189,3_reihe,150000,12,,peugeot,yes,2016-03-09,0,53254,2016-03-28 04:16:03
2016-03-09 01:15:58,19807,other,1995,auto,220,2_reihe,80000,11,gasoline,mazda,no,2016-03-09,0,4235,2016-04-02 08:53:27
2016-03-29 23:59:25,10171,small,1999,auto,221,scenic,150000,6,petrol,renault,no,2016-03-29,0,9562,2016-04-24 18:50:42
2016-03-12 05:42:15,12128,wagon,1995,auto,159,superb,150000,1,petrol,skoda,,2016-03-12,0,87966,2016-03-28 10:18:01
2016-03-01 12:28:56,26283,coupe,2007,manual,225,note,150000,2,gasoline,nissan,no,2016-03-01,0,24087,2016-03-26 09:26:30
2016-03-13 20:19:17,5098,sedan,1995,manual,125,tucson,150000,0,other,hyundai,no,2016-03-13,0,20754,2016-04-05 16:08:25
2016-03-11 17:20:29,17497,suv,2002,manual,160,andere,20000,0,other,sonstige_autos,no,2016-03-11,0,46810,2016-04-02 20:12:51
2016-03-10 00:47:34,17177,convertible,2006,manual,199,qashqai,125000,1,lpg,nissan,no,2016-03-10,0,37611,2016-03-28 15:21:40
2016-04-02 18:16:07,6678,wagon,2010,manual,131,7er,80000,1,other,bmw,yes,2016-04-02,0,88246,2016-04-13 16:04:02
2016-03-06 18:22:53,6728,wagon,2011,manual,115,3_reihe,80000,0,gasoline,mazda,yes,2016-03-06,0,74680,2016-03-07 19:42:20
2016-03-18 10:44:50,16157,,2015,manual,43,qashqai,150000,9,gasoline,nissan,,2016-03-18,0,81495,2016-04-13 11:28:33
2016-04-06 15:36:40,10410,small,2004,manual,205,scenic,70000,1,petrol,renault,no,2016-04-06,0,90031,2016-04-29 01:21:19
2016-03-11 14:27:21,43769,wagon,2009,auto,205,a4,70000,10,gasoline,audi,no,2016-03-11,0,41102,2016-03-20 00:20:35
2016-03-14 12:00:15,23027,bus,2016,,47,clio,150000,0,gasoline,renault,no,2016-03-14,0,64714,2016-03-17 09:47:04
2016-03-31 15:00:42,14072,other,2010,manual,104,s60,150000,2,petrol,volvo,no,2016-03-31,0,64176,2016-04-10 05:52:39
2016-03-28 14:08:46,14704,,2007,,68,clubman,150000,1,,mini,no,2016-03-28,0,98674,2016-04-11 21:02:00
2016-04-03 02:20:00,17987,wagon,2012,manual,175,mondeo,150000,9,gasoline,ford,no,2016-04-03,0,13875,2016-04-03 05:54:33
2016-03-31 09:02:48,16475,sedan,2006,manual,205,avensis,30000,3,lpg,toyota,,2016-03-31,0,12810,2016-04-05 03:57:25
2016-03-27 00:56:56,15101,,2011,manual,166,berlingo,125000,3,other,citroen,no,2016-03-27,0,44802,2016-04-10 02:55:28
2016-03-06 00:50:56,37295,convertible,2013,auto,173,focus,150000,12,petrol,ford,no,2016-03-06,0,36506,2016-03-23 06:46:56
2016-03-30 19:28:30,11085,small,2005,manual,187,fabia,100000,11,,skoda,no,2016-03-30,0,42822,2016-04-16 12:54:59
2016-04-07 00:07:47,12329,other,2003,manual,118,andere,125000,12,gasoline,sonstige_autos,,2016-04-07,0,9014,2016-05-06 08:41:19
2016-04-05 11:34:03,31321,bus,2008,auto,150,fabia,150000,2,,skoda,no,2016-04-05,0,12700,2016-04-16 14:59:21
2016-04-07 20:54:06,10855,sedan,2013,manual,69,panda,150000,7,petrol,fiat,no,2016-04-07,0,95393,2016-04-11 08:12:02
2016-03-16 18:37:57,23940,sedan,2015,manual,117,cooper,20000,4,petrol,mini,no,2016-03-16,0,52709,2016-03-22 22:50:05
2016-04-08 07:12:20,0,bus,2010,manual,157,2_reihe,20000,3,gasoline,peugeot,no,2016-04-08,0,10198,2016-04-15 09:59:32
2016-03-25 03:48:20,11732,wagon,1999,,111,s60,150000,5,gasoline,volvo,no,2016-03-25,0,65837,2016-04-20 12:12:50
2016-03-30 15:53:22,12631,other,2002,manual,205,,100000,9,other,seat,no,2016-03-30,0,36713,2016-04-03 00:22:10
2016-03-21 17:02:40,20780,wagon,2010,manual,148,a3,125000,2,,audi,no,2016-03-21,0,76159,2016-04-13 01:39:52
2016-03-31 07:34:05,11066,small,2012,manual,81,e_klasse,80000,3,lpg,mercedes_benz,no,2016-03-31,0,84329,2016-04-11 22:46:15
2016-03-18 19:41:36,12351,sedan,2000,auto,79,,90000,9,gasoline,mazda,no,2016-03-18,0,39473,2016-04-06 20:21:13
2016-03-04 15:07:56,20179,suv,2008,manual,121,clubman,70000,8,gasoline,mini,no,2016-03-04,0,8661,2016-03-24 21:02:32
2016-03-06 06:33:06,18999,suv,1996,auto,48,astra,60000,2,gasoline,opel,no,2016-03-06,0,61324,2016-03-07 18:36:20
2016-04-05 15:58:48,29040,coupe,2010,manual,189,3_reihe,100000,1,gasoline,peugeot,no,2016-04-05,0,9158,2016-04-30 15:05:49
2016-03-25 15:32:48,22357,,2013,manual,90,q5,150000,7,gasoline,audi,no,2016-03-25,0,69308,2016-04-16 00:00:23
2016-03-22 14:56:19,11842,wagon,1998,manual,128,ibiza,125000,9,gasoline,seat,no,2016-03-22,0,75744,2016-04-14 16:17:04
2016-03-28 17:15:40,14934,small,2012,manual,135,ka,125000,11,gasoline,ford,no,2016-03-28,0,33416,2016-04-09 18:07:23
2016-03-10 16:28:58,9086,small,2015,manual,128,octavia,90000,2,cng,skoda,no,2016-03-10,0,64444,2016-03-11 01:52:54
2016-04-01 01:55:56,7319,wagon,1999,auto,235,tiguan,125000,6,other,volkswagen,yes,2016-04-01,0,28031,2016-04-12 22:20:02
2016-03-23 10:24:16,25216,sedan,2000,,139,500,10000,8,gasoline,fiat,no,2016-03-23,0,26261,2016-04-21 06:30:36
2016-03-29 10:12:38,2891,small,2000,manual,156,altea,150000,3,petrol,seat,yes,2016-03-29,0,79469,2016-04-11 11:16:06
2016-03-18 01:09:22,4829,small,1997,auto,92,tucson,150000,5,petrol,hyundai,,2016-03-18,0,87165,2016-03-29 15:47:23
2016-03-17 20:48:20,29639,sedan,2016,auto,146,q5,70000,12,petrol,audi,no,2016-03-17,0,98420,2016-03-21 16:11:08
2016-03-27 20:54:26,11726,coupe,2007,,57,e_klasse,125000,2,other,mercedes_benz,no,2016-03-27,0,96558,2016-04-10 12:09:24
2016-03-22 17:45:38,9440,,2011,manual,114,v40,125000,5,petrol,volvo,no,2016-03-22,0,14290,2016-04-04 20:21:37
2016-03-08 23:19:04,19041,suv,2000,manual,174,micra,90000,0,gasoline,nissan,no,2016-03-08,0,61719,2016-04-05 17:22:11
2016-04-03 23:00:51,11026,other,2001,manual,183,3_reihe,150000,1,gasoline,peugeot,,2016-04-03,0,45338,2016-05-01 17:11:37
2016-03-28 11:06:01,20038,sedan,2007,manual,251,3_reihe,40000,6,lpg,mazda,no,2016-03-28,0,41287,2016-04-10 07:59:11
2016-03-23 07:06:38,41204,wagon,2015,auto,171,,100000,2,gasoline,volkswagen,no,2016-03-23,0,26154,2016-04-17 07:26:12
2016-03-19 02:05:00,10395,,1995,manual,186,panda,150000,5,gasoline,fiat,no,2016-03-19,0,33949,2016-04-04 18:05:36
2016-03-11 15:59:35,35496,sedan,2013,auto,160,a3,100000,4,gasoline,audi,no,2016-03-11,0,80702,2016-03-15 07:30:18
2016-03-02 09:50:30,8941,wagon,1996,manual,0,x_reihe,150000,12,gasoline,bmw,,2016-03-02,0,49664,2016-03-22 11:08:11
2016-03-31 06:02:04,17262,sedan,2011,manual,249,tucson,150000,9,gasoline,hyundai,no,2016-03-31,0,79837,2016-04-25 16:05:02
2016-03-14 10:17:12,25850,bus,2005,manual,42,octavia,125000,6,hybrid,skoda,no,2016-03-14,0,11827,2016-03-29 05:08:04
2016-03-13 06:31:22,32873,suv,2010,manual,104,superb,150000,1,hybrid,skoda,no,2016-03-13,0,6759,2016-04-05 23:34:15
2016-03-22 02:59:07,7454,wagon,1998,manual,205,a3,100000,8,gasoline,audi,yes,2016-03-22,0,72727,2016-04-13 16:23:47
2016-03-03 03:26:08,30287,other,2008,auto,241,a6,150000,5,gasoline,audi,no,2016-03-03,0,12722,2016-03-03 05:37:56
2016-03-17 17:06:25,20420,sedan,1998,auto,202,clubman,80000,7,petrol,mini,no,2016-03-17,0,89484,2016-04-04 18:35:29
2016-03-31 09:33:19,21195,other,2013,manual,194,6_reihe,125000,4,gasoline,mazda,,2016-03-31,0,16637,2016-04-15 18:28:48
2016-03-23 06:06:19,10356,other,2007,manual,66,c3,125000,10,lpg,citroen,no,2016-03-23,0,72570,2016-04-14 04:16:51
2016-04-02 07:42:56,10234,bus,2003,manual,0,passat,125000,1,electric,volkswagen,yes,2016-04-02,0,23767,2016-04-03 22:47:52
2016-04-01 22:49:51,16300,wagon,2005,manual,100,2_reihe,125000,6,gasoline,mazda,no,2016-04-01,0,23248,2016-04-16 18:48:02
2016-04-05 07:51:08,25483,other,2010,,233,corsa,150000,7,gasoline,opel,,2016-04-05,0,57064,2016-04-27 07:40:06
2016-03-23 10:32:23,22354,other,2002,auto,176,6_reihe,80000,2,,mazda,,2016-03-23,0,8616,2016-03-26 00:47:37
2016-03-01 08:54:13,25909,sedan,2004,auto,183,,150000,4,gasoline,bmw,,2016-03-01,0,36763,2016-03-10 09:55:35
2016-04-01 09:28:18,21372,small,2002,auto,244,,150000,12,hybrid,fiat,no,2016-04-01,0,28145,2016-05-01 02:51:33
2016-03-03 11:15:05,22011,wagon,2009,manual,134,astra,10000,3,other,opel,,2016-03-03,0,64426,2016-03-08 05:16:17
2016-03-22 06:36:53,12888,sedan,1999,auto,232,fiesta,150000,7,other,ford,no,2016-03-22,0,31253,2016-04-09 04:55:07
2016-03-17 12:49:13,13786,other,2007,,228,s_klasse,125000,4,other,mercedes_benz,no,2016-03-17,0,63375,2016-03-25 14:16:57
2016-04-08 11:27:41,8004,small,1995,manual,138,c_klasse,5000,6,gasoline,mercedes_benz,no,2016-04-08,0,24383,2016-05-02 16:40:06
2016-03-08 06:53:16,35002,,2009,manual,126,megane,70000,9,gasoline,renault,no,2016-03-08,0,52769,2016-03-26 16:59:58
2016-03-22 23:16:36,16499,sedan,2004,auto,126,fabia,125000,6,gasoline,skoda,no,2016-03-22,0,18883,2016-03-25 23:51:01
2016-03-03 01:47:56,42620,convertible,2016,auto,193,andere,100000,12,,sonstige_autos,no,2016-03-03,0,54947,2016-03-09 12:02:52
2016-03-30 15:33:20,14314,suv,2001,manual,252,v40,150000,9,other,volvo,no,2016-03-30,0,58606,2016-03-31 21:06:20
2016-03-05 04:19:43,15131,convertible,1998,manual,124,qashqai,50000,10,other,nissan,no,2016-03-05,0,55722,2016-03-17 16:26:11
2016-03-24 09:16:37,25820,coupe,2007,manual,225,,70000,11,petrol,toyota,no,2016-03-24,0,10942,2016-03-29 10:22:08
2016-03-18 10:02:53,8759,small,2004,manual,174,3_reihe,150000,5,petrol,mazda,,2016-03-18,0,39400,2016-04-08 05:06:13
2016-03-15 16:48:04,17955,sedan,2008,manual,222,punto,150000,6,petrol,fiat,,2016-03-15,0,14652,2016-04-13 05:50:07
2016-03-16 07:16:15,29183,suv,2012,auto,41,1er,90000,1,petrol,bmw,no,2016-03-16,0,93064,2016-03-24 12:07:20
2016-03-04 16:58:49,68771,coupe,2013,auto,176,a4,90000,1,hybrid,audi,no,2016-03-04,0,28715,2016-03-24 02:57:54
2016-03-23 08:50:14,4924,sedan,1998,manual,54,,150000,5,petrol,citroen,no,2016-03-23,0,45464,2016-03-29 14:45:17
2016-03-31 01:36:52,11565,sedan,1999,manual,229,yaris,150000,12,gasoline,toyota,no,2016-03-31,0,15768,2016-04-09 06:38:40
2016-03-13 18:23:04,11400,coupe,1996,manual,156,forfour,150000,11,petrol,smart,no,2016-03-13,0,25641,2016-03-14 19:43:51
2016-03-03 05:28:28,14370,convertible,1996,,223,altea,125000,8,petrol,seat,no,2016-03-03,0,78454,2016-03-23 21:37:06
2016-03-12 19:47:54,7696,,2015,auto,60,altea,150000,9,petrol,seat,yes,2016-03-12,0,44190,2016-04-07 12:20:26
2016-04-09 21:41:53,10266,wagon,1995,manual,209,v70,125000,12,petrol,volvo,,2016-04-09,0,7709,2016-04-17 18:50:44
2016-04-09 05:32:50,29294,other,2014,auto,45,scenic,50000,12,gasoline,renault,no,2016-04-09,0,10330,2016-04-11 11:01:06
2016-03-22 01:03:22,4534,wagon,1995,manual,181,a_klasse,100000,2,gasoline,mercedes_benz,yes,2016-03-22,0,44324,2016-04-20 07:16:18
2016-03-27 15:58:32,16674,wagon,2010,manual,116,c_klasse,150000,11,gasoline,mercedes_benz,no,2016-03-27,0,50603,2016-03-31 06:13:43
2016-04-03 03:12:13,4707,small,2004,manual,234,andere,60000,1,gasoline,sonstige_autos,yes,2016-04-03,0,14787,2016-05-01 13:48:04
2016-04-09 15:11:02,12337,other,2005,manual,51,6_reihe,90000,12,petrol,mazda,no,2016-04-09,0,59668,2016-04-27 12:56:32
2016-03-03 00:50:18,10070,other,1995,manual,105,superb,90000,7,gasoline,skoda,,2016-03-03,0,69325,2016-03-05 02:00:57
2016-03-30 01:58:06,0,convertible,2006,auto,94,octavia,40000,10,gasoline,skoda,no,2016-03-30,0,43029,2016-04-22 11:17:56
2016-03-11 10:22:25,27411,small,2001,auto,221,c3,150000,3,,citroen,no,2016-03-11,0,6459,2016-04-09 15:37:55
2016-04-07 03:35:50,4162,other,2001,manual,89,leon,90000,12,other,seat,,2016-04-07,0,69881,2016-04-21 19:05:08
2016-03-19 08:59:19,28422,sedan,2011,manual,215,i20,150000,5,hybrid,hyundai,no,2016-03-19,0,23856,2016-03-27 20:49:53
2016-03-31 12:04:17,13771,sedan,2007,manual,101,5_reihe,125000,4,,peugeot,no,2016-03-31,0,59575,2016-04-12 03:32:38
2016-03-13 19:10:36,10845,,1997,auto,137,scenic,150000,8,petrol,renault,no,2016-03-13,0,18785,2016-03-26 01:04:52
2016-04-04 13:25:51,5233,small,1998,manual,171,i20,150000,11,,hyundai,no,2016-04-04,0,34061,2016-04-17 14:29:55
2016-03-05 07:54:57,20412,sedan,2013,manual,173,,125000,3,gasoline,mini,,2016-03-05,0,21250,2016-03-30 05:07:03
2016-03-30 15:53:50,23078,coupe,2012,,86,i30,80000,2,gasoline,hyundai,no,2016-03-30,0,72475,2016-04-21 18:11:07
2016-04-04 08:10:53,13883,other,2009,manual,182,v70,125000,2,petrol,volvo,,2016-04-04,0,43134,2016-04-24 10:54:26
2016-03-04 02:30:30,5034,small,2016,manual,87,3er,150000,11,,bmw,yes,2016-03-04,0,53791,2016-03-06 20:44:25
2016-03-17 02:45:13,0,,2014,manual,183,e_klasse,150000,9,,mercedes_benz,no,2016-03-17,0,64977,2016-03-28 14:15:01
2016-03-20 15:49:26,3957,small,2005,manual,126,fiesta,125000,7,gasoline,ford,yes,2016-03-20,0,59212,2016-04-04 04:48:22
2016-04-09 00:09:20,7955,wagon,2011,auto,95,tiguan,90000,12,other,volkswagen,yes,2016-04-09,0,72405,2016-04-14 23:19:46
2016-03-29 14:06:35,14536,,2014,manual,123,i30,150000,11,gasoline,hyundai,no,2016-03-29,0,61006,2016-04-07 16:48:13
2016-03-06 19:43:07,9447,wagon,2003,manual,78,q5,150000,1,,audi,no,2016-03-06,0,84938,2016-04-04 04:14:18
2016-03-04 06:51:28,13924,wagon,1998,manual,93,fiesta,20000,6,petrol,ford,,2016-03-04,0,23904,2016-03-07 09:06:47
2016-03-25 03:17:35,15296,sedan,2007,manual,135,s60,125000,2,gasoline,volvo,no,2016-03-25,0,83910,2016-04-10 10:19:03
2016-04-09 05:35:29,9257,other,2007,manual,78,micra,150000,8,gasoline,nissan,no,2016-04-09,0,36051,2016-04-10 20:20:53
2016-03-03 22:42:21,20831,suv,2016,auto,124,golf,40000,10,gasoline,volkswagen,yes,2016-03-03,0,82251,2016-03-04 09:55:04
2016-03-16 23:15:35,23540,wagon,2007,auto,61,scenic,150000,8,,renault,,2016-03-16,0,35899,2016-04-06 15:37:57
2016-03-21 13:53:21,14531,,2007,auto,129,e_klasse,10000,7,petrol,mercedes_benz,no,2016-03-21,0,47853,2016-04-11 16:55:15
2016-04-03 05:53:08,17350,other,2003,manual,99,superb,90000,8,gasoline,skoda,no,2016-04-03,0,91470,2016-04-09 23:17:36
2016-03-10 06:28:18,19020,wagon,2007,manual,213,tucson,40000,1,petrol,hyundai,,2016-03-10,0,35378,2016-03-17 18:49:25
2016-03-30 07:05:24,19635,suv,2004,auto,165,3er,150000,4,petrol,bmw,no,2016-03-30,0,67461,2016-04-10 06:53:20
2016-03-21 02:39:46,14251,sedan,2002,manual,204,leon,80000,3,other,seat,no,2016-03-21,0,14477,2016-04-03 07:27:15
2016-03-25 10:16:04,25468,wagon,2014,manual,59,golf,40000,9,,volkswagen,,2016-03-25,0,23629,2016-04-16 13:22:06
2016-03-01 01:22:10,6846,small,1998,manual,161,s60,100000,6,petrol,volvo,no,2016-03-01,0,53625,2016-03-29 18:24:40
2016-03-29 12:39:55,25154,coupe,1996,auto,224,scenic,150000,10,,renault,no,2016-03-29,0,74009,2016-04-07 02:37:29
2016-03-07 00:34:10,7406,wagon,2008,manual,209,fortwo,150000,3,lpg,smart,yes,2016-03-07,0,88024,2016-03-12 22:11:28
2016-04-04 21:21:57,18942,,1995,manual,199,i30,150000,11,hybrid,hyundai,no,2016-04-04,0,73057,2016-04-28 05:24:04
2016-03-01 22:43:19,17026,sedan,2003,manual,103,twingo,125000,9,hybrid,renault,no,2016-03-01,0,36656,2016-03-15 04:17:49
2016-03-30 06:07:48,17864,small,2014,manual,132,avensis,90000,5,electric,toyota,no,2016-03-30,0,33385,2016-04-13 07:21:07
2016-04-07 18:39:21,5579,small,1997,auto,84,c3,125000,4,cng,citroen,no,2016-04-07,0,58212,2016-04-29 19:24:08
2016-03-17 20:23:59,13754,small,2001,manual,177,6_reihe,150000,5,electric,mazda,no,2016-03-17,0,69666,2016-03-24 16:54:32
2016-04-08 11:55:15,12879,wagon,2002,manual,172,i30,70000,0,other,hyundai,no,2016-04-08,0,56534,2016-04-28 22:09:19
2016-03-08 18:58:10,9255,small,2005,manual,141,astra,150000,5,hybrid,opel,no,2016-03-08,0,55292,2016-03-17 07:27:49
2016-03-10 15:06:43,9560,small,1998,auto,234,tucson,100000,8,other,hyundai,no,2016-03-10,0,52849,2016-03-29 12:33:05
2016-03-20 21:45:10,7075,sedan,1996,,128,q5,150000,6,,audi,no,2016-03-20,0,41273,2016-03-23 11:41:08
2016-03-09 00:37:02,12414,small,2015,manual,162,3er,150000,11,gasoline,bmw,no,2016-03-09,0,21894,2016-03-16 20:22:03
2016-03-19 17:54:14,23784,other,1997,manual,242,i20,30000,4,gasoline,hyundai,no,2016-03-19,0,32405,2016-03-29 16:33:30
2016-03-06 01:58:45,25188,,2014,manual,251,fortwo,150000,7,petrol,smart,no,2016-03-06,0,61919,2016-03-13 17:44:20
2016-04-05 06:57:56,16486,suv,2000,manual,257,twingo,150000,7,other,renault,,2016-04-05,0,21323,2016-04-29 16:02:21
2016-03-01 21:32:50,23697,sedan,2011,manual,149,3er,80000,11,gasoline,bmw,no,2016-03-01,0,27099,2016-03-25 06:54:20
2016-04-04 21:07:38,31321,convertible,2013,manual,250,corolla,50000,8,petrol,toyota,,2016-04-04,0,5608,2016-04-07 13:08:20
2016-04-01 19:55:20,6591,small,1996,manual,222,octavia,150000,11,gasoline,skoda,no,2016-04-01,0,45633,2016-04-14 03:57:33
2016-03-13 04:11:25,18632,sedan,2015,manual,209,polo,20000,3,other,volkswagen,no,2016-03-13,0,40398,2016-04-03 07:06:09
2016-03-26 22:32:19,11157,small,2008,auto,69,focus,50000,7,petrol,ford,no,2016-03-26,0,65932,2016-04-05 22:41:13
2016-03-30 16:06:06,22716,sedan,2011,auto,169,andere,150000,6,gasoline,sonstige_autos,no,2016-03-30,0,17933,2016-04-24 13:13:36
2016-03-31 00:30:05,30710,other,2014,auto,206,fiesta,150000,2,gasoline,ford,no,2016-03-31,0,59597,2016-04-27 19:05:55
2016-04-02 05:29:40,9162,coupe,2011,manual,157,3_reihe,50000,2,other,mazda,yes,2016-04-02,0,11854,2016-04-02 06:08:09
2016-03-11 14:27:21,43769,wagon,2009,auto,205,a4,70000,10,gasoline,audi,no,2016-03-11,0,41102,2016-03-20 00:20:35
2016-03-29 14:44:13,2393,,2002,manual,123,3_reihe,150000,12,petrol,mazda,yes,2016-03-29,0,67970,2016-04-23 12:15:14
2016-03-12 13:06:06,12306,sedan,2001,manual,162,leon,90000,2,,seat,,2016-03-12,0,34369,2016-03-31 06:24:17
2016-04-01 16:56:08,12512,wagon,1998,auto,116,x_reihe,150000,11,petrol,bmw,,2016-04-01,0,95784,2016-04-21 17:06:20
2016-04-08 13:10:39,9880,wagon,1997,manual,88,i30,60000,5,other,hyundai,no,2016-04-08,0,39673,2016-04-16 10:49:53
2016-04-05 12:33:24,13913,wagon,2014,manual,177,corsa,150000,1,lpg,opel,no,2016-04-05,0,45490,2016-04-07 14:55:55
2016-04-08 10:14:04,7742,other,1996,manual,131,astra,125000,11,petrol,opel,no,2016-04-08,0,95609,2016-04-11 17:40:13
2016-03-19 14:12:19,17093,sedan,2015,manual,86,,150000,2,petrol,hyundai,no,2016-03-19,0,14486,2016-04-01 14:08:01
2016-03-26 04:27:45,11920,small,2012,manual,81,micra,5000,6,petrol,nissan,,2016-03-26,0,44883,2016-04-09 07:54:06
2016-03-13 03:16:12,19693,convertible,1996,auto,0,v40,30000,5,petrol,volvo,,2016-03-13,0,76351,2016-04-09 04:06:30
2016-03-29 02:00:58,19311,wagon,2013,manual,174,3_reihe,80000,11,petrol,mazda,no,2016-03-29,0,92087,2016-04-19 02:56:11
2016-03-10 06:33:10,21071,wagon,2008,manual,134,megane,90000,3,gasoline,renault,no,2016-03-10,0,88680,2016-03-28 09:17:47
2016-03-19 00:48:14,19488,convertible,1995,manual,257,yaris,125000,12,petrol,toyota,no,2016-03-19,0,19712,2016-03-22 01:53:54
2016-03-19 08:46:57,8808,,1996,manual,160,x_reihe,150000,3,petrol,bmw,no,2016-03-19,0,91229,2016-04-15 14:53:26
2016-03-31 22:30:52,29387,convertible,2006,manual,179,cooper,125000,0,gasoline,mini,no,2016-03-31,0,61270,2016-04-16 21:33:59
2016-03-03 19:23:33,13960,other,2016,manual,157,avensis,150000,9,petrol,toyota,no,2016-03-03,0,34888,2016-03-24 05:48:33
2016-03-25 00:28:43,20053,sedan,2004,manual,216,a6,90000,1,petrol,audi,,2016-03-25,0,54082,2016-04-14 16:43:39
2016-04-09 20:53:29,4323,small,2003,manual,75,x_reihe,150000,6,other,bmw,no,2016-04-09,0,51812,2016-05-06 16:44:41
2016-03-14 20:19:31,5456,small,1998,manual,113,touran,150000,1,petrol,volkswagen,no,2016-03-14,0,73654,2016-04-03 18:06:08
2016-04-05 13:50:48,42453,other,2014,auto,151,transporter,20000,5,gasoline,volkswagen,no,2016-04-05,0,84204,2016-04-16 22:55:32
2016-03-07 21:37:23,14201,sedan,2000,auto,158,i30,150000,10,other,hyundai,no,2016-03-07,0,63874,2016-03-18 15:24:47
2016-03-17 08:55:26,8787,,1997,manual,232,micra,150000,7,petrol,nissan,no,2016-03-17,0,94637,2016-03-30 10:16:26
2016-03-03 18:23:01,6140,,2008,manual,69,fortwo,150000,9,other,smart,,2016-03-03,0,47806,2016-03-13 00:28:58
2016-04-02 00:00:24,34961,coupe,2015,auto,78,,70000,0,gasoline,mini,no,2016-04-02,0,33253,2016-05-01 17:00:22
2016-03-18 10:13:26,19256,small,2015,manual,176,andere,150000,6,hybrid,sonstige_autos,no,2016-03-18,0,86077,2016-03-27 20:44:08
2016-03-29 22:51:45,11397,sedan,2007,manual,80,2_reihe,90000,11,other,mazda,no,2016-03-29,0,79967,2016-04-13 14:50:38
2016-03-08 00:42:52,22107,coupe,1999,manual,102,,50000,2,gasoline,toyota,,2016-03-08,0,95710,2016-03-10 15:50:53
2016-03-15 15:41:14,24625,other,2016,manual,196,zafira,150000,6,,opel,no,2016-03-15,0,93137,2016-04-07 15:58:53
2016-03-30 02:09:43,7628,other,1999,manual,72,andere,125000,5,petrol,sonstige_autos,no,2016-03-30,0,88112,2016-04-27 05:51:31
2016-03-31 19:21:36,28390,wagon,2008,manual,259,megane,100000,9,gasoline,renault,,2016-03-31,0,36968,2016-04-28 03:54:52
2016-04-02 10:16:03,12383,small,2015,manual,0,panda,70000,0,gasoline,fiat,no,2016-04-02,0,31423,2016-04-17 14:15:24
2016-03-17 14:55:14,17061,coupe,2007,,155,superb,150000,5,cng,skoda,no,2016-03-17,0,44525,2016-03-19 06:13:01
2016-04-01 21:15:32,4320,small,2004,manual,59,2_reihe,40000,7,gasoline,peugeot,yes,2016-04-01,0,63089,2016-04-13 14:46:31
2016-03-28 18:09:37,9259,sedan,2001,manual,43,superb,70000,2,gasoline,skoda,,2016-03-28,0,82453,2016-04-27 01:16:49
2016-03-07 03:18:19,11052,small,2015,manual,151,clubman,60000,6,petrol,mini,,2016-03-07,0,55147,2016-04-04 09:33:30
2016-03-16 07:31:30,16128,other,2000,manual,257,,50000,10,petrol,volkswagen,no,2016-03-16,0,48252,2016-04-12 15:08:28
2016-03-22 07:57:08,16334,sedan,2007,manual,167,ka,100000,8,petrol,ford,no,2016-03-22,0,56202,2016-04-19 22:04:05
2016-03-01 11:32:37,12160,wagon,2010,manual,48,ka,150000,11,gasoline,ford,no,2016-03-01,0,50462,2016-03-18 19:30:57
2016-03-05 14:58:31,33014,sedan,2011,auto,193,corsa,150000,9,gasoline,opel,no,2016-03-05,0,8773,2016-03-29 01:25:06
2016-03-25 05:36:34,20211,suv,1995,manual,221,tiguan,150000,11,gasoline,volkswagen,no,2016-03-25,0,78640,2016-04-03 00:35:51
2016-03-24 01:25:25,7447,,2008,auto,136,touran,100000,1,gasoline,volkswagen,yes,2016-03-24,0,74922,2016-04-16 01:56:40
2016-04-02 03:27:50,10279,small,2008,manual,250,andere,125000,1,petrol,sonstige_autos,no,2016-04-02,0,21637,2016-04-27 03:56:18
2016-03-01 01:31:15,23177,wagon,2005,manual,113,,100000,4,gasoline,nissan,,2016-03-01,0,89112,2016-03-26 14:07:55
2016-03-20 00:25:51,11541,small,2009,manual,162,forfour,60000,2,petrol,smart,no,2016-03-20,0,47760,2016-04-06 15:20:10
2016-04-01 11:05:09,6684,small,2001,,177,i30,150000,4,petrol,hyundai,,2016-04-01,0,97533,2016-04-21 10:54:03
2016-03-03 19:27:07,27008,other,2016,manual,71,tiguan,90000,6,gasoline,volkswagen,,2016-03-03,0,96082,2016-03-11 04:06:05
2016-04-06 02:40:39,29153,convertible,2006,manual,114,octavia,90000,3,gasoline,skoda,no,2016-04-06,0,12738,2016-04-20 09:48:50
2016-03-23 05:40:12,19216,sedan,2015,manual,217,5_reihe,80000,5,other,peugeot,no,2016-03-23,0,94558,2016-04-14 05:07:25
2016-03-30 19:06:55,10928,wagon,1995,manual,145,altea,150000,9,gasoline,seat,no,2016-03-30,0,18355,2016-04-06 20:43:36
2016-03-29 20:17:24,6208,sedan,1997,auto,198,i30,150000,5,petrol,hyundai,yes,2016-03-29,0,35974,2016-04-18 22:42:30
2016-04-01 02:39:04,11585,other,2004,manual,125,a6,150000,12,petrol,audi,no,2016-04-01,0,9635,2016-04-22 09:04:48
2016-03-23 08:12:29,8295,wagon,2005,manual,189,micra,10000,7,,nissan,,2016-03-23,0,3363,2016-04-18 21:04:48
2016-04-04 10:16:33,10964,small,2012,manual,209,s60,100000,11,other,volvo,no,2016-04-04,0,76646,2016-04-17 04:53:47
2016-03-19 07:55:54,22781,other,2001,,0,mondeo,5000,10,gasoline,ford,no,2016-03-19,0,72325,2016-04-05 04:40:56
2016-03-01 07:24:21,10217,sedan,2015,manual,185,a6,150000,8,gasoline,audi,yes,2016-03-01,0,62827,2016-03-11 07:07:48
2016-03-31 15:00:42,12450,small,1995,,239,a3,100000,7,petrol,audi,no,2016-03-31,0,4531,2016-04-15 19:31:52
2016-03-12 18:09:33,15888,suv,1998,manual,164,c3,125000,6,,citroen,no,2016-03-12,0,60343,2016-04-04 01:56:33
2016-04-01 02:37:43,14317,small,2004,manual,256,fiesta,125000,4,gasoline,ford,no,2016-04-01,0,34971,2016-04-05 00:16:22
2016-03-18 11:17:59,34857,coupe,2014,manual,179,1er,90000,12,gasoline,bmw,no,2016-03-18,0,15857,2016-04-17 01:58:48
2016-03-07 03:04:04,15644,coupe,1998,manual,179,,125000,1,gasoline,opel,no,2016-03-07,0,8197,2016-04-04 08:01:43
2016-03-03 20:22:01,18811,sedan,2011,auto,118,fabia,50000,5,petrol,skoda,,2016-03-03,0,75734,2016-03-30 02:46:57
2016-03-08 01:41:31,14655,sedan,2010,manual,237,2_reihe,60000,11,other,mazda,no,2016-03-08,0,58824,2016-04-04 20:14:59
2016-03-24 04:32:26,42702,suv,2010,auto,129,corsa,80000,8,gasoline,opel,no,2016-03-24,0,81395,2016-04-13 06:55:33
2016-03-18 20:50:09,16171,suv,2004,auto,68,altea,125000,9,other,seat,no,2016-03-18,0,24614,2016-04-13 03:46:29
2016-03-16 08:03:51,7079,small,2005,auto,148,focus,70000,8,gasoline,ford,yes,2016-03-16,0,57367,2016-04-09 17:22:06
2016-03-08 22:54:55,4871,sedan,1996,manual,217,micra,40000,9,other,nissan,yes,2016-03-08,0,59340,2016-04-01 01:19:08
2016-03-29 10:26:59,21092,suv,1000,manual,132,a3,125000,11,petrol,audi,no,2016-03-29,0,38765,2016-04-20 23:24:25
2016-03-15 05:47:08,8040,small,2009,manual,215,tucson,150000,0,other,hyundai,,2016-03-15,0,62324,2016-04-04 14:53:26
2016-03-15 06:09:05,32428,wagon,2004,auto,55,mondeo,60000,10,electric,ford,no,2016-03-15,0,39361,2016-03-26 12:16:19
2016-03-06 05:10:02,0,bus,2009,manual,61,tiguan,5000,2,,volkswagen,no,2016-03-06,0,3099,2016-03-20 17:35:18
2016-03-01 06:44:39,18337,bus,2009,manual,72,clio,150000,12,gasoline,renault,no,2016-03-01,0,83045,2016-03-18 04:20:16
2016-04-01 13:31:41,15916,coupe,1999,manual,118,3er,80000,11,,bmw,no,2016-04-01,0,41688,2016-04-07 14:40:46
2016-03-28 03:56:16,17508,other,2010,manual,249,,100000,0,other,audi,,2016-03-28,0,27581,2016-03-28 07:13:11
2016-04-07 19:44:04,30257,convertible,2011,manual,159,c_klasse,150000,8,gasoline,mercedes_benz,no,2016-04-07,0,84598,2016-04-12 15:10:50
2016-04-06 09:23:21,22723,suv,2016,manual,58,leon,150000,1,cng,seat,no,2016-04-06,0,15239,2016-04-14 11:25:14
2016-03-28 22:24:36,29111,,2000,auto,249,berlingo,50000,6,gasoline,citroen,no,2016-03-28,0,27325,2016-04-16 22:09:58
2016-03-14 20:20:52,25436,other,2009,manual,224,cooper,150000,1,gasoline,mini,no,2016-03-14,0,22923,2016-04-07 21:19:49
2016-03-17 07:44:26,7807,other,2004,manual,181,2_reihe,10000,5,petrol,peugeot,yes,2016-03-17,0,89136,2016-03-23 23:29:48
2016-03-26 16:01:37,31746,suv,2016,manual,237,golf,150000,1,petrol,volkswagen,no,2016-03-26,0,34587,2016-04-12 21:06:14
2016-03-29 04:19:43,13442,bus,2000,manual,136,astra,150000,4,,opel,no,2016-03-29,0,64670,2016-03-30 06:35:03
2016-03-30 13:44:26,11440,suv,1996,manual,144,tiguan,150000,1,petrol,volkswagen,,2016-03-30,0,7704,2016-04-24 21:34:25
2016-03-13 03:30:24,7254,sedan,2000,auto,121,c_klasse,125000,10,,mercedes_benz,yes,2016-03-13,0,49824,2016-03-24 04:52:06
2016-04-08 00:15:33,8555,small,2002,manual,154,scenic,125000,9,petrol,renault,,2016-04-08,0,38570,2016-04-08 18:04:09
2016-03-23 14:01:15,4190,other,1995,manual,40,i30,125000,2,petrol,hyundai,no,2016-03-23,0,29149,2016-04-02 17:40:45
2016-03-05 01:07:51,36970,suv,2011,manual,243,andere,150000,8,gasoline,sonstige_autos,no,2016-03-05,0,65288,2016-03-24 06:50:11
2016-03-14 18:14:03,24403,convertible,2010,manual,177,q5,150000,7,other,audi,no,2016-03-14,0,93753,2016-03-17 22:56:33
2016-03-06 10:56:50,19080,wagon,1997,,89,,100000,12,gasoline,mercedes_benz,no,2016-03-06,0,71780,2016-03-11 01:51:26
2016-03-07 07:06:28,15208,sedan,2014,manual,114,twingo,125000,9,petrol,renault,,2016-03-07,0,66454,2016-03-11 11:14:00
2016-03-11 11:45:17,15281,wagon,2015,manual,45,,150000,4,petrol,fiat,no,2016-03-11,0,68404,2016-03-20 12:56:09
2016-03-20 08:42:08,18339,sedan,1999,manual,229,a3,60000,10,gasoline,audi,no,2016-03-20,0,37275,2016-04-17 12:26:28
2016-04-03 03:04:39,12389,sedan,2002,manual,91,astra,5000,7,,opel,,2016-04-03,0,19640,2016-04-05 19:46:07
2016-03-07 19:36:53,1471,small,1996,manual,42,superb,150000,2,gasoline,skoda,no,2016-03-07,0,35918,2016-03-12 21:34:22
2016-03-27 08:59:40,24793,sedan,2011,auto,195,avensis,125000,4,petrol,toyota,no,2016-03-27,0,41855,2016-04-07 09:02:06
2016-04-02 23:46:17,17368,coupe,2005,manual,239,fabia,125000,11,petrol,skoda,no,2016-04-02,0,81826,2016-04-07 04:24:42
2016-04-05 11:36:32,18440,suv,2003,manual,229,tiguan,150000,5,petrol,volkswagen,no,2016-04-05,0,76127,2016-04-05 20:00:35
2016-03-15 02:14:31,6413,other,1997,manual,230,e_klasse,150000,4,gasoline,mercedes_benz,yes,2016-03-15,0,49845,2016-04-13 20:01:24
2016-04-02 23:33:09,10342,small,2015,manual,128,fortwo,150000,8,petrol,smart,,2016-04-02,0,47364,2016-04-24 10:04:58
2016-03-16 08:03:25,9533,small,2005,manual,89,500,5000,11,petrol,fiat,no,2016-03-16,0,36016,2016-03-29 01:23:04
2016-03-19 10:25:42,17868,small,2012,manual,219,altea,150000,5,gasoline,seat,no,2016-03-19,0,33395,2016-03-23 08:36:25
2016-03-12 05:03:29,18964,suv,2003,manual,169,berlingo,150000,11,petrol,citroen,no,2016-03-12,0,19189,2016-04-09 13:59:40
2016-03-04 19:41:08,49651,other,2008,auto,172,fabia,90000,9,hybrid,skoda,no,2016-03-04,0,47142,2016-03-16 16:58:09
2016-03-28 01:23:22,15408,wagon,2012,manual,149,andere,150000,8,petrol,sonstige_autos,no,2016-03-28,0,81722,2016-04-07 17:28:23
2016-03-26 08:47:20,17587,other,2004,manual,243,v70,150000,7,gasoline,volvo,no,2016-03-26,0,89242,2016-04-14 22:34:08
2016-04-04 05:02:00,24113,convertible,2005,manual,186,megane,125000,9,petrol,renault,no,2016-04-04,0,4889,2016-04-15 13:45:08
2016-03-10 00:36:53,16180,,2013,manual,123,fabia,80000,0,petrol,skoda,,2016-03-10,0,63061,2016-03-25 06:50:28
2016-04-06 05:24:45,18314,convertible,1997,manual,174,focus,80000,3,,ford,no,2016-04-06,0,62037,2016-04-09 00:11:43
2016-03-03 23:59:49,9877,,2002,manual,178,v70,150000,6,petrol,volvo,,2016-03-03,0,17473,2016-03-07 10:39:34
2016-03-08 10:36:06,35900,convertible,2009,manual,213,megane,40000,0,petrol,renault,no,2016-03-08,0,90844,2016-03-09 04:59:42
2016-03-22 11:00:39,14286,other,2005,manual,258,2_reihe,125000,12,petrol,mazda,no,2016-03-22,0,23092,2016-04-17 23:23:15
2016-03-20 20:47:44,8898,bus,2015,auto,42,i30,40000,3,other,hyundai,,2016-03-20,0,6259,2016-03-25 18:19:32
2016-03-21 14:07:22,4992,small,2011,manual,196,,50000,0,petrol,volkswagen,,2016-03-21,0,48738,2016-04-16 20:23:10
2016-04-02 20:23:07,11785,small,2014,manual,128,forfour,125000,10,petrol,smart,no,2016-04-02,0,61717,2016-04-12 07:36:08
2016-03-04 09:54:51,15015,small,2012,auto,243,berlingo,90000,10,cng,citroen,,2016-03-04,0,57559,2016-03-27 23:39:53
2016-04-03 18:45:30,15933,other,2014,auto,176,cooper,125000,2,gasoline,mini,yes,2016-04-03,0,12164,2016-04-18 14:52:58
2016-03-29 05:16:10,25667,suv,1998,manual,212,5er,80000,9,gasoline,bmw,no,2016-03-29,0,70837,2016-04-21 10:28:38
2016-04-04 01:24:56,2833,other,1999,manual,50,tucson,150000,5,gasoline,hyundai,,2016-04-04,0,72678,2016-04-21 09:54:59
2016-03-27 13:44:11,5444,other,2000,manual,164,,150000,9,petrol,toyota,yes,2016-03-27,0,1857,2016-04-01 09:28:01
2016-04-09 11:57:15,19039,small,1998,auto,196,panda,30000,11,gasoline,fiat,no,2016-04-09,0,89260,2016-04-12 09:55:41
2016-03-17 17:17:48,11858,sedan,2016,manual,60,clubman,150000,2,other,mini,no,2016-03-17,0,13299,2016-04-05 08:03:13
2016-03-01 22:25:55,12727,suv,2000,manual,96,a3,150000,3,petrol,audi,no,2016-03-01,0,20699,2016-03-05 08:35:15
2016-04-09 09:33:46,8695,other,2003,manual,148,6_reihe,150000,6,petrol,mazda,,2016-04-09,0,1428,2016-04-24 22:37:01
2016-03-28 02:31:33,18181,other,2010,manual,60,qashqai,150000,12,electric,nissan,,2016-03-28,0,99923,2016-04-15 11:52:09
2016-03-17 01:38:53,14245,convertible,2003,manual,135,punto,125000,11,cng,fiat,no,2016-03-17,0,67745,2016-03-17 11:57:18
2016-03-13 07:43:46,15438,,2015,,76,forfour,125000,5,petrol,smart,no,2016-03-13,0,68443,2016-04-05 23:51:43
2016-03-04 21:55:02,15913,other,2003,auto,149,ibiza,150000,1,gasoline,seat,no,2016-03-04,0,94783,2016-03-10 00:23:33
2016-04-04 01:52:36,25560,other,1996,auto,45,v70,30000,4,hybrid,volvo,no,2016-04-04,0,55010,2016-04-25 17:05:07
2016-04-04 01:22:14,5060,,2004,manual,103,andere,150000,10,gasoline,sonstige_autos,yes,2016-04-04,0,30037,2016-04-16 06:06:32
2016-03-29 08:18:14,8263,other,1999,manual,210,3_reihe,70000,11,other,peugeot,no,2016-03-29,0,63441,2016-04-11 07:11:55
2016-04-03 15:08:24,28964,sedan,2001,auto,243,v40,90000,8,gasoline,volvo,no,2016-04-03,0,73098,2016-04-21 14:45:21
2016-03-18 00:59:13,26927,coupe,2013,manual,227,corolla,150000,2,gasoline,toyota,no,2016-03-18,0,31218,2016-03-31 21:54:55
2016-04-07 11:01:00,9312,,1997,manual,108,q5,150000,11,gasoline,audi,no,2016-04-07,0,30470,2016-05-01 15:12:33
2016-03-10 22:24:17,14274,wagon,1995,manual,256,2_reihe,150000,8,cng,peugeot,no,2016-03-10,0,80132,2016-04-03 12:20:18
2016-03-28 02:24:28,23180,sedan,2015,manual,53,fabia,90000,1,gasoline,skoda,no,2016-03-28,0,82648,2016-04-06 14:01:36
2016-03-27 06:19:50,12109,other,2002,manual,168,qashqai,150000,9,,nissan,,2016-03-27,0,35776,2016-03-31 14:57:36
2016-03-23 08:58:45,15879,small,2005,manual,255,leon,90000,0,gasoline,seat,no,2016-03-23,0,34664,2016-04-01 21:17:50
2016-03-13 17:57:18,13128,,2003,manual,72,clubman,90000,4,gasoline,mini,no,2016-03-13,0,40093,2016-03-21 17:46:42
2016-04-06 07:26:15,12958,,1999,manual,97,micra,125000,12,gasoline,nissan,no,2016-04-06,0,19182,2016-04-12 14:42:10
2016-04-08 21:58:14,19116,suv,2000,manual,127,tucson,150000,2,gasoline,hyundai,no,2016-04-08,0,11083,2016-05-07 14:09:57
2016-03-10 00:14:03,5056,sedan,1996,manual,228,berlingo,125000,7,petrol,citroen,yes,2016-03-10,0,65697,2016-03-12 20:51:34
2016-04-07 20:40:26,32506,,2011,manual,252,clubman,150000,10,gasoline,mini,no,2016-04-07,0,20597,2016-04-24 08:17:50
2016-03-29 06:59:15,11918,small,2011,manual,173,corolla,150000,2,gasoline,toyota,no,2016-03-29,0,34249,2016-04-15 21:39:33
2016-03-10 18:24:05,31063,wagon,2015,auto,97,ibiza,150000,1,petrol,seat,,2016-03-10,0,42609,2016-03-26 03:53:16
2016-03-13 15:39:46,20537,sedan,2009,auto,95,500,30000,1,,fiat,no,2016-03-13,0,64753,2016-03-26 05:25:02
2016-04-06 17:54:32,23827,sedan,2000,auto,134,c3,5000,12,gasoline,citroen,no,2016-04-06,0,36411,2016-04-11 06:00:57
2016-03-13 05:18:24,6753,wagon,1995,auto,89,avensis,150000,12,other,toyota,no,2016-03-13,0,26918,2016-03-31 06:58:15
2016-04-02 08:55:25,21492,sedan,2016,manual,47,c_klasse,30000,7,gasoline,mercedes_benz,no,2016-04-02,0,17119,2016-04-07 05:50:17
2016-03-29 04:45:04,16228,sedan,2012,manual,84,clubman,30000,10,other,mini,,2016-03-29,0,26025,2016-04-12 22:31:15
2016-03-15 02:24:12,12884,wagon,2013,manual,65,qashqai,125000,8,other,nissan,no,2016-03-15,0,43590,2016-04-09 16:25:28
2016-03-31 04:23:02,4093,other,2001,manual,0,2_reihe,150000,4,petrol,peugeot,yes,2016-03-31,0,40058,2016-04-29 12:25:14
2016-03-24 22:54:40,5291,other,2005,manual,149,e_klasse,150000,4,petrol,mercedes_benz,yes,2016-03-24,0,74041,2016-03-26 13:35:02
2016-03-01 09:35:44,8222,,2001,manual,229,3_reihe,80000,3,gasoline,peugeot,yes,2016-03-01,0,89014,2016-03-01 17:32:45
2016-03-07 21:57:06,6231,small,1995,manual,123,andere,30000,4,other,sonstige_autos,,2016-03-07,0,62023,2016-03-13 11:09:17
2016-03-21 07:35:53,27576,,2010,manual,154,2_reihe,60000,12,petrol,peugeot,,2016-03-21,0,5509,2016-03-29 07:57:25
2016-04-01 16:37:43,0,,2000,,136,,150000,11,petrol,renault,no,2016-04-01,0,67473,2016-04-11 12:58:11
2016-04-09 20:53:39,4153,sedan,2002,manual,73,e_klasse,150000,4,gasoline,mercedes_benz,,2016-04-09,0,49839,2016-05-05 11:22:46
2016-04-02 15:33:41,13995,coupe,2004,manual,145,2_reihe,150000,3,gasoline,mazda,,2016-04-02,0,87724,2016-04-29 04:06:40
2016-03-06 02:49:52,12809,,2000,manual,215,q5,150000,11,petrol,audi,no,2016-03-06,0,17228,2016-03-23 04:55:57
2016-03-29 08:09:54,15128,convertible,2005,manual,51,e_klasse,150000,2,petrol,mercedes_benz,no,2016-03-29,0,11052,2016-04-09 09:32:54
2016-03-21 06:51:51,6154,,2008,auto,216,clubman,100000,5,petrol,mini,,2016-03-21,0,62127,2016-04-03 11:55:58
2016-04-03 06:54:43,16425,wagon,2008,manual,0,tucson,60000,7,other,hyundai,no,2016-04-03,0,48059,2016-04-04 23:18:15
2016-03-25 14:56:09,39011,wagon,2007,auto,126,andere,30000,3,gasoline,sonstige_autos,no,2016-03-25,0,54167,2016-04-11 07:08:00
2016-03-15 05:22:09,11150,wagon,2009,manual,53,superb,150000,6,other,skoda,no,2016-03-15,0,59036,2016-03-29 01:39:51
2016-03-04 08:10:08,18867,,1999,,200,s60,80000,11,gasoline,volvo,no,2016-03-04,0,68759,2016-03-08 20:42:21
2016-03-08 12:11:18,10768,convertible,2002,manual,167,a3,150000,11,other,audi,,2016-03-08,0,93421,2016-03-27 02:07:26
2016-04-09 22:46:02,4564,small,1995,manual,83,superb,90000,8,petrol,skoda,no,2016-04-09,0,58873,2016-04-18 15:34:01
2016-03-18 13:10:33,18265,other,2012,manual,196,micra,150000,12,,nissan,no,2016-03-18,0,45933,2016-03-20 07:51:49
2016-03-24 03:44:45,19050,wagon,2012,manual,41,fortwo,125000,1,gasoline,smart,,2016-03-24,0,73612,2016-04-20 00:47:41
2016-04-03 18:30:04,16713,suv,1996,manual,134,corolla,150000,9,gasoline,toyota,no,2016-04-03,0,8024,2016-04-11 20:39:34
2016-03-23 21:06:47,9555,,2009,manual,70,fiesta,30000,7,gasoline,ford,no,2016-03-23,0,21528,2016-03-28 10:23:18
2016-03-06 06:41:29,4717,wagon,1996,manual,67,andere,125000,12,other,sonstige_autos,no,2016-03-06,0,73746,2016-03-28 13:45:25
2016-03-30 18:41:48,3064,sedan,1998,manual,79,yaris,125000,12,gasoline,toyota,yes,2016-03-30,0,67571,2016-04-28 09:48:08
2016-03-10 00:39:07,21201,sedan,2013,manual,153,corolla,5000,3,,toyota,no,2016-03-10,0,78781,2016-03-12 06:46:50
2016-03-13 06:26:18,14965,,2003,manual,112,,150000,2,gasoline,opel,no,2016-03-13,0,96684,2016-04-08 18:29:21
2016-03-21 04:34:15,22334,,2013,manual,173,mondeo,60000,4,,ford,no,2016-03-21,0,58879,2016-04-05 18:40:10
2016-03-08 15:07:46,14957,,2010,manual,183,x_reihe,150000,9,petrol,bmw,no,2016-03-08,0,85650,2016-03-15 08:43:18
2016-03-04 12:02:16,7339,small,2006,manual,61,andere,150000,8,petrol,sonstige_autos,no,2016-03-04,0,78721,2016-03-23 23:08:53
2016-04-08 23:50:55,9467,small,1999,auto,257,fortwo,150000,10,other,smart,no,2016-04-08,0,33786,2016-04-20 17:33:35
2016-03-27 19:06:18,44165,coupe,2013,,108,leon,100000,0,gasoline,seat,no,2016-03-27,0,24878,2016-04-19 03:24:55
2016-03-08 14:14:47,7689,small,2002,auto,58,v40,150000,7,gasoline,volvo,no,2016-03-08,0,1465,2016-03-19 19:39:09
2016-03-21 13:50:30,15461,small,2012,auto,158,,150000,0,lpg,nissan,no,2016-03-21,0,57096,2016-04-03 20:36:29
2016-03-21 15:36:42,22876,other,2009,auto,128,3_reihe,125000,4,gasoline,peugeot,no,2016-03-21,0,75993,2016-04-10 10:09:11
2016-03-28 08:45:41,3828,small,2001,manual,92,ibiza,125000,3,other,seat,no,2016-03-28,0,28497,2016-04-21 08:00:21
2016-03-08 12:24:58,6520,other,1995,manual,184,note,150000,2,petrol,nissan,no,2016-03-08,0,68510,2016-03-13 01:47:48
2016-03-06 19:07:01,48789,,2010,auto,182,altea,40000,11,petrol,seat,no,2016-03-06,0,86413,2016-04-03 16:50:53
2016-04-08 07:35:55,29023,other,2005,auto,220,note,150000,2,gasoline,nissan,no,2016-04-08,0,21062,2016-05-01 13:55:13
2016-03-30 03:43:41,3205,,1995,manual,0,v40,150000,5,other,volvo,no,2016-03-30,0,20207,2016-04-11 10:51:01
2016-03-08 02:58:37,36666,other,2009,auto,254,andere,150000,9,gasoline,sonstige_autos,,2016-03-08,0,7451,2016-03-22 13:29:34
2016-04-03 06:43:04,18616,sedan,2011,manual,51,2_reihe,60000,4,gasoline,peugeot,no,2016-04-03,0,18243,2016-04-28 20:47:40
2016-03-18 13:08:05,26236,coupe,1999,auto,188,golf,90000,10,gasoline,volkswagen,no,2016-03-18,0,46520,2016-04-11 22:56:39
2016-03-19 14:03:32,11039,small,2004,manual,0,altea,90000,7,gasoline,seat,no,2016-03-19,0,5371,2016-03-28 06:36:44
2016-04-04 09:16:41,7904,small,2007,manual,56,3er,150000,9,petrol,bmw,no,2016-04-04,0,72500,2016-04-26 17:41:30
2016-03-07 16:53:52,12723,sedan,2005,manual,190,c_klasse,60000,10,petrol,mercedes_benz,no,2016-03-07,0,79079,2016-03-24 10:45:36
2016-03-04 03:56:00,19101,other,2013,manual,53,,5000,4,gasoline,smart,no,2016-03-04,0,72313,2016-04-02 11:04:29
2016-03-19 00:49:12,12559,suv,2000,manual,108,qashqai,125000,4,gasoline,nissan,no,2016-03-19,0,66499,2016-03-29 07:07:42
2016-03-12 12:02:35,12571,small,2012,manual,259,2_reihe,125000,2,gasoline,mazda,,2016-03-12,0,7463,2016-04-09 20:53:12
2016-03-20 02:14:01,11598,,1995,manual,142,zafira,100000,3,gasoline,opel,no,2016-03-20,0,53232,2016-04-07 05:46:41
2016-03-06 08:27:15,15500,other,2002,manual,240,ibiza,150000,10,petrol,seat,,2016-03-06,0,51140,2016-03-31 08:31:14
2016-03-09 11:03:48,19158,sedan,1999,auto,155,3er,125000,9,gasoline,bmw,no,2016-03-09,0,42770,2016-03-18 11:34:36
2016-03-01 04:21:59,16212,sedan,2004,manual,59,fiesta,80000,6,gasoline,ford,no,2016-03-01,0,20706,2016-03-02 16:19:12
2016-03-02 19:27:43,75532,suv,2009,auto,79,andere,80000,3,electric,sonstige_autos,no,2016-03-02,0,83903,2016-03-18 15:18:16
2016-03-30 07:56:06,36009,other,2013,manual,106,500,100000,6,,fiat,no,2016-03-30,0,38340,2016-04-08 11:12:00
2016-03-04 12:34:02,13035,small,2006,manual,215,panda,60000,6,gasoline,fiat,no,2016-03-04,0,1693,2016-04-01 18:07:26
2016-03-22 23:08:08,21382,coupe,2002,manual,255,fiesta,150000,11,lpg,ford,,2016-03-22,0,55304,2016-03-26 12:45:07
2016-03-05 14:19:19,35073,,2008,auto,173,megane,150000,1,gasoline,renault,,2016-03-05,0,44296,2016-03-29 09:31:32
2016-03-06 18:57:31,32997,other,2007,auto,115,s_klasse,80000,10,gasoline,mercedes_benz,,2016-03-06,0,35687,2016-03-06 20:49:25
2016-03-26 04:25:57,25016,sedan,2015,manual,253,qashqai,150000,10,gasoline,nissan,,2016-03-26,0,55838,2016-04-20 15:15:34
2016-03-21 14:43:27,22282,other,2002,auto,95,c_klasse,50000,2,gasoline,mercedes_benz,no,2016-03-21,0,33205,2016-03-30 23:47:17
2016-03-23 07:48:38,2424,small,2004,manual,79,i20,150000,12,petrol,hyundai,yes,2016-03-23,0,41831,2016-04-09 05:09:27
2016-04-01 16:36:12,13330,wagon,2001,manual,204,punto,125000,2,petrol,fiat,no,2016-04-01,0,14443,2016-04-11 02:32:07
2016-03-19 09:45:39,26358,,2016,,165,avensis,70000,7,gasoline,toyota,no,2016-03-19,0,29235,2016-04-16 11:25:06
2016-03-24 12:07:12,10834,sedan,1997,manual,59,insignia,90000,3,gasoline,opel,no,2016-03-24,0,38039,2016-04-11 11:28:52
2016-03-11 11:45:32,7610,other,2004,manual,133,i20,30000,7,petrol,hyundai,yes,2016-03-11,0,46680,2016-03-16 11:32:59
2016-03-03 07:37:18,5215,small,2014,manual,100,cooper,5000,1,petrol,mini,,2016-03-03,0,79714,2016-03-26 10:56:13
2016-03-15 14:37:56,7927,small,1999,manual,115,,80000,0,petrol,mercedes_benz,no,2016-03-15,0,99301,2016-03-16 13:29:05
2016-03-12 23:15:11,6553,small,1998,manual,46,avensis,50000,4,petrol,toyota,no,2016-03-12,0,58512,2016-03-26 11:13:58
2016-04-09 17:50:21,8952,other,2000,manual,70,vectra,100000,7,gasoline,opel,no,2016-04-09,0,5108,2016-04-19 22:50:42
2016-03-31 02:52:19,21947,other,2007,manual,0,i20,90000,4,petrol,hyundai,no,2016-03-31,0,65422,2016-04-20 20:30:37
2016-03-07 16:54:13,10716,other,2003,manual,158,golf,150000,5,petrol,volkswagen,no,2016-03-07,0,95822,2016-03-20 08:23:01
2016-03-09 10:34:36,14584,wagon,2009,manual,142,2_reihe,125000,9,other,peugeot,no,2016-03-09,0,34717,2016-03-19 11:16:00
2016-03-16 12:23:54,5454,other,1995,manual,91,forfour,150000,3,petrol,smart,no,2016-03-16,0,87597,2016-04-15 11:34:07
2016-03-09 07:20:22,37781,convertible,2009,manual,115,vectra,150000,11,hybrid,opel,no,2016-03-09,0,62597,2016-04-04 20:44:57
2016-03-18 18:48:30,15606,coupe,2002,manual,125,focus,100000,10,,ford,,2016-03-18,0,68099,2016-04-14 20:53:08
2016-03-03 13:51:41,23430,,2014,manual,0,v40,150000,0,petrol,volvo,no,2016-03-03,0,40079,2016-03-12 08:15:36
2016-03-06 03:15:58,26647,other,2016,manual,0,golf,10000,7,gasoline,volkswagen,no,2016-03-06,0,68480,2016-03-26 12:01:39
2016-03-22 06:21:41,41701,sedan,2014,auto,142,,150000,10,electric,citroen,,2016-03-22,0,4248,2016-03-30 22:10:40
2016-03-30 00:10:06,19846,bus,2008,manual,113,andere,150000,1,gasoline,sonstige_autos,no,2016-03-30,0,29447,2016-04-10 10:49:57
2016-03-18 20:10:41,11030,small,2012,manual,108,vectra,5000,11,,opel,,2016-03-18,0,82389,2016-04-10 19:18:07
2016-04-08 02:56:57,46126,,1999,auto,239,s_klasse,10000,9,gasoline,mercedes_benz,no,2016-04-08,0,47789,2016-05-08 01:46:41
2016-04-03 10:09:40,25259,suv,2004,manual,95,1er,125000,3,electric,bmw,no,2016-04-03,0,3669,2016-04-18 04:07:51
2016-04-08 07:58:05,9685,sedan,2004,manual,82,fortwo,150000,10,petrol,smart,no,2016-04-08,0,84186,2016-04-08 13:46:45
2016-04-02 11:06:33,11547,sedan,2005,manual,65,tiguan,100000,10,petrol,volkswagen,no,2016-04-02,0,18450,2016-04-30 11:22:41
2016-04-03 10:55:46,9262,small,2015,manual,109,,50000,1,other,fiat,no,2016-04-03,0,70774,2016-04-28 13:45:11
2016-03-19 00:36:49,20929,wagon,2015,manual,214,a_klasse,150000,12,lpg,mercedes_benz,no,2016-03-19,0,6326,2016-03-19 07:32:07
2016-04-05 14:32:13,15497,sedan,1998,manual,223,cooper,100000,9,gasoline,mini,no,2016-04-05,0,76948,2016-05-04 04:25:26
2016-03-12 17:38:04,27594,bus,2016,manual,258,andere,125000,10,petrol,sonstige_autos,no,2016-03-12,0,89420,2016-03-25 06:27:49
2016-04-02 08:57:18,21146,suv,2000,manual,142,c4,60000,3,gasoline,citroen,no,2016-04-02,0,52010,2016-04-28 04:36:18
2016-03-21 00:39:05,11084,sedan,2000,manual,141,insignia,150000,2,gasoline,opel,no,2016-03-21,0,85141,2016-04-18 12:02:13
2016-03-20 02:00:58,20102,suv,1995,manual,110,,60000,1,gasoline,mazda,no,2016-03-20,0,98046,2016-04-18 03:47:11
2016-03-01 00:06:52,27928,,1997,auto,257,micra,125000,0,gasoline,nissan,no,2016-03-01,0,54105,2016-03-18 19:28:56
2016-03-15 11:19:13,12493,sedan,2000,auto,73,s60,90000,4,petrol,volvo,no,2016-03-15,0,79066,2016-04-11 07:45:26
2016-03-08 05:13:01,11890,sedan,2004,manual,150,polo,150000,12,gasoline,volkswagen,no,2016-03-08,0,32931,2016-03-23 02:24:16
2016-03-01 16:24:30,8783,sedan,2000,manual,118,v40,70000,3,cng,volvo,no,2016-03-01,0,47924,2016-03-12 04:06:47
2016-03-13 12:55:09,3860,other,1996,,229,e_klasse,125000,6,lpg,mercedes_benz,,2016-03-13,0,57619,2016-03-14 19:34:05
2016-03-27 18:30:01,7997,other,2006,manual,77,berlingo,150000,11,other,citroen,,2016-03-27,0,47518,2016-04-20 11:15:51
2016-04-01 15:24:04,27443,sedan,2012,manual,181,5_reihe,5000,7,gasoline,peugeot,,2016-04-01,0,77473,2016-04-02 18:12:13
2016-04-07 15:06:18,32605,,2015,manual,0,,5000,11,petrol,mini,no,2016-04-07,0,50765,2016-05-03 13:15:14
2016-03-02 07:18:40,26145,other,2011,auto,138,c3,150000,10,gasoline,citroen,no,2016-03-02,0,32454,2016-03-17 20:50:25
2016-03-09 18:26:13,7935,small,1997,auto,104,qashqai,125000,2,gasoline,nissan,no,2016-03-09,0,45734,2016-03-21 21:04:19
2016-04-02 23:14:08,15158,suv,2009,manual,48,i30,150000,6,petrol,hyundai,no,2016-04-02,0,13614,2016-04-03 06:18:21
2016-03-21 15:31:20,7662,other,2015,manual,186,2_reihe,100000,9,petrol,mazda,yes,2016-03-21,0,37956,2016-03-22 23:27:02
2016-03-27 17:55:07,20429,,2000,manual,249,avensis,70000,7,other,toyota,no,2016-03-27,0,79232,2016-04-11 05:24:04
2016-03-13 02:44:28,25000,wagon,2005,auto,79,fiesta,80000,3,gasoline,ford,no,2016-03-13,0,2257,2016-03-15 13:29:25
2016-03-13 02:45:01,16654,wagon,2004,manual,125,2_reihe,150000,5,gasoline,peugeot,no,2016-03-13,0,28873,2016-03-26 16:17:03
2016-03-04 20:17:53,5626,small,2005,manual,104,a1,150000,1,other,audi,no,2016-03-04,0,32884,2016-03-20 15:30:35
2016-03-06 19:16:53,21795,bus,2012,manual,128,andere,150000,8,,sonstige_autos,no,2016-03-06,0,22050,2016-03-29 22:59:04
2016-03-24 19:46:58,17803,,2010,auto,129,micra,150000,7,petrol,nissan,,2016-03-24,0,39695,2016-04-19 02:03:53
2016-03-21 02:37:55,8407,suv,2005,manual,213,clio,5000,2,other,renault,yes,2016-03-21,0,84273,2016-04-10 09:04:43
2016-03-20 23:43:39,7917,,2000,manual,71,leon,150000,12,petrol,seat,no,2016-03-20,0,89474,2016-03-26 18:46:04
2016-04-06 06:41:51,4874,small,2006,manual,61,focus,150000,9,,ford,no,2016-04-06,0,25105,2016-04-13 16:46:07
2016-03-06 17:09:33,8987,other,1998,,202,v40,150000,7,gasoline,volvo,no,2016-03-06,0,93327,2016-03-11 09:30:38
2016-03-17 23:10:30,15684,coupe,1996,auto,154,3_reihe,150000,12,petrol,mazda,,2016-03-17,0,46312,2016-03-27 13:31:10
2016-03-11 04:14:58,5918,sedan,2016,manual,65,punto,150000,9,petrol,fiat,yes,2016-03-11,0,65703,2016-03-16 14:28:28
2016-03-12 06:40:38,20648,other,2016,manual,87,v40,125000,5,gasoline,volvo,no,2016-03-12,0,93679,2016-04-06 05:11:53
2016-03-16 16:39:22,13581,sedan,2014,manual,170,5_reihe,150000,7,other,peugeot,no,2016-03-16,0,20089,2016-03-30 20:48:09
2016-03-16 17:35:10,0,small,2000,manual,233,i20,150000,4,gasoline,hyundai,no,2016-03-16,0,10320,2016-04-14 08:08:09
2016-03-04 19:59:50,10737,sedan,1998,auto,88,cooper,150000,9,gasoline,mini,no,2016-03-04,0,73031,2016-03-29 10:39:24
2016-03-27 14:42:39,6390,small,2002,manual,45,v40,90000,8,petrol,volvo,no,2016-03-27,0,89577,2016-04-07 18:03:43
2016-03-13 23:27:44,14801,sedan,2009,manual,217,1er,40000,0,other,bmw,no,2016-03-13,0,95019,2016-04-10 21:36:33
2016-04-06 06:45:27,20646,wagon,2011,manual,179,micra,150000,10,,nissan,no,2016-04-06,0,88340,2016-04-12 00:44:46
2016-03-30 20:37:35,19017,sedan,2005,manual,223,s_klasse,5000,6,petrol,mercedes_benz,no,2016-03-30,0,94203,2016-04-19 19:04:39
2016-03-31 01:30:00,36605,coupe,2012,auto,222,leon,10000,9,petrol,seat,no,2016-03-31,0,24370,2016-04-14 03:29:51
2016-03-07 04:21:10,14941,other,1995,manual,171,clubman,125000,5,gasoline,mini,no,2016-03-07,0,65056,2016-04-02 16:06:47
2016-04-05 19:34:05,14550,,1995,auto,98,6_reihe,125000,9,gasoline,mazda,no,2016-04-05,0,75275,2016-04-18 17:00:38
2016-03-31 12:11:05,29720,suv,1999,auto,258,v70,125000,7,petrol,volvo,no,2016-03-31,0,53533,2016-04-19 13:20:20
2016-03-21 22:34:29,12987,sedan,2006,manual,125,megane,125000,7,other,renault,no,2016-03-21,0,18989,2016-04-02 02:28:40
2016-03-10 23:28:24,8196,suv,2004,manual,90,avensis,100000,6,gasoline,toyota,,2016-03-10,0,79179,2016-03-21 16:06:35
2016-03-09 01:42:58,16316,sedan,2015,manual,163,transporter,150000,8,lpg,volkswagen,no,2016-03-09,0,8148,2016-03-11 07:07:39
2016-03-05 16:40:22,6633,other,2001,manual,205,transporter,125000,1,petrol,volkswagen,yes,2016-03-05,0,76462,2016-03-13 14:14:02
2016-04-02 03:06:05,34644,wagon,1999,auto,234,,30000,9,petrol,nissan,no,2016-04-02,0,5507,2016-04-14 22:49:47
2016-03-16 00:35:24,15101,small,2011,,193,panda,150000,12,gasoline,fiat,no,2016-03-16,0,2564,2016-04-07 07:56:00
2016-03-01 04:40:12,10818,small,2011,auto,108,fortwo,150000,5,petrol,smart,no,2016-03-01,0,61619,2016-03-09 16:07:13
2016-04-09 01:00:50,17074,small,2012,manual,99,andere,150000,0,hybrid,sonstige_autos,,2016-04-09,0,32099,2016-04-12 18:15:00
2016-03-08 14:08:08,27604,coupe,2012,manual,163,a3,150000,3,gasoline,audi,no,2016-03-08,0,47290,2016-03-18 12:16:36
2016-03-06 03:19:03,16623,coupe,1997,manual,125,,125000,6,hybrid,peugeot,no,2016-03-06,0,18795,2016-03-23 06:35:36
2016-03-15 13:27:27,25528,coupe,2000,auto,178,5er,80000,3,gasoline,bmw,no,2016-03-15,0,99076,2016-03-25 12:47:57
2016-03-03 09:56:55,18376,bus,2011,manual,183,500,150000,0,petrol,fiat,no,2016-03-03,0,60067,2016-03-03 17:22:33
2016-03-13 09:51:40,10511,sedan,1995,auto,61,clubman,40000,8,petrol,mini,no,2016-03-13,0,58193,2016-04-10 08:25:34
2016-04-04 11:56:50,7459,,2001,manual,208,i20,150000,11,other,hyundai,no,2016-04-04,0,98877,2016-04-20 14:26:35
2016-03-06 12:26:36,16928,sedan,2009,manual,52,yaris,10000,5,petrol,toyota,,2016-03-06,0,58595,2016-03-12 15:11:01
2016-04-08 16:13:27,14977,small,2014,manual,173,fortwo,100000,3,gasoline,smart,no,2016-04-08,0,33358,2016-04-24 23:28:38
2016-04-07 10:16:31,45067,suv,2013,manual,204,panda,150000,11,electric,fiat,,2016-04-07,0,82941,2016-05-07 03:18:19
2016-03-31 16:44:26,8394,other,2005,manual,0,tiguan,150000,12,gasoline,volkswagen,yes,2016-03-31,0,80811,2016-04-01 13:34:48
2016-03-08 20:39:58,12767,other,2016,manual,154,passat,70000,9,gasoline,volkswagen,yes,2016-03-08,0,18061,2016-03-19 04:44:00
2016-03-07 01:55:02,21581,sedan,2004,manual,117,a4,40000,5,gasoline,audi,no,2016-03-07,0,34738,2016-04-05 07:37:20
2016-03-19 06:08:12,6214,small,1996,manual,97,,150000,11,electric,hyundai,no,2016-03-19,0,90108,2016-04-11 03:37:09
2016-03-09 08:28:14,15194,sedan,1999,auto,117,5_reihe,150000,12,gasoline,peugeot,no,2016-03-09,0,90721,2016-03-24 09:03:55
2016-03-19 17:15:03,3962,,2005,manual,58,fortwo,150000,5,gasoline,smart,yes,2016-03-19,0,8149,2016-04-14 12:51:03
2016-03-15 15:45:02,7425,small,2006,auto,75,forfour,150000,1,petrol,smart,no,2016-03-15,0,43124,2016-03-22 03:04:34
2016-03-24 12:14:16,7300,sedan,2015,auto,111,megane,150000,0,other,renault,yes,2016-03-24,0,54778,2016-04-12 18:03:33
2016-04-05 10:04:27,5792,sedan,2003,manual,44,yaris,150000,8,other,toyota,,2016-04-05,0,26830,2016-04-06 02:10:47
2016-03-28 23:44:00,27406,sedan,2003,auto,259,500,60000,7,gasoline,fiat,no,2016-03-28,0,45575,2016-04-22 00:48:21
2016-04-06 13:16:15,6577,small,1999,auto,118,cooper,150000,4,other,mini,no,2016-04-06,0,77165,2016-04-24 00:31:55
2016-03-08 03:54:39,10076,bus,2015,manual,165,forfour,80000,2,lpg,smart,,2016-03-08,0,38517,2016-03-14 01:10:59
2016-03-31 03:35:15,11467,small,2008,manual,165,octavia,150000,0,gasoline,skoda,no,2016-03-31,0,43130,2016-04-06 14:37:11
2016-03-22 21:22:53,9431,wagon,1995,manual,108,500,100000,0,petrol,fiat,no,2016-03-22,0,82672,2016-03-30 19:24:12
2016-03-07 04:58:53,19803,other,2007,manual,184,3_reihe,90000,2,gasoline,peugeot,no,2016-03-07,0,38967,2016-03-21 05:46:50
2016-04-09 13:57:59,24167,sedan,2015,manual,206,yaris,150000,7,petrol,toyota,no,2016-04-09,0,47366,2016-05-03 23:50:05
2016-03-26 18:52:28,29456,,2009,manual,0,qashqai,150000,5,hybrid,nissan,no,2016-03-26,0,51500,2016-04-14 08:36:46
2016-03-22 14:29:13,15410,,2007,auto,226,vectra,150000,6,other,opel,no,2016-03-22,0,48245,2016-04-05 14:35:43
2016-03-24 03:07:44,18751,other,2008,manual,92,panda,125000,6,gasoline,fiat,,2016-03-24,0,27850,2016-04-15 04:33:40
2016-04-01 05:08:42,9927,,1995,auto,124,tucson,125000,0,,hyundai,,2016-04-01,0,90406,2016-04-24 01:51:48
2016-03-25 17:24:58,19612,sedan,2016,manual,114,tucson,100000,10,lpg,hyundai,no,2016-03-25,0,58803,2016-03-27 01:57:56
2016-03-30 01:04:30,26618,convertible,2004,manual,227,i20,30000,6,petrol,hyundai,,2016-03-30,0,75223,2016-04-02 21:31:07
2016-04-09 21:53:29,36135,suv,2000,manual,169,twingo,30000,9,gasoline,renault,no,2016-04-09,0,78226,2016-05-04 05:31:56
2016-03-19 10:31:01,17902,coupe,2007,manual,181,altea,80000,11,petrol,seat,,2016-03-19,0,22935,2016-04-09 02:56:42
2016-03-14 07:44:06,27889,other,2015,auto,109,cooper,70000,1,petrol,mini,no,2016-03-14,0,24549,2016-04-01 06:37:51
2016-03-18 17:41:22,10023,,2012,manual,84,,150000,5,petrol,bmw,no,2016-03-18,0,70965,2016-04-15 11:07:32
2016-03-10 03:13:55,14320,other,2008,manual,155,s60,150000,2,gasoline,volvo,no,2016-03-10,0,30898,2016-03-14 08:52:44
2016-03-27 05:54:38,21793,other,1999,manual,152,octavia,5000,0,electric,skoda,no,2016-03-27,0,27333,2016-04-18 21:48:17
2016-04-04 20:06:26,12610,sedan,2001,auto,113,zafira,150000,3,petrol,opel,no,2016-04-04,0,2452,2016-04-30 23:05:07
2016-03-02 10:30:39,27810,,2007,manual,141,fortwo,90000,0,petrol,smart,no,2016-03-02,0,76611,2016-03-18 13:01:55
2016-03-13 10:12:39,32988,wagon,2007,manual,97,500,70000,6,electric,fiat,no,2016-03-13,0,92550,2016-04-02 14:44:20
2016-03-19 06:45:13,11254,,2003,manual,82,transporter,150000,4,gasoline,volkswagen,no,2016-03-19,0,13768,2016-03-20 09:58:36
2016-04-02 09:56:09,24088,wagon,2013,manual,229,punto,30000,4,lpg,fiat,no,2016-04-02,0,26699,2016-04-05 08:37:44
2016-03-04 20:31:12,19770,sedan,1995,auto,196,scenic,30000,9,gasoline,renault,no,2016-03-04,0,25384,2016-03-16 21:08:44
2016-03-08 23:24:35,46441,suv,2015,manual,215,3er,10000,12,,bmw,no,2016-03-08,0,94003,2016-04-01 23:32:58
2016-03-25 00:39:31,6725,convertible,2001,manual,118,500,150000,8,gasoline,fiat,yes,2016-03-25,0,64050,2016-04-17 08:54:27
2016-03-09 06:34:52,22597,sedan,2012,auto,131,a1,150000,3,gasoline,audi,no,2016-03-09,0,48241,2016-03-29 22:51:51
2016-04-01 17:09:29,10775,wagon,2001,manual,257,punto,150000,2,hybrid,fiat,yes,2016-04-01,0,61181,2016-04-23 17:58:27
2016-03-31 12:31:27,13727,small,2014,manual,141,x_reihe,30000,10,gasoline,bmw,no,2016-03-31,0,5803,2016-04-18 15:13:14
2016-03-06 20:44:22,45935,other,2016,auto,254,a6,100000,8,gasoline,audi,no,2016-03-06,0,39560,2016-03-27 14:48:26
2016-03-18 10:11:40,18712,wagon,2000,auto,187,2_reihe,150000,4,petrol,mazda,,2016-03-18,0,94862,2016-03-27 05:24:20
2016-03-26 23:16:28,9766,wagon,1997,manual,197,a3,125000,9,other,audi,no,2016-03-26,0,97853,2016-04-04 12:52:02
2016-04-07 08:20:03,5452,other,1997,manual,225,3_reihe,150000,11,gasoline,peugeot,yes,2016-04-07,0,97945,2016-04-09 02:13:21
2016-04-08 20:45:38,6400,sedan,2009,auto,119,,150000,5,cng,bmw,yes,2016-04-08,0,13179,2016-04-23 18:58:17
2016-03-31 22:50:03,26663,wagon,2011,manual,235,punto,150000,12,gasoline,fiat,,2016-03-31,0,5467,2016-04-19 06:21:08
2016-03-16 10:44:41,18355,bus,2007,manual,140,i30,60000,10,petrol,hyundai,,2016-03-16,0,69235,2016-03-19 12:07:05
2016-03-20 20:55:55,34035,suv,1997,auto,254,vectra,150000,11,petrol,opel,,2016-03-20,0,93158,2016-03-28 04:16:51
2016-03-06 21:11:19,25681,suv,2006,manual,0,scenic,150000,2,gasoline,renault,,2016-03-06,0,25980,2016-03-17 14:48:21
2016-04-02 07:43:14,20084,,2009,manual,220,fabia,10000,10,petrol,skoda,no,2016-04-02,0,77603,2016-04-06 00:41:55
2016-04-02 01:42:23,40104,suv,1998,manual,148,micra,30000,6,hybrid,nissan,no,2016-04-02,0,69512,2016-04-07 09:24:33
2016-03-26 04:47:36,17401,convertible,2001,manual,143,touran,70000,4,lpg,volkswagen,,2016-03-26,0,85071,2016-04-07 11:51:30
2016-04-05 23:57:13,6481,small,2008,manual,139,3_reihe,125000,10,petrol,peugeot,no,2016-04-05,0,50403,2016-04-22 23:00:51
2016-03-19 17:17:57,28829,suv,1995,auto,256,c4,150000,12,petrol,citroen,no,2016-03-19,0,51142,2016-03-27 05:27:43
2016-03-17 09:02:38,4107,sedan,2001,manual,70,c_klasse,150000,6,,mercedes_benz,yes,2016-03-17,0,36990,2016-04-04 08:16:35
2016-03-07 06:46:24,27701,other,2011,auto,223,octavia,150000,7,gasoline,skoda,no,2016-03-07,0,10019,2016-03-24 16:08:28
2016-03-30 05:08:52,35946,coupe,2011,manual,252,i20,150000,6,gasoline,hyundai,no,2016-03-30,0,54479,2016-04-13 22:40:52
2016-03-30 23:42:47,12120,convertible,2001,manual,92,a_klasse,125000,6,other,mercedes_benz,,2016-03-30,0,14243,2016-04-22 23:20:27
2016-04-06 22:58:01,0,convertible,1999,,259,v70,150000,5,hybrid,volvo,no,2016-04-06,0,75870,2016-04-15 10:19:37
2016-03-25 19:56:29,13470,sedan,2010,manual,117,clubman,150000,4,gasoline,mini,,2016-03-25,0,98565,2016-03-30 00:34:03
2016-03-24 09:05:24,19876,sedan,2006,auto,171,fiesta,150000,0,petrol,ford,no,2016-03-24,0,90659,2016-04-02 00:50:07
2016-03-28 19:04:52,18439,wagon,1999,manual,252,forfour,125000,9,gasoline,smart,no,2016-03-28,0,37688,2016-03-30 05:49:22
2016-04-04 23:10:39,7633,sedan,2006,manual,192,superb,80000,8,petrol,skoda,yes,2016-04-04,0,38611,2016-04-20 14:31:27
2016-03-18 15:34:43,7584,,2004,,135,a1,150000,3,petrol,audi,,2016-03-18,0,56137,2016-04-15 18:55:40
2016-03-24 20:42:32,9697,sedan,1999,auto,78,yaris,150000,10,petrol,toyota,no,2016-03-24,0,16219,2016-04-20 07:17:53
2016-03-23 00:50:41,26792,wagon,2015,,233,3_reihe,125000,8,gasoline,mazda,,2016-03-23,0,62582,2016-04-05 20:59:17
2016-03-28 20:04:21,10204,sedan,2001,manual,140,clubman,100000,7,,mini,no,2016-03-28,0,36473,2016-04-05 07:33:54
2016-03-27 02:33:31,11831,sedan,2011,manual,98,focus,125000,2,petrol,ford,no,2016-03-27,0,60817,2016-04-23 15:22:20
2016-03-23 09:53:30,10876,other,2007,manual,258,i20,150000,0,gasoline,hyundai,yes,2016-03-23,0,5324,2016-04-14 00:15:22
2016-03-27 13:17:44,0,,2005,manual,116,insignia,150000,9,gasoline,opel,no,2016-03-27,0,66461,2016-04-10 19:59:01
2016-03-18 15:30:11,14816,coupe,2003,manual,151,astra,150000,6,petrol,opel,no,2016-03-18,0,59571,2016-04-06 02:04:01
2016-04-04 15:37:40,23470,,2004,manual,100,c4,100000,8,gasoline,citroen,no,2016-04-04,0,57540,2016-04-20 19:42:49
2016-03-16 13:15:31,90000,sedan,2007,manual,41,ka,150000,12,gasoline,ford,no,2016-03-16,0,48956,2016-03-24 08:04:10
2016-03-20 01:31:17,10452,other,1999,auto,99,fiesta,150000,5,lpg,ford,,2016-03-20,0,19068,2016-04-01 21:30:35
2016-03-11 00:33:42,28050,bus,2007,,231,3er,125000,9,,bmw,no,2016-03-11,0,70099,2016-03-31 21:45:37
2016-03-04 03:06:15,15049,wagon,1996,manual,224,panda,100000,3,petrol,fiat,no,2016-03-04,0,66590,2016-04-01 09:20:33
2016-04-05 14:54:13,20243,small,2010,manual,254,6_reihe,150000,8,,mazda,no,2016-04-05,0,18237,2016-05-05 00:07:51
2016-03-06 09:54:48,14776,,2016,,120,v70,100000,2,petrol,volvo,no,2016-03-06,0,26556,2016-03-24 03:50:17
2016-04-01 20:45:56,8914,small,2001,manual,118,clubman,150000,10,hybrid,mini,no,2016-04-01,0,9907,2016-04-06 06:01:11
2016-03-01 10:36:52,13299,suv,2002,manual,225,clubman,150000,6,other,mini,no,2016-03-01,0,2654,2016-03-12 21:27:37
2016-03-13 06:06:51,11155,,2002,manual,95,c4,30000,9,other,citroen,,2016-03-13,0,41591,2016-03-15 02:57:00
2016-03-05 04:21:05,24775,convertible,1995,,119,a6,125000,2,electric,audi,no,2016-03-05,0,46303,2016-03-07 13:20:21
2016-03-12 15:04:53,7517,sedan,1995,auto,167,c4,150000,3,other,citroen,no,2016-03-12,0,10650,2016-03-19 06:00:55
2016-03-02 01:55:02,0,small,2000,auto,101,s60,60000,6,hybrid,volvo,yes,2016-03-02,0,13537,2016-03-25 07:22:32
2016-03-26 22:42:35,13443,wagon,2012,manual,64,3_reihe,150000,10,petrol,mazda,no,2016-03-26,0,94688,2016-04-25 00:27:48
2016-03-15 22:00:47,6452,wagon,2011,manual,164,c4,150000,1,petrol,citroen,yes,2016-03-15,0,66150,2016-04-11 12:21:48
2016-03-02 14:44:20,20809,sedan,2013,auto,114,7er,150000,10,petrol,bmw,,2016-03-02,0,13590,2016-03-05 05:41:13
2016-03-18 02:27:09,34740,other,2010,auto,103,,80000,10,gasoline,ford,,2016-03-18,0,92724,2016-04-03 12:22:07
2016-03-04 16:57:15,16591,sedan,2001,manual,216,clubman,150000,1,gasoline,mini,no,2016-03-04,0,90562,2016-03-28 04:11:55
2016-03-23 06:00:56,9149,,2000,manual,183,andere,150000,1,other,sonstige_autos,,2016-03-23,0,47834,2016-04-13 19:34:23
2016-03-23 20:40:42,5456,small,2000,auto,44,500,150000,7,petrol,fiat,no,2016-03-23,0,93101,2016-04-05 07:37:24
2016-04-08 09:06:10,18563,coupe,2005,manual,207,avensis,100000,7,other,toyota,no,2016-04-08,0,52881,2016-04-16 05:17:44
2016-03-08 17:26:14,26257,sedan,1997,auto,201,s60,5000,0,petrol,volvo,,2016-03-08,0,40886,2016-03-17 08:03:34
2016-03-08 14:54:55,12096,small,2016,manual,81,v70,125000,12,gasoline,volvo,,2016-03-08,0,88354,2016-03-11 11:19:26
2016-03-06 04:46:04,48236,suv,2013,manual,148,,125000,4,hybrid,volkswagen,no,2016-03-06,0,71114,2016-03-10 06:03:20
2016-03-21 11:42:34,14831,sedan,2007,auto,70,andere,150000,0,petrol,sonstige_autos,no,2016-03-21,0,69344,2016-04-08 19:45:09
2016-03-03 16:53:04,6970,sedan,2008,manual,161,andere,90000,2,petrol,sonstige_autos,,2016-03-03,0,24629,2016-03-30 17:49:24
2016-03-01 09:11:46,12859,,2015,manual,198,touran,150000,9,petrol,volkswagen,,2016-03-01,0,79648,2016-03-25 20:48:19
2016-03-13 01:11:18,29117,coupe,2006,manual,145,berlingo,50000,9,gasoline,citroen,no,2016-03-13,0,51555,2016-03-28 11:23:11
2016-03-03 02:15:15,18178,wagon,2002,,82,500,125000,5,gasoline,fiat,no,2016-03-03,0,69190,2016-03-16 12:11:27
2016-03-29 23:05:43,16582,suv,2003,manual,206,c4,150000,3,petrol,citroen,no,2016-03-29,0,49037,2016-04-02 08:16:09
2016-03-14 03:12:56,18280,suv,1996,manual,0,note,150000,0,petrol,nissan,no,2016-03-14,0,15551,2016-04-04 02:44:10
2016-03-22 16:09:43,18756,,2014,manual,107,5_reihe,90000,10,petrol,peugeot,,2016-03-22,0,10381,2016-03-26 21:31:33
2016-04-09 17:02:21,21209,other,1997,auto,245,i30,150000,2,petrol,hyundai,no,2016-04-09,0,87493,2016-04-27 00:21:02
2016-03-12 19:32:25,16693,small,2000,,168,c4,50000,12,,citroen,no,2016-03-12,0,61310,2016-03-28 00:30:52
2016-03-01 10:52:55,22972,convertible,2012,manual,96,forfour,70000,5,petrol,smart,no,2016-03-01,0,12413,2016-03-30 15:18:34
2016-04-09 10:32:55,12689,wagon,1998,manual,247,transporter,100000,4,other,volkswagen,no,2016-04-09,0,38814,2016-05-05 15:33:51
2016-03-15 22:03:25,52907,,2014,auto,158,500,20000,3,petrol,fiat,no,2016-03-15,0,47726,2016-03-25 01:57:43
2016-03-24 16:12:56,19829,wagon,2015,,209,1er,80000,3,other,bmw,,2016-03-24,0,80166,2016-04-06 10:38:43
2016-03-11 13:35:32,9835,other,2001,manual,52,superb,150000,0,gasoline,skoda,no,2016-03-11,0,25485,2016-03-12 06:09:15
2016-04-03 12:05:14,2462,small,2000,manual,147,fortwo,150000,9,petrol,smart,,2016-04-03,0,56585,2016-04-20 12:44:22
2016-03-19 11:25:11,7255,small,2010,auto,250,ka,150000,3,petrol,ford,yes,2016-03-19,0,79263,2016-04-13 22:53:09
2016-03-30 23:58:20,30813,bus,2012,auto,231,fortwo,80000,1,gasoline,smart,no,2016-03-30,0,92577,2016-04-21 03:01:05
2016-03-21 02:50:25,25753,other,2012,manual,246,,125000,7,gasoline,sonstige_autos,no,2016-03-21,0,13448,2016-03-29 22:57:40
2016-03-06 03:02:49,13647,sedan,1999,manual,258,golf,150000,3,gasoline,volkswagen,,2016-03-06,0,32853,2016-03-31 02:46:21
2016-03-17 23:01:09,24223,wagon,2007,manual,72,3er,60000,6,gasoline,bmw,no,2016-03-17,0,68154,2016-03-22 09:16:04
2016-04-09 05:37:53,18746,wagon,1997,manual,253,clio,90000,7,gasoline,renault,,2016-04-09,0,1346,2016-04-29 02:30:24
2016-04-03 13:07:37,53342,wagon,2014,auto,177,forfour,10000,12,gasoline,smart,no,2016-04-03,0,53191,2016-04-28 20:46:48
2016-03-12 10:41:12,13996,sedan,2000,auto,120,a1,125000,3,petrol,audi,,2016-03-12,0,68995,2016-04-08 13:18:28
2016-03-09 02:25:38,26686,convertible,2000,auto,201,yaris,100000,5,gasoline,toyota,no,2016-03-09,0,29007,2016-03-13 14:09:25
2016-03-13 23:54:53,13656,wagon,2012,manual,51,ibiza,150000,8,other,seat,no,2016-03-13,0,67995,2016-04-06 09:27:43
2016-03-18 03:59:58,26980,other,2014,manual,221,6_reihe,5000,5,petrol,mazda,,2016-03-18,0,15759,2016-04-14 15:47:39
2016-03-25 23:22:55,29558,wagon,2010,manual,258,7er,70000,0,,bmw,no,2016-03-25,0,24833,2016-04-12 16:53:55
2016-04-03 05:32:43,14812,other,2002,manual,191,v70,125000,1,gasoline,volvo,no,2016-04-03,0,23348,2016-04-18 04:14:50
2016-03-28 09:42:10,10038,,2008,manual,150,s_klasse,150000,4,petrol,mercedes_benz,no,2016-03-28,0,45647,2016-03-31 21:57:35
2016-04-09 15:41:13,14214,bus,2007,manual,55,superb,150000,11,petrol,skoda,no,2016-04-09,0,80575,2016-04-21 00:31:17
2016-03-23 09:12:33,20321,coupe,2008,manual,127,note,100000,7,gasoline,nissan,no,2016-03-23,0,56318,2016-03-25 11:48:56
2016-03-23 14:52:03,19363,coupe,1997,manual,170,3_reihe,60000,1,petrol,peugeot,no,2016-03-23,0,16987,2016-04-20 02:59:03
2016-03-07 11:58:15,19731,wagon,2013,manual,90,qashqai,150000,9,petrol,nissan,no,2016-03-07,0,51282,2016-04-05 08:46:54
2016-04-05 02:55:40,12459,small,2000,auto,199,leon,150000,4,gasoline,seat,no,2016-04-05,0,11716,2016-04-26 23:17:43
2016-04-09 02:00:50,11598,other,2000,manual,80,500,70000,7,petrol,fiat,no,2016-04-09,0,57410,2016-05-06 00:06:51
2016-03-02 02:22:02,12433,,1996,manual,163,ibiza,150000,10,petrol,seat,no,2016-03-02,0,19654,2016-03-12 08:42:23
2016-03-12 14:12:25,3938,wagon,2002,auto,40,clio,90000,9,lpg,renault,,2016-03-12,0,55553,2016-04-08 00:02:21
2016-03-18 19:32:04,26801,suv,1998,auto,117,i20,20000,3,petrol,hyundai,,2016-03-18,0,14386,2016-03-22 06:25:35
2016-03-27 10:39:03,2434,sedan,1997,manual,60,superb,150000,6,gasoline,skoda,yes,2016-03-27,0,23478,2016-04-11 08:11:48
2016-03-13 23:40:05,13007,sedan,2003,manual,139,twingo,40000,1,,renault,no,2016-03-13,0,16814,2016-04-05 01:16:43
2016-03-11 23:11:57,31130,sedan,2003,auto,223,cooper,150000,0,hybrid,mini,no,2016-03-11,0,89347,2016-03-24 21:11:53
2016-03-23 13:28:36,14735,sedan,2016,manual,57,yaris,150000,1,petrol,toyota,no,2016-03-23,0,86006,2016-04-07 08:18:19
2016-03-08 11:55:22,0,other,1999,auto,187,ibiza,125000,8,petrol,seat,no,2016-03-08,0,28403,2016-03-15 11:15:01
2016-03-07 16:54:06,31089,,2014,auto,138,avensis,70000,11,petrol,toyota,no,2016-03-07,0,91060,2016-03-14 14:26:04
2016-03-14 06:28:50,13130,suv,2002,manual,151,mondeo,150000,1,petrol,ford,no,2016-03-14,0,16296,2016-04-10 02:28:03
2016-03-06 20:12:08,10301,suv,2000,manual,113,cooper,150000,2,,mini,no,2016-03-06,0,18308,2016-03-07 22:00:32
2016-03-03 03:13:05,19601,,1999,manual,226,berlingo,10000,0,petrol,citroen,,2016-03-03,0,51316,2016-03-31 19:07:06
2016-03-18 00:43:43,15364,other,2010,manual,252,twingo,80000,4,petrol,renault,no,2016-03-18,0,41650,2016-03-21 23:51:12
2016-03-04 09:19:47,27963,small,2014,manual,90,superb,30000,3,electric,skoda,no,2016-03-04,0,10963,2016-03-28 01:16:20
2016-03-11 17:38:52,13340,wagon,1996,manual,237,zafira,60000,9,lpg,opel,no,2016-03-11,0,90711,2016-03-24 22:32:34
2016-03-26 05:39:43,21278,coupe,2001,manual,225,forfour,80000,6,petrol,smart,no,2016-03-26,0,87731,2016-04-19 03:43:40
2016-03-12 09:20:09,20255,suv,2015,manual,80,e_klasse,125000,2,petrol,mercedes_benz,no,2016-03-12,0,82256,2016-04-10 10:03:31
2016-03-04 17:18:35,6277,small,2007,manual,76,500,125000,8,gasoline,fiat,no,2016-03-04,0,17374,2016-03-12 10:20:40
2016-03-21 19:00:51,23338,,2005,manual,252,i20,100000,2,gasoline,hyundai,no,2016-03-21,0,76230,2016-03-31 13:25:32
2016-03-16 13:17:32,21764,convertible,2015,manual,43,note,150000,2,gasoline,nissan,no,2016-03-16,0,83237,2016-04-01 08:23:28
2016-03-10 02:28:31,17923,sedan,2014,manual,62,c3,125000,12,petrol,citroen,no,2016-03-10,0,52047,2016-03-13 02:08:14
2016-03-31 14:07:36,21295,convertible,2014,manual,95,5_reihe,150000,4,petrol,peugeot,no,2016-03-31,0,63467,2016-04-11 13:59:34
2016-03-12 22:48:04,27570,other,2016,manual,92,i20,80000,9,gasoline,hyundai,,2016-03-12,0,72013,2016-03-23 18:49:58
2016-03-04 22:54:12,24952,convertible,1995,manual,206,ibiza,60000,6,petrol,seat,no,2016-03-04,0,31064,2016-04-03 14:25:27
2016-03-19 21:08:51,24416,sedan,2012,manual,94,ibiza,100000,8,gasoline,seat,no,2016-03-19,0,32681,2016-04-16 12:05:06
2016-03-13 17:26:32,22979,wagon,2016,manual,82,focus,60000,1,lpg,ford,no,2016-03-13,0,44678,2016-03-22 19:00:48
2016-03-29 15:37:49,17721,suv,2009,manual,74,s_klasse,150000,10,petrol,mercedes_benz,no,2016-03-29,0,56519,2016-04-10 06:45:53
2016-03-19 08:01:49,17261,,2006,manual,204,micra,150000,2,,nissan,no,2016-03-19,0,12961,2016-03-24 06:59:47
2016-03-03 11:38:04,18101,sedan,1998,manual,139,berlingo,150000,5,hybrid,citroen,no,2016-03-03,0,31652,2016-03-05 23:26:04
2016-03-22 01:10:27,26876,sedan,2007,auto,226,x_reihe,30000,3,petrol,bmw,no,2016-03-22,0,5948,2016-03-31 04:45:47
2016-03-06 10:08:14,10057,suv,2006,manual,76,fortwo,150000,1,,smart,no,2016-03-06,0,54283,2016-03-07 05:50:59
2016-03-14 09:36:52,18400,,2012,manual,86,altea,80000,2,petrol,seat,no,2016-03-14,0,85254,2016-04-05 16:35:40
2016-03-15 05:55:29,0,wagon,1997,manual,83,panda,150000,6,gasoline,fiat,,2016-03-15,0,79983,2016-03-21 14:36:55
2016-03-15 13:17:07,46180,sedan,2010,manual,193,punto,30000,6,electric,fiat,,2016-03-15,0,64041,2016-04-11 16:08:14
2016-03-21 18:09:26,4989,small,1998,manual,113,a_klasse,150000,11,petrol,mercedes_benz,no,2016-03-21,0,85931,2016-04-10 02:57:42
2016-03-20 14:52:13,45616,,2016,auto,213,5er,150000,0,petrol,bmw,,2016-03-20,0,65734,2016-04-05 15:16:37
2016-04-08 17:15:00,30783,wagon,2010,manual,205,andere,40000,12,,sonstige_autos,no,2016-04-08,0,32540,2016-04-16 04:39:00
2016-03-13 20:38:29,27925,coupe,2016,manual,123,1er,60000,4,gasoline,bmw,,2016-03-13,0,82304,2016-04-10 16:10:56
2016-03-07 21:03:28,24310,,2008,auto,219,fortwo,150000,2,petrol,smart,no,2016-03-07,0,2910,2016-03-21 05:20:47
2016-03-22 17:21:12,32111,convertible,2005,manual,159,insignia,30000,10,gasoline,opel,no,2016-03-22,0,37011,2016-03-30 06:07:59
2016-03-17 07:27:23,35130,convertible,2005,auto,216,vectra,30000,0,petrol,opel,no,2016-03-17,0,8623,2016-04-13 02:32:56
2016-03-28 07:07:44,4830,small,2005,manual,50,c_klasse,40000,11,hybrid,mercedes_benz,yes,2016-03-28,0,33817,2016-04-05 19:45:57
2016-03-17 17:25:51,9443,sedan,1997,manual,135,micra,150000,4,gasoline,nissan,no,2016-03-17,0,57370,2016-04-10 18:55:58
2016-04-05 05:30:15,7379,small,2003,manual,175,tiguan,150000,9,gasoline,volkswagen,no,2016-04-05,0,64044,2016-04-24 16:31:13
2016-04-01 01:29:14,14151,,2002,manual,178,andere,70000,9,petrol,sonstige_autos,no,2016-04-01,0,83884,2016-04-04 09:07:31
2016-04-09 07:17:00,10638,other,2001,manual,108,clubman,150000,5,petrol,mini,no,2016-04-09,0,65291,2016-05-06 07:54:39
2016-03-25 14:52:24,15431,sedan,1998,manual,123,a6,60000,7,,audi,no,2016-03-25,0,44520,2016-04-12 09:46:42
2016-03-13 16:00:08,8527,wagon,2004,auto,0,clubman,100000,11,petrol,mini,yes,2016-03-13,0,27963,2016-03-30 01:58:53
2016-03-10 00:38:04,16484,wagon,2008,manual,259,3_reihe,150000,10,,peugeot,,2016-03-10,0,68768,2016-03-13 11:39:32
2016-03-17 10:48:19,7128,other,1998,auto,95,q5,30000,4,petrol,audi,yes,2016-03-17,0,87511,2016-03-30 22:21:56
2016-04-09 02:16:50,9343,small,2007,manual,76,3_reihe,100000,2,gasoline,peugeot,no,2016-04-09,0,33542,2016-04-10 00:16:31
2016-03-22 12:46:22,7225,other,2001,auto,176,,40000,3,other,ford,yes,2016-03-22,0,12672,2016-04-10 17:35:24
2016-03-15 12:44:50,10776,other,1996,manual,221,a1,125000,8,petrol,audi,,2016-03-15,0,72125,2016-03-29 22:24:05
2016-03-13 02:36:37,22630,sedan,1997,manual,221,avensis,5000,9,gasoline,toyota,no,2016-03-13,0,10097,2016-03-16 00:42:41
2016-03-02 09:18:23,48747,suv,2011,auto,57,i30,5000,10,gasoline,hyundai,,2016-03-02,0,83087,2016-03-26 15:11:23
2016-03-30 11:17:03,15553,wagon,2009,manual,81,twingo,50000,9,lpg,renault,no,2016-03-30,0,28451,2016-04-27 15:59:02
2016-03-30 01:53:41,4758,other,2004,manual,168,a4,90000,10,other,audi,yes,2016-03-30,0,82439,2016-04-17 21:06:03
2016-03-09 05:12:44,21442,sedan,2014,,146,5_reihe,150000,2,gasoline,peugeot,no,2016-03-09,0,59888,2016-03-26 09:59:32
2016-03-05 18:20:49,16705,wagon,1996,manual,206,fortwo,70000,7,gasoline,smart,,2016-03-05,0,71733,2016-03-31 10:52:12
2016-04-06 20:02:22,11391,,1999,,121,2_reihe,60000,3,petrol,peugeot,no,2016-04-06,0,36144,2016-05-03 08:58:56
2016-03-25 22:22:14,21490,suv,2012,manual,245,avensis,150000,10,petrol,toyota,,2016-03-25,0,67310,2016-03-26 11:42:48
2016-04-07 21:38:02,12204,small,2014,manual,101,x_reihe,150000,11,gasoline,bmw,no,2016-04-07,0,94179,2016-05-06 09:36:01
2016-03-11 14:46:03,6947,sedan,1996,,97,fabia,150000,4,gasoline,skoda,no,2016-03-11,0,58813,2016-04-08 08:33:21
2016-04-09 12:57:11,18374,sedan,2013,manual,254,micra,125000,9,petrol,nissan,,2016-04-09,0,58979,2016-04-15 23:06:07
2016-03-27 04:51:04,13097,bus,1996,auto,137,c4,125000,8,gasoline,citroen,no,2016-03-27,0,15814,2016-04-09 19:09:13
2016-03-05 02:38:56,37869,wagon,2016,manual,175,,60000,5,gasoline,ford,no,2016-03-05,0,95931,2016-03-09 19:09:30
2016-03-09 04:31:20,18226,other,2015,manual,0,6_reihe,150000,12,gasoline,mazda,no,2016-03-09,0,59368,2016-03-17 06:33:14
2016-03-08 04:43:48,12107,small,2016,auto,234,focus,70000,12,gasoline,ford,yes,2016-03-08,0,94600,2016-03-29 07:54:04
2016-03-25 14:10:31,6722,wagon,2001,manual,225,,125000,6,petrol,hyundai,yes,2016-03-25,0,48957,2016-04-02 04:09:20
2016-03-22 20:20:51,23686,sedan,2015,manual,191,leon,30000,4,gasoline,seat,no,2016-03-22,0,14857,2016-04-02 10:24:03
2016-03-06 02:04:19,9740,sedan,1999,manual,126,clubman,150000,9,gasoline,mini,no,2016-03-06,0,14768,2016-03-13 02:06:12
2016-03-10 06:31:32,16230,coupe,2002,manual,128,forfour,100000,7,gasoline,smart,no,2016-03-10,0,61111,2016-03-22 03:25:37
2016-03-22 02:38:48,9831,small,2007,manual,157,6_reihe,150000,7,gasoline,mazda,no,2016-03-22,0,71858,2016-04-03 11:57:10
2016-04-01 00:29:23,28512,suv,2001,manual,234,mondeo,60000,9,petrol,ford,,2016-04-01,0,69897,2016-04-07 07:41:20
2016-03-12 23:22:19,6656,sedan,2003,manual,236,transporter,70000,4,petrol,volkswagen,,2016-03-12,0,3417,2016-03-19 22:14:18
2016-03-11 14:17:23,20325,other,2013,manual,259,fabia,150000,6,,skoda,no,2016-03-11,0,80544,2016-03-15 07:42:28
2016-03-31 12:00:11,13239,small,2011,manual,137,a6,125000,0,hybrid,audi,,2016-03-31,0,16362,2016-04-09 06:50:21
2016-03-20 01:18:05,3841,small,2000,manual,53,altea,150000,10,other,seat,no,2016-03-20,0,51403,2016-04-01 21:07:02
2016-03-22 07:33:07,8239,coupe,2006,manual,165,c3,150000,9,petrol,citroen,yes,2016-03-22,0,74115,2016-04-02 09:57:34
2016-03-14 07:21:31,19010,other,2013,manual,205,touran,125000,10,petrol,volkswagen,,2016-03-14,0,99398,2016-04-04 21:09:47
2016-03-06 20:13:40,8290,small,2000,manual,188,fortwo,150000,8,gasoline,smart,no,2016-03-06,0,61604,2016-03-20 03:20:25
2016-03-16 17:58:06,11012,small,1997,manual,183,passat,80000,12,electric,volkswagen,no,2016-03-16,0,16337,2016-04-04 08:15:48
2016-04-02 01:03:39,17266,coupe,2003,,129,twingo,30000,4,petrol,renault,no,2016-04-02,0,74086,2016-04-10 08:02:53
2016-03-15 08:58:16,25894,convertible,2013,manual,0,fortwo,125000,7,,smart,no,2016-03-15,0,60579,2016-03-30 08:12:35
2016-03-24 02:52:33,6295,small,1999,manual,71,2_reihe,125000,7,gasoline,mazda,no,2016-03-24,0,70219,2016-04-17 09:54:15
2016-04-08 00:25:04,26075,wagon,1999,auto,221,scenic,125000,1,gasoline,renault,no,2016-04-08,0,1886,2016-05-04 07:57:12
2016-03-08 23:06:18,31141,coupe,2014,manual,172,v70,125000,11,gasoline,volvo,no,2016-03-08,0,19617,2016-03-27 14:57:00
2016-03-29 17:59:45,5304,,2001,auto,104,i20,150000,10,,hyundai,,2016-03-29,0,52568,2016-04-11 02:06:08
2016-04-08 14:06:18,13909,other,1999,manual,219,forfour,150000,9,gasoline,smart,no,2016-04-08,0,17143,2016-04-09 18:17:56
2016-03-03 11:49:28,4924,sedan,2008,manual,122,tucson,150000,1,petrol,hyundai,yes,2016-03-03,0,2121,2016-03-10 08:59:11
2016-03-07 02:40:57,24986,other,2005,auto,209,cooper,150000,11,petrol,mini,no,2016-03-07,0,76115,2016-04-01 22:50:28
2016-03-14 07:49:29,5396,small,1995,manual,87,c4,125000,11,gasoline,citroen,no,2016-03-14,0,45828,2016-04-04 09:52:03
2016-03-28 05:42:58,39606,wagon,2005,auto,236,5_reihe,150000,12,hybrid,peugeot,no,2016-03-28,0,16456,2016-04-14 13:13:38
2016-03-04 09:21:15,24144,other,2007,manual,159,note,125000,10,hybrid,nissan,,2016-03-04,0,67780,2016-03-14 20:00:10
2016-03-27 10:17:28,37768,sedan,2014,manual,244,v70,150000,1,electric,volvo,no,2016-03-27,0,66374,2016-04-01 13:37:17
2016-03-07 12:19:32,57378,suv,2010,auto,137,3_reihe,125000,5,gasoline,peugeot,no,2016-03-07,0,82982,2016-03-08 05:49:53
2016-04-07 16:57:55,12412,other,2010,manual,60,berlingo,150000,11,gasoline,citroen,no,2016-04-07,0,35265,2016-04-23 07:23:47
2016-03-30 04:32:32,14257,other,2016,manual,54,cooper,150000,0,petrol,mini,no,2016-03-30,0,96879,2016-04-02 17:19:08
2016-03-04 09:55:55,46702,wagon,2016,manual,175,c_klasse,60000,12,hybrid,mercedes_benz,no,2016-03-04,0,7130,2016-03-24 11:27:27
2016-03-06 23:55:20,5117,sedan,2001,manual,66,andere,30000,3,,sonstige_autos,yes,2016-03-06,0,91967,2016-03-25 20:50:58
2016-03-04 03:08:50,16059,,2015,,66,s60,150000,7,,volvo,no,2016-03-04,0,56617,2016-03-06 12:49:17
2016-03-28 07:50:18,46323,wagon,2015,auto,240,cooper,150000,2,gasoline,mini,,2016-03-28,0,4184,2016-04-09 01:57:05
2016-03-09 16:46:14,9100,coupe,2005,manual,104,fortwo,150000,8,other,smart,no,2016-03-09,0,10774,2016-04-05 15:39:25
2016-03-25 06:19:01,31406,other,2011,manual,192,andere,10000,12,gasoline,sonstige_autos,no,2016-03-25,0,6954,2016-03-30 04:39:01
2016-03-25 00:41:15,18118,other,2011,manual,196,,150000,11,gasoline,bmw,no,2016-03-25,0,93185,2016-03-31 05:12:48
2016-03-28 20:13:38,10155,sedan,2000,manual,165,megane,150000,9,petrol,renault,no,2016-03-28,0,74262,2016-04-03 18:12:18
2016-03-21 05:01:22,25636,sedan,2005,manual,192,500,125000,9,hybrid,fiat,no,2016-03-21,0,2810,2016-04-08 12:18:44
2016-03-13 20:04:20,16460,,2015,auto,75,qashqai,150000,4,gasoline,nissan,,2016-03-13,0,11593,2016-03-17 15:36:05
2016-03-08 13:34:50,20540,wagon,2007,manual,219,,150000,7,gasoline,mazda,no,2016-03-08,0,62016,2016-03-31 00:29:40
2016-03-03 19:07:03,18584,,2008,manual,79,cooper,125000,7,petrol,mini,no,2016-03-03,0,41129,2016-03-14 23:01:17
2016-03-31 02:16:03,7081,other,2010,manual,151,andere,150000,1,gasoline,sonstige_autos,yes,2016-03-31,0,23523,2016-04-29 22:50:15
2016-03-12 15:23:30,15814,other,2005,manual,43,megane,150000,3,,renault,no,2016-03-12,0,53898,2016-04-04 23:24:36
2016-03-10 07:09:45,57862,coupe,2015,auto,227,3er,80000,11,,bmw,no,2016-03-10,0,16990,2016-04-04 16:22:54
2016-03-29 10:58:15,8647,sedan,2000,manual,175,micra,90000,2,cng,nissan,no,2016-03-29,0,43312,2016-04-26 10:41:16
2016-03-06 18:45:36,12197,other,2004,manual,162,fabia,150000,0,,skoda,no,2016-03-06,0,74068,2016-03-06 22:03:15
2016-03-12 10:16:41,25225,bus,2013,auto,58,2_reihe,100000,2,lpg,mazda,,2016-03-12,0,24387,2016-03-13 03:49:13
2016-03-11 07:28:06,24090,other,2011,auto,54,micra,100000,5,petrol,nissan,no,2016-03-11,0,29637,2016-03-16 15:27:04
2016-03-24 01:22:51,16236,bus,2001,manual,182,passat,125000,6,gasoline,volkswagen,no,2016-03-24,0,38198,2016-04-21 00:47:35
2016-03-26 04:13:45,6665,small,2007,manual,120,altea,150000,6,petrol,seat,no,2016-03-26,0,35622,2016-04-02 07:14:32
2016-04-09 08:22:18,0,small,2008,manual,226,superb,150000,3,other,skoda,yes,2016-04-09,0,74101,2016-04-30 11:14:35
2016-03-16 19:41:53,14954,sedan,2010,manual,193,corsa,70000,12,petrol,opel,no,2016-03-16,0,2933,2016-03-16 21:27:42
2016-03-25 01:40:30,22341,convertible,2008,manual,105,altea,60000,9,gasoline,seat,no,2016-03-25,0,89397,2016-03-31 09:13:00
2016-04-01 19:46:47,9281,sedan,2003,manual,247,tucson,125000,11,other,hyundai,no,2016-04-01,0,73227,2016-04-14 01:54:16
2016-04-07 15:53:11,17921,other,2015,manual,197,5er,5000,10,,bmw,no,2016-04-07,0,6410,2016-04-26 12:52:49
2016-03-09 02:18:17,9362,other,2001,manual,131,6_reihe,125000,5,other,mazda,no,2016-03-09,0,36681,2016-04-07 22:50:57
2016-03-14 06:50:26,16780,sedan,2012,manual,146,clubman,100000,8,petrol,mini,no,2016-03-14,0,28772,2016-03-22 16:29:29
2016-03-25 15:16:29,31247,wagon,2002,manual,172,scenic,50000,1,hybrid,renault,no,2016-03-25,0,62240,2016-04-21 05:28:19
2016-04-07 11:25:00,13253,convertible,2015,auto,219,yaris,150000,10,lpg,toyota,yes,2016-04-07,0,94748,2016-04-11 18:41:33
2016-03-25 16:58:34,12863,,2002,manual,226,clubman,125000,7,other,mini,no,2016-03-25,0,80018,2016-04-03 19:11:46
2016-03-06 23:35:09,15245,convertible,2006,manual,60,a6,50000,5,other,audi,no,2016-03-06,0,41436,2016-03-30 15:31:07
2016-03-25 16:10:17,8823,sedan,2002,manual,253,corolla,150000,11,other,toyota,no,2016-03-25,0,7230,2016-04-15 04:55:12
2016-04-01 13:36:00,12565,small,2009,manual,236,yaris,100000,5,petrol,toyota,,2016-04-01,0,84746,2016-04-12 15:36:31
2016-03-22 03:29:27,20519,other,2016,manual,155,v70,150000,12,petrol,volvo,,2016-03-22,0,51131,2016-04-09 12:44:38
2016-03-27 05:08:04,6928,,2001,manual,81,,150000,9,gasoline,audi,no,2016-03-27,0,90566,2016-04-19 16:10:19
2016-03-20 01:54:19,2469,small,1997,manual,132,2_reihe,150000,12,gasoline,mazda,yes,2016-03-20,0,15466,2016-04-07 18:25:12
2016-03-12 02:55:20,20892,sedan,2001,auto,147,touran,5000,3,petrol,volkswagen,no,2016-03-12,0,46392,2016-03-18 15:28:44
2016-03-09 23:22:47,17405,convertible,1998,manual,47,3_reihe,50000,5,gasoline,peugeot,no,2016-03-09,0,22371,2016-04-05 14:16:53
2016-03-12 07:19:18,7897,small,2000,manual,184,3_reihe,150000,4,petrol,peugeot,no,2016-03-12,0,63474,2016-03-27 16:58:56
2016-03-05 18:28:21,46016,other,2015,manual,218,forfour,40000,7,hybrid,smart,no,2016-03-05,0,61456,2016-04-03 22:47:38
2016-04-03 08:15:56,25278,convertible,2011,auto,42,,150000,9,gasoline,mercedes_benz,,2016-04-03,0,56654,2016-04-14 04:20:40
2016-03-31 05:43:08,34864,,2016,manual,148,andere,125000,9,gasoline,sonstige_autos,no,2016-03-31,0,24085,2016-04-14 22:07:12
2016-03-30 21:17:04,20761,coupe,2002,manual,53,berlingo,70000,12,,citroen,no,2016-03-30,0,23462,2016-04-29 09:17:50
2016-03-13 12:05:24,9852,sedan,2003,manual,73,6_reihe,150000,10,gasoline,mazda,no,2016-03-13,0,22647,2016-04-07 02:07:56
2016-03-30 06:50:21,13416,,2000,manual,158,zafira,150000,7,gasoline,opel,,2016-03-30,0,12637,2016-04-06 14:15:35
2016-04-08 21:25:25,5900,small,2014,manual,0,2_reihe,80000,6,gasoline,peugeot,yes,2016-04-08,0,8968,2016-04-29 13:55:27
2016-04-02 19:25:39,9319,sedan,2003,manual,75,c4,150000,12,petrol,citroen,no,2016-04-02,0,46631,2016-05-01 16:54:09
2016-03-29 00:35:25,32371,suv,2013,auto,195,a3,125000,9,hybrid,audi,,2016-03-29,0,57729,2016-03-30 06:57:21
2016-03-17 20:49:26,28417,other,2007,auto,191,7er,125000,8,gasoline,bmw,,2016-03-17,0,81837,2016-04-02 17:59:11
2016-03-11 18:46:19,5801,,2007,manual,99,e_klasse,125000,3,,mercedes_benz,no,2016-03-11,0,98927,2016-03-20 18:40:47
2016-03-28 03:09:43,16412,small,2016,manual,124,3_reihe,40000,10,gasoline,mazda,no,2016-03-28,0,12182,2016-04-23 08:32:29
2016-03-22 08:32:22,30740,,1998,auto,225,i20,70000,12,gasoline,hyundai,no,2016-03-22,0,17562,2016-04-04 11:28:39
2016-03-07 03:29:55,6470,sedan,2015,manual,70,1er,125000,10,petrol,bmw,yes,2016-03-07,0,75151,2016-03-08 19:39:07
2016-03-16 05:24:58,37181,wagon,1998,auto,0,a_klasse,125000,11,electric,mercedes_benz,no,2016-03-16,0,63470,2016-03-17 12:28:19
2016-04-06 12:32:04,8081,small,2011,manual,181,2_reihe,150000,10,petrol,mazda,,2016-04-06,0,69079,2016-04-12 16:08:53
2016-04-01 22:34:25,33465,,1999,auto,154,s_klasse,80000,7,hybrid,mercedes_benz,no,2016-04-01,0,34610,2016-04-22 23:12:45
2016-03-16 13:27:02,8940,other,2006,manual,228,touran,90000,8,gasoline,volkswagen,yes,2016-03-16,0,14137,2016-03-24 15:13:52
2016-03-23 08:43:16,7855,sedan,2016,manual,118,clubman,150000,2,gasoline,mini,yes,2016-03-23,0,49772,2016-04-18 12:38:45
2016-04-08 06:39:33,10526,suv,1997,manual,68,touran,100000,1,petrol,volkswagen,no,2016-04-08,0,48254,2016-04-29 12:09:13
2016-03-01 09:46:45,7395,sedan,2006,manual,243,punto,150000,2,gasoline,fiat,,2016-03-01,0,44361,2016-03-07 22:13:37
2016-03-07 09:25:19,30153,,1998,auto,186,x_reihe,100000,12,gasoline,bmw,no,2016-03-07,0,82597,2016-03-20 19:11:02
2016-03-08 05:32:38,10811,wagon,1997,manual,254,qashqai,125000,7,gasoline,nissan,no,2016-03-08,0,16400,2016-04-03 20:17:45
2016-03-08 14:52:20,12343,,1998,manual,126,500,80000,8,,fiat,no,2016-03-08,0,3071,2016-03-29 22:49:15
2016-03-10 23:48:28,19037,convertible,2010,manual,171,5er,150000,10,lpg,bmw,no,2016-03-10,0,65338,2016-03-26 08:22:45
2016-04-05 12:19:29,17254,small,2010,auto,90,clio,125000,10,gasoline,renault,no,2016-04-05,0,29814,2016-04-25 04:17:09
2016-03-11 11:38:59,19280,other,2002,manual,216,6_reihe,60000,11,gasoline,mazda,no,2016-03-11,0,29574,2016-04-07 14:31:42
2016-03-30 09:44:00,13817,small,2002,auto,120,tucson,125000,7,gasoline,hyundai,no,2016-03-30,0,15264,2016-04-13 08:41:39
2016-03-21 08:57:25,28443,other,2014,auto,240,1er,150000,10,other,bmw,,2016-03-21,0,12401,2016-03-27 05:06:54
2016-03-08 18:49:18,24514,other,2012,manual,175,5_reihe,150000,1,gasoline,peugeot,,2016-03-08,0,42361,2016-03-14 18:33:32
2016-04-04 13:04:06,33379,sedan,2016,auto,121,cooper,150000,4,gasoline,mini,no,2016-04-04,0,96560,2016-04-10 12:41:43
2016-03-14 04:32:21,4858,small,2002,manual,77,e_klasse,125000,0,other,mercedes_benz,no,2016-03-14,0,48025,2016-03-27 17:49:50
2016-03-19 18:15:24,3730,other,2005,manual,84,v40,40000,6,other,volvo,yes,2016-03-19,0,74734,2016-03-26 18:14:28
2016-04-02 01:27:13,20788,bus,1999,manual,210,twingo,125000,0,gasoline,renault,no,2016-04-02,0,3822,2016-04-29 14:10:17
2016-03-21 18:16:25,5620,other,2003,manual,135,punto,100000,11,petrol,fiat,yes,2016-03-21,0,51217,2016-04-09 05:46:02
2016-04-03 20:40:50,5533,small,2010,,97,e_klasse,40000,6,petrol,mercedes_benz,,2016-04-03,0,80993,2016-04-08 12:32:14
2016-04-06 20:11:20,15353,coupe,2014,manual,103,andere,125000,7,,sonstige_autos,no,2016-04-06,0,54698,2016-04-20 13:47:21
2016-03-21 13:26:28,26298,wagon,2002,manual,238,corsa,150000,4,electric,opel,no,2016-03-21,0,52008,2016-04-14 02:03:09
2016-04-02 13:13:47,18447,small,2014,manual,142,berlingo,40000,5,electric,citroen,no,2016-04-02,0,31249,2016-04-17 19:38:45
2016-03-18 07:18:52,42241,other,2005,auto,179,3_reihe,50000,2,electric,mazda,,2016-03-18,0,87713,2016-04-15 19:27:39
2016-03-17 21:53:51,14294,small,2014,auto,193,qashqai,90000,7,petrol,nissan,no,2016-03-17,0,65124,2016-03-22 23:03:40
2016-03-19 23:27:16,10417,sedan,2005,manual,88,corolla,100000,8,other,toyota,no,2016-03-19,0,56772,2016-03-28 07:19:43
2016-03-02 23:37:51,16988,sedan,2015,manual,163,cooper,150000,2,,mini,no,2016-03-02,0,12804,2016-03-24 14:11:29
2016-04-03 07:51:11,7690,other,2007,manual,52,corolla,125000,5,other,toyota,no,2016-04-03,0,35018,2016-04-30 05:25:59
2016-03-16 16:30:57,25218,wagon,2010,auto,67,,125000,1,gasoline,ford,no,2016-03-16,0,9905,2016-03-24 15:38:40
2016-03-17 03:49:04,8918,small,2012,auto,111,forfour,40000,0,gasoline,smart,yes,2016-03-17,0,68858,2016-03-31 16:47:16
2016-04-03 14:59:28,9815,,1998,manual,109,,150000,6,gasoline,mini,no,2016-04-03,0,24708,2016-04-04 16:18:13
2016-03-05 06:23:39,15249,sedan,2001,manual,209,twingo,40000,0,,renault,,2016-03-05,0,94322,2016-03-06 09:05:03
2016-03-19 10:40:14,0,other,2010,manual,243,clubman,60000,3,hybrid,mini,yes,2016-03-19,0,50924,2016-04-05 05:01:00
2016-03-03 00:29:48,20689,coupe,1997,manual,247,andere,150000,9,gasoline,sonstige_autos,no,2016-03-03,0,39698,2016-03-08 14:08:43
2016-03-26 14:43:16,13459,small,2010,auto,190,mondeo,150000,8,petrol,ford,no,2016-03-26,0,77637,2016-04-03 10:01:10
2016-03-07 00:09:07,5744,small,2014,auto,230,altea,150000,2,petrol,seat,yes,2016-03-07,0,7214,2016-03-17 13:41:00
2016-03-09 08:36:19,7098,convertible,1997,,161,transporter,100000,7,gasoline,volkswagen,yes,2016-03-09,0,34365,2016-03-14 19:59:43
2016-03-20 09:27:24,16294,bus,2005,manual,169,avensis,150000,9,,toyota,no,2016-03-20,0,8913,2016-04-05 18:40:00
2016-03-20 08:15:20,5506,sedan,2006,,0,megane,150000,8,gasoline,renault,,2016-03-20,0,13769,2016-04-15 18:55:34
2016-03-22 09:59:34,15640,suv,1999,manual,154,transporter,150000,7,lpg,volkswagen,no,2016-03-22,0,6869,2016-04-10 17:22:46
2016-03-02 00:05:57,7891,wagon,2002,auto,48,a4,40000,12,other,audi,yes,2016-03-02,0,45106,2016-03-14 09:09:06
2016-03-29 00:12:49,20732,bus,2011,manual,171,cooper,70000,5,,mini,no,2016-03-29,0,26217,2016-04-05 18:31:38
2016-04-01 07:53:26,14876,wagon,2003,manual,110,clio,150000,6,,renault,no,2016-04-01,0,37857,2016-04-22 02:55:04
2016-03-06 21:50:43,5628,sedan,1997,manual,60,v40,125000,0,lpg,volvo,,2016-03-06,0,62729,2016-03-18 19:38:41
2016-03-13 22:14:49,57349,wagon,2010,auto,87,clubman,10000,9,,mini,no,2016-03-13,0,36196,2016-03-24 14:19:06
2016-04-04 08:52:14,15908,,2005,manual,227,fortwo,150000,6,petrol,smart,no,2016-04-04,0,38129,2016-04-21 12:11:56
2016-04-04 02:23:52,27294,,2013,manual,135,,150000,7,lpg,seat,no,2016-04-04,0,55599,2016-04-21 02:27:29
2016-03-19 12:13:00,13376,bus,2010,manual,217,corsa,40000,4,gasoline,opel,yes,2016-03-19,0,70996,2016-03-20 07:29:42
2016-03-10 10:00:23,14628,other,2006,manual,120,v70,150000,4,gasoline,volvo,no,2016-03-10,0,70026,2016-03-15 23:25:07
2016-03-20 16:00:11,13560,,2008,auto,42,twingo,150000,6,petrol,renault,,2016-03-20,0,28292,2016-03-25 20:09:58
2016-04-05 08:22:22,30527,suv,2009,auto,254,focus,125000,2,lpg,ford,no,2016-04-05,0,30203,2016-04-28 01:45:07
2016-03-25 17:58:10,15465,small,2011,manual,93,megane,40000,12,gasoline,renault,no,2016-03-25,0,83948,2016-04-18 03:42:32
2016-03-08 10:03:00,18822,convertible,2016,manual,164,clio,150000,5,petrol,renault,no,2016-03-08,0,98842,2016-03-26 17:30:16
2016-03-23 06:03:30,3676,small,2005,manual,191,clubman,150000,1,gasoline,mini,,2016-03-23,0,76177,2016-04-12 09:29:03
2016-03-24 12:12:12,6701,bus,1997,auto,43,2_reihe,50000,11,petrol,peugeot,yes,2016-03-24,0,5207,2016-03-31 00:32:00
2016-04-04 06:49:27,22076,wagon,2013,auto,136,forfour,150000,2,other,smart,no,2016-04-04,0,6568,2016-04-19 16:24:16
2016-03-06 10:19:46,7406,small,1995,auto,207,7er,150000,0,petrol,bmw,no,2016-03-06,0,40008,2016-04-03 15:53:49
2016-03-08 01:57:11,3773,other,1998,manual,153,e_klasse,150000,5,petrol,mercedes_benz,yes,2016-03-08,0,73672,2016-03-12 12:07:07
2016-03-12 06:03:42,16585,,2016,,121,2_reihe,70000,6,petrol,peugeot,no,2016-03-12,0,66000,2016-03-23 18:25:00
2016-03-13 09:45:39,3668,,2004,manual,56,fiesta,150000,2,petrol,ford,,2016-03-13,0,8996,2016-04-06 02:27:15
2016-03-12 18:39:52,27762,suv,1996,auto,197,corolla,90000,3,,toyota,no,2016-03-12,0,51788,2016-03-20 05:11:30
2016-03-29 04:20:05,18998,sedan,2007,manual,251,polo,150000,0,gasoline,volkswagen,no,2016-03-29,0,10110,2016-04-25 19:06:19
2016-04-09 23:29:44,9646,small,1996,manual,211,3er,50000,9,petrol,bmw,no,2016-04-09,0,41532,2016-05-03 20:28:02
2016-03-11 15:44:10,17942,convertible,1996,auto,0,q5,10000,2,,audi,,2016-03-11,0,77390,2016-03-28 23:21:26
2016-03-09 06:42:42,11450,small,2016,manual,166,altea,125000,1,,seat,no,2016-03-09,0,76124,2016-03-21 08:12:11
2016-03-23 04:19:24,22741,convertible,2003,manual,83,corsa,30000,10,,opel,no,2016-03-23,0,35081,2016-03-23 09:03:12
2016-03-01 10:28:51,19196,other,2015,manual,85,yaris,150000,1,gasoline,toyota,no,2016-03-01,0,95251,2016-03-24 07:20:31
2016-03-12 03:52:04,25456,suv,2009,manual,242,corsa,30000,0,other,opel,no,2016-03-12,0,25229,2016-03-29 07:47:31
2016-03-22 20:01:54,13658,,2002,manual,206,i30,150000,6,electric,hyundai,no,2016-03-22,0,68525,2016-04-13 19:12:06
2016-03-20 01:20:43,9268,sedan,2001,manual,117,clio,60000,3,other,renault,no,2016-03-20,0,58907,2016-03-27 01:05:23
2016-03-28 00:17:55,20013,wagon,2001,manual,185,e_klasse,60000,0,petrol,mercedes_benz,no,2016-03-28,0,98667,2016-04-05 07:55:09
2016-03-10 16:40:37,16322,coupe,1999,manual,149,,50000,12,petrol,citroen,no,2016-03-10,0,28038,2016-04-03 22:13:27
2016-03-27 02:28:50,9224,sedan,2005,manual,61,a4,80000,9,petrol,audi,no,2016-03-27,0,22245,2016-04-05 06:18:00
2016-03-29 16:40:53,14448,,2004,manual,151,corolla,30000,9,,toyota,no,2016-03-29,0,32959,2016-04-02 06:05:17
2016-03-21 03:02:17,19394,wagon,2013,manual,133,forfour,90000,12,petrol,smart,no,2016-03-21,0,9911,2016-04-08 06:26:10
2016-04-04 10:27:54,13776,small,2012,auto,157,cooper,80000,1,gasoline,mini,no,2016-04-04,0,38896,2016-05-03 18:41:39
2016-03-30 21:48:15,8668,small,2002,manual,259,clubman,150000,2,petrol,mini,no,2016-03-30,0,56269,2016-04-20 02:44:49
2016-03-13 12:54:27,17019,bus,1997,manual,208,golf,100000,7,petrol,volkswagen,no,2016-03-13,0,64274,2016-03-25 15:40:56
2016-03-05 05:33:18,12929,sedan,1999,manual,151,corolla,30000,0,petrol,toyota,no,2016-03-05,0,7667,2016-03-30 19:29:44
2016-04-01 14:37:51,8710,sedan,1998,auto,69,corsa,150000,8,lpg,opel,no,2016-04-01,0,99307,2016-04-14 18:46:56
2016-03-08 12:20:08,26075,suv,2005,auto,172,i30,125000,0,other,hyundai,no,2016-03-08,0,96863,2016-03-12 19:33:30
2016-03-30 16:20:36,8636,wagon,2012,manual,110,corolla,125000,10,gasoline,toyota,yes,2016-03-30,0,57409,2016-04-13 05:11:16
2016-03-21 18:41:07,2996,small,1995,manual,105,zafira,150000,11,petrol,opel,,2016-03-21,0,67747,2016-04-20 01:39:39
2016-03-28 22:07:18,18672,sedan,1996,manual,250,500,100000,9,electric,fiat,no,2016-03-28,0,48869,2016-04-05 02:54:09
2016-03-21 10:37:56,5571,other,2005,auto,92,tiguan,150000,3,petrol,volkswagen,yes,2016-03-21,0,20089,2016-03-30 06:02:50
2016-03-14 01:15:14,5102,small,2001,manual,204,,30000,11,other,seat,no,2016-03-14,0,32424,2016-04-05 10:31:31
2016-03-11 18:49:27,16596,convertible,2007,manual,46,yaris,80000,7,other,toyota,,2016-03-11,0,30503,2016-03-18 19:19:20
2016-03-23 02:59:44,90000,wagon,2012,manual,108,micra,150000,9,petrol,nissan,no,2016-03-23,0,90487,2016-04-08 23:46:28
2016-03-06 08:23:19,24350,convertible,2005,manual,88,2_reihe,90000,0,,peugeot,,2016-03-06,0,4134,2016-03-29 19:51:14
2016-03-21 08:23:17,31602,wagon,2013,manual,236,c4,20000,10,gasoline,citroen,no,2016-03-21,0,95936,2016-04-17 08:36:38
2016-03-10 17:21:54,22970,convertible,2004,manual,0,c_klasse,150000,6,,mercedes_benz,no,2016-03-10,0,9230,2016-04-02 21:15:57
2016-03-26 12:07:07,3914,small,2004,manual,167,altea,80000,5,gasoline,seat,yes,2016-03-26,0,10134,2016-04-22 09:12:30
2016-03-11 13:37:24,17979,bus,2009,manual,225,c_klasse,125000,12,other,mercedes_benz,no,2016-03-11,0,47895,2016-03-18 13:15:02
2016-04-02 09:43:41,14072,wagon,2004,manual,108,5_reihe,80000,12,petrol,peugeot,no,2016-04-02,0,78806,2016-04-13 18:08:15
2016-04-09 18:45:20,10110,sedan,1997,manual,253,i20,150000,10,gasoline,hyundai,no,2016-04-09,0,79584,2016-04-29 02:23:43
2016-03-02 07:31:43,22095,sedan,2012,manual,163,a4,30000,10,gasoline,audi,no,2016-03-02,0,58741,2016-03-02 17:22:26
2016-03-11 03:58:02,17895,sedan,2008,manual,233,,125000,7,gasoline,smart,no,2016-03-11,0,46238,2016-03-17 22:22:44
2016-03-29 18:14:38,17868,sedan,2006,auto,94,v40,150000,7,petrol,volvo,no,2016-03-29,0,64128,2016-04-25 23:45:38
2016-04-02 07:13:42,14767,wagon,1998,,218,punto,150000,0,other,fiat,,2016-04-02,0,85384,2016-04-19 06:51:32
2016-04-01 11:37:29,10861,other,2009,manual,117,fortwo,150000,5,other,smart,no,2016-04-01,0,53018,2016-04-04 22:28:09
2016-03-14 13:50:44,7560,suv,2001,manual,61,1er,150000,2,gasoline,bmw,yes,2016-03-14,0,34873,2016-03-23 16:24:02
2016-03-19 10:27:38,22736,suv,2000,auto,139,clubman,125000,2,petrol,mini,,2016-03-19,0,6320,2016-04-04 02:35:58
2016-03-27 10:01:21,24895,other,2000,auto,200,polo,60000,3,gasoline,volkswagen,no,2016-03-27,0,85391,2016-04-15 10:20:16
2016-03-18 07:34:54,13394,wagon,1997,auto,47,passat,100000,2,gasoline,volkswagen,,2016-03-18,0,49194,2016-03-18 17:19:45
2016-03-23 11:31:38,6529,other,1998,manual,115,andere,150000,12,petrol,sonstige_autos,no,2016-03-23,0,26433,2016-04-07 20:49:29
2016-03-10 12:06:56,34074,bus,2010,auto,198,v40,60000,3,lpg,volvo,no,2016-03-10,0,69852,2016-03-15 01:25:16
2016-03-18 09:01:18,18058,convertible,1997,manual,85,berlingo,80000,12,gasoline,citroen,no,2016-03-18,0,90277,2016-04-11 12:33:21
2016-03-27 07:14:00,5813,small,2011,manual,256,qashqai,80000,0,gasoline,nissan,yes,2016-03-27,0,32322,2016-04-03 02:41:04
2016-03-19 02:12:09,14736,bus,2006,manual,159,2_reihe,150000,9,lpg,mazda,,2016-03-19,0,41418,2016-03-24 21:11:49
2016-04-07 18:12:15,8438,other,1995,manual,173,7er,100000,8,petrol,bmw,no,2016-04-07,0,16283,2016-04-10 09:30:18
2016-03-15 20:09:52,8767,,2005,manual,0,ibiza,150000,8,gasoline,seat,no,2016-03-15,0,90480,2016-04-04 00:50:54
2016-03-06 19:10:57,16608,small,2016,manual,177,scenic,150000,3,gasoline,renault,no,2016-03-06,0,45580,2016-03-19 12:16:57
2016-03-06 07:23:21,24233,sedan,2003,manual,225,andere,5000,11,gasoline,sonstige_autos,no,2016-03-06,0,40209,2016-03-13 02:19:18
2016-03-12 16:29:52,20805,convertible,2013,manual,78,berlingo,150000,10,petrol,citroen,,2016-03-12,0,18775,2016-03-14 02:33:29
2016-03-01 22:17:10,29735,sedan,1999,auto,0,clubman,5000,8,petrol,mini,,2016-03-01,0,69614,2016-03-04 19:01:33
2016-03-20 18:03:07,16833,other,2009,manual,42,octavia,90000,11,gasoline,skoda,no,2016-03-20,0,87616,2016-03-25 17:42:50
2016-03-04 14:37:54,11037,other,2014,manual,207,i20,80000,1,gasoline,hyundai,,2016-03-04,0,77202,2016-03-20 10:27:56
2016-03-07 18:30:47,12650,other,2004,manual,102,andere,100000,0,petrol,sonstige_autos,no,2016-03-07,0,55694,2016-04-06 16:07:26
2016-03-26 22:26:38,11781,sedan,2009,auto,248,q5,60000,1,petrol,audi,yes,2016-03-26,0,14287,2016-04-12 13:12:04
2016-03-13 16:37:44,29496,other,2009,,230,altea,125000,5,petrol,seat,,2016-03-13,0,43770,2016-03-21 18:35:54
2016-04-05 06:24:22,4594,small,1996,manual,93,andere,100000,3,petrol,sonstige_autos,no,2016-04-05,0,51218,2016-04-24 15:42:50
2016-03-24 17:09:06,15919,,2000,manual,44,cooper,10000,5,gasoline,mini,no,2016-03-24,0,24674,2016-04-12 19:26:33
2016-03-03 13:44:49,10769,small,1997,auto,161,fortwo,150000,3,,smart,no,2016-03-03,0,78510,2016-03-16 17:34:10
2016-03-01 21:33:43,9128,small,2003,manual,221,avensis,150000,2,gasoline,toyota,no,2016-03-01,0,81301,2016-03-16 14:22:05
2016-04-06 15:56:28,19250,suv,2000,,253,fortwo,125000,3,petrol,smart,no,2016-04-06,0,58946,2016-04-28 07:05:44
2016-03-10 13:15:59,13544,wagon,2009,manual,52,avensis,150000,5,gasoline,toyota,no,2016-03-10,0,9121,2016-03-22 23:50:27
2016-03-09 12:57:47,19065,other,2013,manual,152,6_reihe,150000,3,gasoline,mazda,no,2016-03-09,0,87012,2016-03-14 20:39:08
2016-03-08 16:28:46,0,suv,2011,auto,140,andere,150000,1,other,sonstige_autos,,2016-03-08,0,85528,2016-03-28 02:09:45
2016-03-13 20:57:34,41081,bus,2011,manual,85,andere,20000,8,hybrid,sonstige_autos,no,2016-03-13,0,27203,2016-03-14 14:55:36
2016-03-03 02:27:59,21433,small,2015,manual,113,andere,80000,11,electric,sonstige_autos,no,2016-03-03,0,56104,2016-03-09 11:09:51
2016-03-03 17:59:44,14991,other,2007,manual,125,berlingo,150000,7,other,citroen,no,2016-03-03,0,71055,2016-03-30 01:59:35
2016-03-24 14:44:08,46057,suv,2016,manual,220,fiesta,60000,9,,ford,no,2016-03-24,0,21170,2016-04-21 06:50:24
2016-03-15 17:01:00,11166,sedan,1998,manual,242,superb,150000,1,gasoline,skoda,no,2016-03-15,0,5777,2016-04-05 06:13:31
2016-03-06 08:47:50,9342,small,2014,manual,72,micra,20000,1,petrol,nissan,no,2016-03-06,0,51431,2016-03-06 11:01:52
2016-03-10 01:44:16,12539,other,1997,manual,225,c3,125000,7,petrol,citroen,no,2016-03-10,0,19893,2016-03-14 03:18:55
2016-03-21 03:46:19,3390,other,1996,auto,77,micra,150000,11,petrol,nissan,yes,2016-03-21,0,45525,2016-04-19 09:24:19
2016-03-18 18:03:32,22872,bus,1997,manual,122,ibiza,60000,8,hybrid,seat,no,2016-03-18,0,31942,2016-03-22 01:15:05
2016-03-13 21:33:49,10977,other,2006,manual,83,berlingo,125000,9,,citroen,,2016-03-13,0,61838,2016-04-07 22:22:23
2016-04-03 03:58:39,19085,convertible,2007,manual,139,c4,90000,0,gasoline,citroen,,2016-04-03,0,56926,2016-04-05 07:49:02
2016-03-04 05:41:45,9306,small,2010,auto,143,s_klasse,40000,7,,mercedes_benz,yes,2016-03-04,0,39271,2016-03-14 19:17:44
2016-04-01 05:33:35,41910,convertible,2013,auto,46,a6,150000,6,gasoline,audi,no,2016-04-01,0,99969,2016-04-18 13:53:44
2016-04-08 10:28:40,14513,sedan,2016,manual,76,astra,150000,7,petrol,opel,no,2016-04-08,0,38616,2016-05-02 22:02:51
2016-03-26 11:56:24,15083,sedan,2005,manual,171,polo,90000,4,petrol,volkswagen,no,2016-03-26,0,37415,2016-04-17 23:34:09
2016-03-21 14:02:09,7984,other,2005,manual,196,s60,40000,11,petrol,volvo,yes,2016-03-21,0,14705,2016-03-29 21:41:05
2016-03-04 15:35:50,5707,wagon,1998,manual,73,3_reihe,150000,7,,peugeot,,2016-03-04,0,48069,2016-03-21 02:10:41
2016-04-01 19:17:15,16511,sedan,2005,auto,160,yaris,80000,3,cng,toyota,no,2016-04-01,0,1824,2016-04-30 11:36:27
2016-04-02 14:48:07,9838,small,2013,manual,41,superb,60000,4,petrol,skoda,no,2016-04-02,0,26640,2016-04-11 01:40:02
2016-04-04 13:50:42,13339,wagon,2006,manual,211,astra,125000,7,petrol,opel,no,2016-04-04,0,55309,2016-04-06 07:23:37
2016-03-28 04:32:25,17645,,2000,manual,216,corsa,150000,6,petrol,opel,no,2016-03-28,0,8463,2016-04-04 20:58:47
2016-03-16 08:36:58,38281,wagon,2013,manual,219,micra,150000,0,hybrid,nissan,,2016-03-16,0,41546,2016-03-24 16:01:08
2016-03-14 11:08:21,21600,wagon,2003,manual,134,c3,70000,4,electric,citroen,no,2016-03-14,0,38393,2016-03-20 00:54:28
2016-04-08 02:07:00,10703,bus,1995,auto,77,leon,70000,9,,seat,no,2016-04-08,0,92955,2016-04-20 14:32:32
2016-03-22 07:29:18,12953,sedan,2009,manual,154,clubman,90000,6,petrol,mini,no,2016-03-22,0,60976,2016-03-31 08:38:16
2016-03-20 23:13:01,6230,sedan,2008,manual,101,1er,30000,9,petrol,bmw,,2016-03-20,0,57514,2016-04-05 00:39:26
2016-03-26 05:39:31,0,other,2007,manual,61,vectra,70000,7,other,opel,no,2016-03-26,0,70533,2016-04-03 04:21:24
2016-03-15 13:08:14,5864,suv,1997,manual,41,polo,5000,9,lpg,volkswagen,,2016-03-15,0,78896,2016-03-27 18:27:41
2016-03-17 09:31:09,28756,suv,2005,manual,222,mondeo,80000,2,gasoline,ford,no,2016-03-17,0,33315,2016-04-09 00:25:03
2016-03-25 04:36:48,12466,coupe,2000,auto,164,berlingo,150000,6,gasoline,citroen,yes,2016-03-25,0,43869,2016-04-22 05:02:46
2016-03-26 11:40:21,22306,,2001,manual,249,e_klasse,150000,1,petrol,mercedes_benz,no,2016-03-26,0,46803,2016-04-11 02:43:33
2016-03-02 10:56:03,18278,other,2000,manual,124,3er,5000,9,gasoline,bmw,no,2016-03-02,0,35442,2016-03-06 17:46:33
2016-03-15 17:01:12,16715,small,2015,manual,189,fortwo,150000,10,gasoline,smart,no,2016-03-15,0,76057,2016-03-31 04:51:21
2016-03-26 03:40:47,6208,sedan,1996,manual,197,a4,125000,12,other,audi,no,2016-03-26,0,82446,2016-03-29 19:04:22
2016-03-26 07:02:55,20098,coupe,2004,manual,110,c4,60000,10,gasoline,citroen,no,2016-03-26,0,13473,2016-04-21 08:22:51
2016-03-12 04:44:18,3415,small,2001,manual,160,megane,125000,4,gasoline,renault,yes,2016-03-12,0,79187,2016-04-07 22:14:36
2016-03-25 05:10:55,12245,other,2015,auto,129,c4,150000,8,gasoline,citroen,yes,2016-03-25,0,48483,2016-04-09 08:29:46
2016-03-02 05:17:33,15003,sedan,2000,manual,165,s_klasse,150000,6,gasoline,mercedes_benz,no,2016-03-02,0,86641,2016-03-07 00:43:08
2016-03-20 06:12:27,41897,coupe,2005,auto,164,a3,70000,4,petrol,audi,,2016-03-20,0,22840,2016-04-09 13:44:44
2016-03-05 12:08:32,2108,small,2003,manual,77,andere,150000,8,petrol,sonstige_autos,yes,2016-03-05,0,91751,2016-04-02 09:47:32
2016-03-19 07:11:27,18799,coupe,1998,manual,165,tucson,150000,2,hybrid,hyundai,no,2016-03-19,0,48323,2016-03-30 13:01:46
2016-03-09 17:19:48,10472,,2013,auto,227,astra,80000,11,gasoline,opel,yes,2016-03-09,0,51083,2016-03-20 21:51:07
2016-03-22 23:14:54,24512,sedan,2016,auto,55,yaris,80000,11,petrol,toyota,no,2016-03-22,0,91125,2016-04-14 20:41:00
2016-03-08 09:18:59,15854,other,1998,auto,185,berlingo,150000,11,gasoline,citroen,no,2016-03-08,0,22360,2016-03-26 12:52:38
2016-04-02 17:45:10,12442,small,2015,manual,67,2_reihe,150000,6,,mazda,no,2016-04-02,0,80950,2016-04-17 07:04:13
2016-03-05 00:29:11,5191,,2012,manual,212,3_reihe,150000,4,petrol,mazda,yes,2016-03-05,0,78407,2016-03-22 23:51:37
2016-04-02 22:48:10,6972,other,1996,manual,121,note,150000,0,petrol,nissan,no,2016-04-02,0,51640,2016-04-15 14:21:56
2016-03-29 10:17:15,3469,sedan,1999,manual,62,micra,150000,1,hybrid,nissan,,2016-03-29,0,8461,2016-03-30 13:26:56
2016-03-31 20:43:31,7820,sedan,2012,manual,190,6_reihe,150000,6,gasoline,mazda,,2016-03-31,0,10628,2016-04-20 01:43:56
2016-03-06 10:12:44,9796,wagon,2002,manual,72,i30,150000,0,,hyundai,no,2016-03-06,0,39006,2016-03-21 02:56:28
2016-04-05 08:17:37,4268,small,1999,manual,80,a1,150000,12,petrol,audi,no,2016-04-05,0,65662,2016-04-10 17:43:41
2016-03-12 08:13:11,11665,small,2012,manual,132,panda,150000,11,,fiat,no,2016-03-12,0,21087,2016-03-16 18:14:39
2016-03-20 02:14:01,11598,,1995,manual,142,zafira,100000,3,gasoline,opel,no,2016-03-20,0,53232,2016-04-07 05:46:41
2016-04-06 09:22:37,28717,other,2012,auto,196,superb,100000,1,gasoline,skoda,,2016-04-06,0,25545,2016-04-22 01:24:28
2016-03-23 09:09:38,18819,,2007,manual,41,6_reihe,125000,7,hybrid,mazda,no,2016-03-23,0,58684,2016-03-25 14:13:45
2016-03-06 14:28:08,8391,,1998,manual,76,,125000,10,gasoline,smart,no,2016-03-06,0,95567,2016-03-19 16:17:58
2016-04-03 14:35:28,12784,small,2008,auto,180,c3,150000,12,petrol,citroen,no,2016-04-03,0,25779,2016-05-02 04:17:33
2016-03-01 14:45:36,10992,bus,1996,manual,168,octavia,150000,4,gasoline,skoda,no,2016-03-01,0,68928,2016-03-10 06:08:58
2016-03-12 03:15:21,15792,sedan,2009,manual,171,octavia,10000,10,petrol,skoda,no,2016-03-12,0,72391,2016-03-23 06:58:09
2016-04-08 11:50:38,34569,,2014,auto,49,tiguan,5000,5,petrol,volkswagen,no,2016-04-08,0,50666,2016-04-23 02:07:43
2016-04-02 15:46:52,16590,sedan,2001,auto,72,touran,70000,12,petrol,volkswagen,,2016-04-02,0,82861,2016-04-13 21:39:43
2016-03-12 16:29:53,5622,sedan,2009,manual,188,altea,125000,12,petrol,seat,yes,2016-03-12,0,54359,2016-04-07 02:44:31
2016-03-11 20:17:25,16550,,2007,manual,239,ka,90000,12,,ford,,2016-03-11,0,35975,2016-03-31 00:01:32
2016-03-01 19:30:58,8994,small,2011,manual,156,clio,100000,7,petrol,renault,no,2016-03-01,0,10283,2016-03-07 23:26:50
2016-03-10 17:22:58,30094,,2006,auto,148,cooper,50000,7,petrol,mini,no,2016-03-10,0,19457,2016-03-28 18:11:37
2016-03-23 04:46:28,13872,wagon,1997,manual,193,punto,150000,11,gasoline,fiat,no,2016-03-23,0,43799,2016-03-24 05:43:24
2016-03-31 00:18:12,28337,suv,2004,manual,240,5er,125000,1,gasoline,bmw,,2016-03-31,0,99022,2016-04-07 00:04:03
2016-03-23 19:59:07,7775,small,1999,auto,82,punto,125000,10,gasoline,fiat,no,2016-03-23,0,84841,2016-03-30 02:59:13
2016-03-27 21:51:48,6449,small,1995,manual,85,qashqai,100000,2,gasoline,nissan,,2016-03-27,0,72503,2016-04-24 15:47:57
2016-04-01 08:08:53,11638,sedan,1995,manual,194,avensis,100000,12,petrol,toyota,no,2016-04-01,0,21973,2016-04-30 08:59:17
2016-04-07 14:35:22,15411,sedan,2004,,137,,150000,8,other,audi,no,2016-04-07,0,70337,2016-05-04 23:44:10
2016-03-23 04:36:16,14938,convertible,1997,manual,166,tucson,50000,2,petrol,hyundai,no,2016-03-23,0,61477,2016-04-16 09:51:13
2016-04-09 07:56:46,22151,coupe,2012,manual,195,corolla,125000,7,,toyota,no,2016-04-09,0,20800,2016-05-07 20:39:52
2016-04-01 06:01:31,36079,suv,2011,manual,177,a4,150000,1,gasoline,audi,no,2016-04-01,0,1057,2016-04-25 00:23:35
2016-03-12 09:07:49,4918,,1997,,244,andere,150000,4,gasoline,sonstige_autos,yes,2016-03-12,0,95360,2016-03-24 01:36:53
2016-03-28 00:03:30,39692,wagon,1000,auto,166,a4,125000,11,gasoline,audi,no,2016-03-28,0,32154,2016-04-11 17:57:53
2016-03-20 07:30:14,18181,small,2015,auto,71,c3,70000,10,petrol,citroen,,2016-03-20,0,59956,2016-04-14 02:09:59
2016-03-15 12:06:47,27395,convertible,2006,manual,72,clubman,150000,11,hybrid,mini,no,2016-03-15,0,3141,2016-03-31 04:13:49
2016-03-09 07:39:42,50042,convertible,2005,auto,92,cooper,20000,0,gasoline,mini,no,2016-03-09,0,72978,2016-03-15 06:25:23
2016-03-25 01:06:42,9944,coupe,2002,manual,107,2_reihe,150000,2,petrol,mazda,,2016-03-25,0,23370,2016-04-06 11:31:59
2016-03-10 03:47:24,3834,small,1999,auto,40,leon,20000,2,gasoline,seat,yes,2016-03-10,0,49218,2016-03-29 09:32:53
2016-03-05 20:00:03,20559,wagon,2013,manual,201,twingo,150000,2,petrol,renault,no,2016-03-05,0,98735,2016-04-03 21:29:33
2016-03-22 18:32:50,28402,,2001,manual,244,megane,150000,9,gasoline,renault,no,2016-03-22,0,65221,2016-04-05 04:56:33
2016-03-26 22:52:39,16046,convertible,1996,manual,252,fortwo,125000,3,other,smart,no,2016-03-26,0,63918,2016-04-07 05:12:08
2016-04-03 18:47:22,12177,other,2004,manual,47,ka,80000,11,gasoline,ford,no,2016-04-03,0,74590,2016-04-19 04:05:12
2016-03-21 11:45:40,16589,convertible,2001,manual,68,3_reihe,150000,7,gasoline,peugeot,no,2016-03-21,0,28057,2016-04-01 17:58:36
2016-03-17 09:19:15,8408,sedan,1997,manual,72,berlingo,50000,10,other,citroen,,2016-03-17,0,33217,2016-03-28 04:51:38
2016-03-01 03:34:41,12811,bus,1997,manual,123,focus,5000,4,gasoline,ford,no,2016-03-01,0,7994,2016-03-11 05:35:25
2016-03-22 11:53:51,5955,convertible,2004,manual,47,500,150000,12,,fiat,yes,2016-03-22,0,61996,2016-03-29 17:28:04
2016-03-07 06:33:23,8406,sedan,1996,auto,248,cooper,100000,10,petrol,mini,yes,2016-03-07,0,92611,2016-03-11 16:55:09
2016-03-31 08:15:44,13044,wagon,1997,manual,178,clio,80000,12,other,renault,no,2016-03-31,0,5157,2016-04-07 03:47:16
2016-03-15 13:40:07,15972,sedan,2013,,94,forfour,150000,4,gasoline,smart,,2016-03-15,0,90956,2016-04-05 03:37:34
2016-03-27 03:02:35,4144,sedan,2004,manual,255,punto,50000,4,,fiat,yes,2016-03-27,0,98775,2016-04-08 18:57:22
2016-04-02 04:04:51,18684,other,2012,manual,114,twingo,10000,12,petrol,renault,no,2016-04-02,0,72742,2016-04-05 05:03:07
2016-04-05 22:14:30,27894,,2013,manual,227,5_reihe,70000,11,other,peugeot,no,2016-04-05,0,56153,2016-04-25 05:48:06
2016-03-27 00:11:33,12815,other,2009,manual,238,fortwo,100000,8,other,smart,no,2016-03-27,0,39887,2016-04-15 06:51:47
2016-03-22 21:17:15,14031,small,2003,auto,164,insignia,150000,11,gasoline,opel,no,2016-03-22,0,19479,2016-03-25 12:33:06
2016-03-14 08:27:36,14774,sedan,2013,manual,116,cooper,125000,7,,mini,no,2016-03-14,0,74896,2016-04-08 07:20:53
2016-03-20 20:28:24,1360,,1998,,55,mondeo,150000,7,petrol,ford,yes,2016-03-20,0,44587,2016-03-22 08:00:56
2016-03-16 16:58:17,17521,,2005,manual,91,c_klasse,150000,4,,mercedes_benz,,2016-03-16,0,15922,2016-03-24 04:00:57
2016-03-02 05:19:37,18474,suv,2003,manual,213,3_reihe,150000,2,petrol,mazda,no,2016-03-02,0,20274,2016-03-22 15:52:13
2016-04-05 12:09:04,9677,other,1996,manual,76,3_reihe,150000,7,electric,mazda,,2016-04-05,0,46232,2016-04-17 11:07:02
2016-03-20 13:46:31,58382,,2013,auto,227,micra,150000,12,gasoline,nissan,no,2016-03-20,0,29085,2016-04-05 08:42:04
2016-04-04 08:35:32,11986,other,2000,manual,235,c4,150000,6,other,citroen,no,2016-04-04,0,57811,2016-04-28 10:46:37
2016-03-30 21:44:38,4270,small,2000,manual,96,3_reihe,125000,8,,mazda,no,2016-03-30,0,89760,2016-04-09 10:06:42
2016-04-03 21:18:26,10931,,2004,auto,229,leon,150000,11,petrol,seat,,2016-04-03,0,21169,2016-04-30 23:22:55
2016-03-15 14:11:47,7720,,2005,auto,190,clio,125000,3,lpg,renault,yes,2016-03-15,0,89546,2016-03-18 20:50:26
2016-03-29 15:23:21,17760,suv,2000,manual,178,ibiza,150000,3,petrol,seat,,2016-03-29,0,69851,2016-04-13 08:07:37
2016-04-08 06:17:41,14510,other,1997,auto,189,c_klasse,150000,7,petrol,mercedes_benz,,2016-04-08,0,90824,2016-04-20 10:12:34
2016-03-09 22:47:05,24858,other,2009,auto,131,a4,5000,9,gasoline,audi,,2016-03-09,0,67171,2016-04-04 02:13:53
2016-03-30 10:15:13,10600,convertible,2006,manual,229,fiesta,20000,10,petrol,ford,yes,2016-03-30,0,15062,2016-04-01 22:21:09
2016-03-19 01:18:34,6439,small,1998,manual,243,3er,150000,8,,bmw,,2016-03-19,0,4307,2016-03-24 07:58:05
2016-04-01 22:08:30,35255,suv,2013,manual,254,mondeo,125000,6,gasoline,ford,,2016-04-01,0,63748,2016-04-25 09:17:45
2016-04-03 10:28:28,49098,convertible,2004,manual,242,v70,60000,5,hybrid,volvo,no,2016-04-03,0,46639,2016-04-26 10:32:56
2016-03-11 17:26:03,24226,other,2012,manual,235,a1,150000,5,petrol,audi,,2016-03-11,0,1599,2016-03-29 18:34:05
2016-03-10 20:55:37,0,sedan,2015,,220,qashqai,90000,3,other,nissan,yes,2016-03-10,0,99683,2016-03-12 08:13:20
2016-03-11 06:07:57,15476,suv,1996,manual,0,3_reihe,125000,6,petrol,mazda,no,2016-03-11,0,20884,2016-03-31 00:03:03
2016-04-07 17:09:03,30734,suv,2003,auto,168,mondeo,150000,4,petrol,ford,no,2016-04-07,0,19357,2016-04-11 07:26:38
2016-03-26 09:04:33,38409,other,2010,manual,234,tiguan,60000,2,gasoline,volkswagen,no,2016-03-26,0,89255,2016-04-01 14:18:29
2016-03-07 19:11:35,23875,coupe,2015,manual,220,1er,90000,12,petrol,bmw,no,2016-03-07,0,32319,2016-03-27 21:04:32
2016-04-08 05:35:44,12928,suv,2002,manual,141,leon,150000,5,other,seat,,2016-04-08,0,65303,2016-04-25 14:56:40
2016-03-22 13:34:15,25369,other,2014,,126,cooper,150000,12,gasoline,mini,no,2016-03-22,0,63673,2016-04-13 19:51:10
2016-03-11 20:03:24,18277,sedan,2004,auto,199,500,150000,5,gasoline,fiat,no,2016-03-11,0,87220,2016-03-13 13:42:47
2016-03-24 05:30:05,76988,suv,2005,auto,208,3_reihe,30000,6,hybrid,mazda,no,2016-03-24,0,89057,2016-04-02 00:14:22
2016-03-19 05:24:37,30299,coupe,2015,manual,176,,125000,4,petrol,mini,,2016-03-19,0,56966,2016-03-29 22:34:15
2016-03-04 08:46:23,8851,coupe,2016,manual,130,q5,150000,8,petrol,audi,yes,2016-03-04,0,37669,2016-03-18 14:08:41
2016-03-26 23:22:23,19690,bus,2012,manual,197,c_klasse,80000,10,petrol,mercedes_benz,no,2016-03-26,0,54929,2016-03-30 02:18:48
2016-03-14 02:04:26,13140,coupe,1997,manual,45,panda,150000,12,electric,fiat,no,2016-03-14,0,7520,2016-04-01 16:06:50
2016-04-07 02:03:00,8102,wagon,2011,manual,99,c3,100000,1,petrol,citroen,,2016-04-07,0,3151,2016-04-12 18:15:45
2016-03-03 03:32:16,17601,convertible,1996,manual,152,fortwo,20000,7,petrol,smart,no,2016-03-03,0,61889,2016-04-01 03:22:56
2016-03-11 07:50:05,3548,small,2006,manual,248,clio,150000,8,cng,renault,,2016-03-11,0,99208,2016-04-03 10:03:52
2016-03-10 07:58:55,12735,bus,2006,manual,188,500,150000,7,petrol,fiat,no,2016-03-10,0,2063,2016-04-03 03:38:43
2016-03-26 08:41:57,27601,sedan,2012,manual,231,c4,10000,2,,citroen,no,2016-03-26,0,64878,2016-04-03 23:53:58
2016-04-06 11:19:39,6530,other,2002,auto,53,mondeo,10000,3,other,ford,,2016-04-06,0,68804,2016-05-02 21:34:23
2016-03-02 06:45:11,39373,coupe,2008,auto,218,2_reihe,80000,1,,mazda,no,2016-03-02,0,84549,2016-03-26 09:45:13
2016-03-02 21:59:09,19646,suv,2009,manual,61,forfour,150000,4,petrol,smart,no,2016-03-02,0,96962,2016-03-06 21:34:41
2016-04-02 10:19:51,38574,coupe,2005,auto,143,superb,100000,7,gasoline,skoda,no,2016-04-02,0,74705,2016-04-25 12:30:30
2016-03-01 04:26:50,3589,sedan,2001,manual,0,clubman,150000,10,lpg,mini,yes,2016-03-01,0,51477,2016-03-23 22:03:44
2016-03-06 15:34:52,15809,sedan,2002,manual,201,forfour,10000,9,gasoline,smart,no,2016-03-06,0,86555,2016-03-18 08:43:51
2016-03-22 07:37:00,13813,wagon,2013,,214,fiesta,125000,10,petrol,ford,yes,2016-03-22,0,63815,2016-04-06 15:20:43
2016-03-30 09:47:55,12301,convertible,2001,manual,135,clubman,125000,11,other,mini,no,2016-03-30,0,19063,2016-04-28 09:38:30
2016-03-14 12:09:37,23033,suv,2000,manual,252,clubman,150000,1,lpg,mini,,2016-03-14,0,58357,2016-04-13 03:40:42
2016-03-13 02:05:03,17285,sedan,2014,manual,85,2_reihe,150000,1,petrol,mazda,,2016-03-13,0,66747,2016-04-05 06:52:20
2016-03-01 22:32:12,3980,small,1998,manual,79,scenic,150000,2,,renault,,2016-03-01,0,20146,2016-03-18 07:49:27
2016-03-01 12:35:51,8742,sedan,2005,manual,85,altea,150000,4,petrol,seat,no,2016-03-01,0,96375,2016-03-25 06:07:02
2016-03-09 11:06:30,31583,other,2011,auto,227,tucson,125000,3,gasoline,hyundai,no,2016-03-09,0,81996,2016-03-11 14:50:29
2016-04-02 06:57:02,17129,suv,2010,manual,104,leon,80000,12,petrol,seat,no,2016-04-02,0,56484,2016-04-26 01:45:45
2016-04-02 02:54:48,19601,,2001,manual,182,micra,150000,9,petrol,nissan,no,2016-04-02,0,2026,2016-04-16 04:10:24
2016-03-05 20:46:56,39037,convertible,2015,auto,186,v70,125000,1,petrol,volvo,no,2016-03-05,0,13278,2016-03-12 04:28:54
2016-03-10 00:12:54,32308,suv,2009,manual,184,s_klasse,150000,0,gasoline,mercedes_benz,,2016-03-10,0,83945,2016-03-13 02:50:35
2016-03-08 00:31:05,44515,other,2010,auto,188,clio,30000,4,gasoline,renault,no,2016-03-08,0,23103,2016-03-26 20:59:09
2016-04-04 19:36:11,22171,wagon,1997,auto,160,cooper,70000,11,gasoline,mini,no,2016-04-04,0,87855,2016-04-08 21:38:11
2016-03-19 05:16:17,5931,wagon,2002,manual,87,yaris,150000,2,gasoline,toyota,yes,2016-03-19,0,83622,2016-03-26 00:31:49
2016-03-06 09:33:34,9336,,2000,manual,80,6_reihe,90000,5,petrol,mazda,,2016-03-06,0,83836,2016-03-22 20:48:56
2016-03-31 21:14:55,8031,small,2010,auto,60,tucson,150000,8,other,hyundai,no,2016-03-31,0,23073,2016-04-26 21:25:21
2016-03-10 07:35:37,13417,sedan,2011,manual,178,500,90000,11,petrol,fiat,,2016-03-10,0,97730,2016-03-16 12:50:15
2016-03-23 02:21:35,0,small,2009,auto,185,superb,60000,6,gasoline,skoda,yes,2016-03-23,0,24001,2016-03-28 15:25:22
2016-04-08 07:12:20,0,bus,2010,manual,157,2_reihe,20000,3,gasoline,peugeot,no,2016-04-08,0,10198,2016-04-15 09:59:32
2016-03-31 22:07:21,23688,bus,2005,manual,185,andere,20000,3,gasoline,sonstige_autos,no,2016-03-31,0,86589,2016-04-20 08:20:07
2016-04-01 04:56:03,20633,bus,2010,manual,153,3_reihe,150000,7,petrol,mazda,no,2016-04-01,0,59484,2016-04-23 16:09:21
2016-03-02 15:14:28,12962,sedan,2003,auto,187,scenic,150000,7,petrol,renault,no,2016-03-02,0,9375,2016-03-10 05:22:42
2016-03-06 00:01:39,18933,convertible,1996,manual,218,v70,150000,10,,volvo,no,2016-03-06,0,47052,2016-03-31 08:40:31
2016-04-04 00:09:01,32163,,2009,auto,146,focus,80000,5,petrol,ford,no,2016-04-04,0,43939,2016-04-06 01:20:41
2016-03-14 06:43:38,21195,other,2004,auto,105,transporter,150000,3,gasoline,volkswagen,,2016-03-14,0,20659,2016-04-01 11:08:22
2016-04-06 08:00:11,23230,sedan,2013,manual,73,3_reihe,100000,4,gasoline,peugeot,no,2016-04-06,0,53888,2016-04-24 07:19:42
2016-03-08 06:35:32,27189,suv,2005,manual,137,passat,70000,7,gasoline,volkswagen,no,2016-03-08,0,88381,2016-03-25 17:58:25
2016-04-07 00:05:15,10263,convertible,1996,,101,,150000,7,,sonstige_autos,no,2016-04-07,0,26229,2016-04-23 14:44:29
2016-03-30 18:12:52,4955,other,2000,manual,243,golf,150000,11,other,volkswagen,,2016-03-30,0,18316,2016-04-12 20:15:06
2016-03-26 05:15:54,30113,coupe,2013,manual,216,x_reihe,150000,4,gasoline,bmw,,2016-03-26,0,16069,2016-04-02 00:26:18
2016-03-25 06:03:29,32004,wagon,2009,,216,clio,20000,0,petrol,renault,no,2016-03-25,0,62474,2016-04-03 17:33:17
2016-04-03 13:34:26,20976,suv,2003,manual,201,andere,150000,6,petrol,sonstige_autos,no,2016-04-03,0,33113,2016-04-05 15:05:38
2016-03-14 12:03:47,4070,small,2006,auto,153,octavia,125000,9,other,skoda,yes,2016-03-14,0,17933,2016-04-08 09:18:02
2016-04-06 08:25:19,11407,sedan,1995,manual,202,3_reihe,150000,7,gasoline,peugeot,no,2016-04-06,0,76451,2016-04-27 13:39:31
2016-03-27 09:40:06,11026,other,2007,auto,95,,125000,5,petrol,ford,no,2016-03-27,0,84576,2016-04-15 13:13:13
2016-04-01 02:06:13,9886,wagon,1998,manual,182,clio,125000,11,gasoline,renault,no,2016-04-01,0,36921,2016-04-16 08:06:21
2016-04-06 10:01:57,1345,small,1995,manual,60,corolla,150000,4,gasoline,toyota,yes,2016-04-06,0,59967,2016-04-22 21:10:29
2016-03-10 20:06:49,20427,coupe,2003,,142,clubman,70000,12,,mini,no,2016-03-10,0,95045,2016-04-04 01:28:53
2016-03-07 21:24:29,8889,small,1995,manual,95,vectra,5000,3,gasoline,opel,no,2016-03-07,0,24197,2016-03-23 05:33:49
2016-03-25 02:13:36,35272,suv,2004,auto,205,2_reihe,150000,10,gasoline,peugeot,no,2016-03-25,0,6006,2016-04-05 00:00:34
2016-03-07 23:25:28,16057,wagon,2010,manual,0,fortwo,90000,4,,smart,no,2016-03-07,0,9171,2016-03-15 04:56:22
2016-03-26 20:23:12,11380,,2004,manual,0,3_reihe,125000,12,gasoline,mazda,,2016-03-26,0,63771,2016-04-25 02:56:07
2016-03-14 01:15:25,11777,small,2014,,122,3_reihe,150000,10,gasoline,peugeot,no,2016-03-14,0,54417,2016-04-04 09:02:28
2016-03-16 04:32:31,13666,wagon,2011,,81,a6,70000,2,other,audi,no,2016-03-16,0,64965,2016-03-23 09:00:24
2016-04-01 09:09:47,15685,small,2005,auto,137,forfour,20000,3,gasoline,smart,,2016-04-01,0,62514,2016-04-12 18:31:52
2016-04-08 14:19:39,7796,wagon,1997,manual,196,qashqai,150000,12,other,nissan,no,2016-04-08,0,73342,2016-05-04 02:00:09
2016-03-01 04:59:22,8885,small,1998,manual,146,andere,90000,2,gasoline,sonstige_autos,no,2016-03-01,0,44013,2016-03-16 07:07:21
2016-03-12 20:22:35,19591,other,2011,,155,forfour,125000,6,gasoline,smart,,2016-03-12,0,24000,2016-03-19 18:42:26
2016-03-15 06:37:53,34888,suv,2013,,231,6_reihe,5000,2,petrol,mazda,no,2016-03-15,0,17211,2016-03-24 10:48:58
2016-04-04 13:34:34,7201,convertible,2015,manual,156,s60,125000,9,other,volvo,,2016-04-04,0,72048,2016-04-19 00:17:28
2016-03-29 14:27:44,4668,coupe,1995,manual,199,,150000,6,other,audi,,2016-03-29,0,59337,2016-04-03 14:22:26
2016-03-14 22:36:20,13535,suv,1996,manual,120,andere,150000,0,gasoline,sonstige_autos,no,2016-03-14,0,61473,2016-03-31 16:45:54
2016-03-01 03:57:02,14041,other,1997,auto,68,panda,80000,1,,fiat,,2016-03-01,0,70121,2016-03-13 15:10:46
2016-03-03 13:10:01,34921,wagon,1996,auto,200,forfour,80000,1,electric,smart,no,2016-03-03,0,38379,2016-03-05 15:30:39
2016-03-01 19:59:24,11199,small,2007,manual,184,,100000,1,petrol,nissan,no,2016-03-01,0,15626,2016-03-24 03:32:52
2016-03-31 16:21:45,7094,sedan,2004,manual,48,transporter,150000,6,petrol,volkswagen,no,2016-03-31,0,19540,2016-04-14 12:04:54
2016-04-05 22:18:01,36790,convertible,2013,auto,56,corolla,150000,4,petrol,toyota,no,2016-04-05,0,70897,2016-05-05 05:16:36
2016-04-08 15:04:43,27728,wagon,2009,manual,247,i20,150000,1,gasoline,hyundai,,2016-04-08,0,88277,2016-04-24 18:08:57
2016-03-04 08:50:07,15998,coupe,2002,auto,52,tucson,125000,3,petrol,hyundai,no,2016-03-04,0,85359,2016-03-16 22:56:18
2016-03-07 15:36:50,23466,other,2002,auto,254,ibiza,125000,9,petrol,seat,,2016-03-07,0,85515,2016-04-05 05:02:38
2016-03-05 18:28:48,17435,other,1999,,83,fabia,40000,4,electric,skoda,no,2016-03-05,0,9923,2016-03-10 16:16:16
2016-03-20 19:38:00,22757,,1998,auto,238,6_reihe,100000,3,other,mazda,no,2016-03-20,0,81018,2016-03-29 11:30:45
2016-03-17 19:53:05,14332,small,2013,auto,44,i30,150000,0,gasoline,hyundai,no,2016-03-17,0,19703,2016-04-09 12:57:27
2016-04-05 23:16:19,24594,other,2009,auto,71,1er,150000,10,gasoline,bmw,no,2016-04-05,0,62816,2016-04-14 14:44:40
2016-03-24 03:17:21,11175,small,2001,manual,166,avensis,125000,9,gasoline,toyota,no,2016-03-24,0,90700,2016-04-13 11:51:39
2016-03-14 04:24:14,9402,small,2015,manual,76,s60,150000,3,,volvo,no,2016-03-14,0,54331,2016-03-24 23:09:13
2016-04-06 10:37:03,15385,small,2013,manual,147,transporter,90000,4,gasoline,volkswagen,,2016-04-06,0,37439,2016-04-18 21:30:37
2016-04-08 05:54:32,4077,small,1997,manual,69,corolla,125000,10,,toyota,no,2016-04-08,0,34934,2016-05-04 01:36:53
2016-03-19 01:54:26,9820,small,2003,manual,126,i30,90000,12,gasoline,hyundai,no,2016-03-19,0,2716,2016-04-15 00:11:52
2016-04-06 02:01:47,15076,sedan,2001,manual,215,,125000,2,gasoline,bmw,,2016-04-06,0,12827,2016-04-22 19:04:32
2016-03-27 01:37:57,17022,sedan,2003,auto,67,corolla,70000,12,petrol,toyota,no,2016-03-27,0,34889,2016-03-27 04:12:01
2016-03-07 07:06:28,28738,suv,2013,auto,13771,5_reihe,150000,8,other,peugeot,no,2016-03-07,0,18342,2016-03-29 14:55:17
2016-03-16 14:52:18,17341,sedan,2011,manual,214,ka,90000,4,petrol,ford,no,2016-03-16,0,3434,2016-04-01 20:46:01
2016-03-22 16:35:57,16036,other,2011,manual,145,corolla,150000,9,petrol,toyota,no,2016-03-22,0,55568,2016-04-15 17:23:39
2016-03-01 01:31:21,13224,sedan,2000,manual,195,polo,150000,3,gasoline,volkswagen,no,2016-03-01,0,21977,2016-03-07 18:11:29
2016-03-28 01:39:52,11939,small,2008,manual,155,forfour,40000,5,petrol,smart,no,2016-03-28,0,72474,2016-04-12 12:14:16
2016-03-25 12:04:19,8031,wagon,2007,auto,83,forfour,150000,9,petrol,smart,yes,2016-03-25,0,81927,2016-04-20 02:05:04
2016-03-30 21:17:43,0,sedan,1999,manual,205,fiesta,150000,11,hybrid,ford,no,2016-03-30,0,35892,2016-04-21 05:39:13
2016-03-19 03:29:42,14864,other,2002,manual,183,yaris,125000,9,gasoline,toyota,no,2016-03-19,0,50612,2016-04-08 16:10:06
2016-04-03 11:07:00,7324,convertible,2006,manual,54,avensis,150000,11,,toyota,yes,2016-04-03,0,80058,2016-04-16 16:10:15
2016-03-12 05:06:11,19146,sedan,2000,manual,198,cooper,125000,2,gasoline,mini,no,2016-03-12,0,20128,2016-03-23 01:33:54
2016-03-26 13:49:03,28298,suv,2010,manual,130,fabia,90000,0,gasoline,skoda,no,2016-03-26,0,9369,2016-04-13 07:31:09
2016-03-14 06:12:22,22234,wagon,2007,auto,97,corsa,125000,7,gasoline,opel,no,2016-03-14,0,80155,2016-04-12 08:59:04
2016-03-16 06:34:35,3455,sedan,1996,manual,200,a1,150000,9,petrol,audi,yes,2016-03-16,0,24742,2016-04-04 02:58:19
2016-04-01 09:48:16,15145,coupe,2008,,63,fortwo,150000,11,petrol,smart,,2016-04-01,0,59855,2016-04-11 22:53:26
2016-03-27 19:58:55,11303,suv,1999,manual,215,3_reihe,150000,5,other,mazda,no,2016-03-27,0,61683,2016-04-07 09:07:47
2016-03-17 13:34:12,22580,suv,1998,manual,246,3_reihe,150000,4,electric,mazda,no,2016-03-17,0,85525,2016-04-05 10:44:17
2016-03-14 17:57:35,36111,convertible,1999,auto,244,corolla,100000,1,petrol,toyota,,2016-03-14,0,87668,2016-03-31 15:27:15
2016-03-19 16:55:55,7857,,2001,manual,0,tucson,125000,3,gasoline,hyundai,,2016-03-19,0,97294,2016-04-07 00:16:57
2016-03-18 19:45:24,5935,sedan,1999,auto,104,passat,150000,1,hybrid,volkswagen,yes,2016-03-18,0,7983,2016-04-01 11:11:33
2016-04-01 05:36:33,8586,wagon,2005,manual,163,,150000,8,gasoline,volkswagen,yes,2016-04-01,0,48832,2016-04-25 18:20:56
2016-03-05 05:04:28,5017,other,1999,manual,177,leon,150000,11,,seat,yes,2016-03-05,0,2781,2016-03-24 06:43:54
2016-03-23 12:06:53,9536,small,1998,auto,166,focus,150000,6,petrol,ford,no,2016-03-23,0,35565,2016-04-07 12:26:15
2016-03-27 06:00:57,14646,convertible,1999,manual,147,500,150000,10,gasoline,fiat,no,2016-03-27,0,96404,2016-04-15 13:24:14
2016-03-06 21:50:57,12616,wagon,2008,manual,80,forfour,150000,10,,smart,no,2016-03-06,0,93741,2016-03-11 02:54:07
2016-03-05 03:30:56,6544,wagon,2008,manual,110,qashqai,150000,7,gasoline,nissan,yes,2016-03-05,0,5565,2016-03-28 13:14:25
2016-03-05 22:22:46,8088,small,2006,manual,133,7er,150000,11,petrol,bmw,,2016-03-05,0,9307,2016-04-02 00:04:27
2016-03-10 17:07:35,36454,coupe,2004,manual,226,insignia,40000,0,gasoline,opel,no,2016-03-10,0,58830,2016-03-19 08:01:39
2016-04-06 17:59:42,25184,sedan,2013,,121,2_reihe,50000,11,petrol,peugeot,no,2016-04-06,0,4640,2016-04-07 07:07:56
2016-03-10 14:55:32,12233,,1997,auto,172,mondeo,100000,3,gasoline,ford,no,2016-03-10,0,54425,2016-04-04 03:31:45
2016-03-25 02:25:05,14307,small,2013,manual,0,2_reihe,125000,10,gasoline,mazda,no,2016-03-25,0,71569,2016-04-03 13:58:17
2016-03-20 21:33:05,16443,small,1996,auto,232,vectra,30000,0,gasoline,opel,no,2016-03-20,0,67348,2016-04-15 23:15:10
2016-03-21 15:54:08,10594,convertible,2002,manual,85,,150000,5,petrol,bmw,,2016-03-21,0,68145,2016-04-06 22:52:16
2016-03-25 12:36:06,6964,suv,2005,manual,68,yaris,125000,10,petrol,toyota,yes,2016-03-25,0,47659,2016-04-01 03:41:41
2016-03-20 03:04:44,21801,sedan,1999,manual,227,andere,100000,10,hybrid,sonstige_autos,no,2016-03-20,0,33006,2016-04-05 05:09:44
2016-04-04 09:26:43,10671,convertible,2003,manual,126,corolla,150000,3,,toyota,,2016-04-04,0,82870,2016-04-22 17:29:29
2016-03-27 00:26:06,8109,sedan,2008,manual,158,mondeo,125000,12,gasoline,ford,yes,2016-03-27,0,5642,2016-04-01 12:40:58
2016-03-06 09:54:16,10778,,2008,manual,69,c4,100000,3,gasoline,citroen,yes,2016-03-06,0,93091,2016-03-23 04:05:14
2016-03-15 17:35:59,17601,sedan,2005,manual,250,forfour,150000,8,cng,smart,no,2016-03-15,0,90002,2016-03-26 21:53:09
2016-03-01 14:57:53,21547,small,2016,manual,237,2_reihe,70000,1,gasoline,peugeot,no,2016-03-01,0,4484,2016-03-26 10:26:12
2016-03-28 01:15:50,11532,wagon,1999,manual,128,2_reihe,150000,4,gasoline,mazda,no,2016-03-28,0,32081,2016-04-02 18:54:53
2016-03-12 01:34:28,29222,suv,2005,manual,85,twingo,80000,5,gasoline,renault,no,2016-03-12,0,77536,2016-04-09 22:12:46
2016-03-28 15:43:46,7499,small,1999,manual,222,andere,90000,5,petrol,sonstige_autos,no,2016-03-28,0,40316,2016-04-05 19:13:55
2016-03-31 01:58:47,20397,suv,1995,auto,208,6_reihe,150000,4,petrol,mazda,no,2016-03-31,0,35450,2016-04-14 19:47:56
2016-04-08 13:46:29,7343,other,2006,manual,138,fortwo,30000,2,other,smart,,2016-04-08,0,40319,2016-04-20 14:59:37
2016-03-05 15:01:52,12157,wagon,2000,manual,128,c3,70000,5,petrol,citroen,,2016-03-05,0,13499,2016-03-24 12:10:42
2016-03-17 05:26:06,11546,small,2011,manual,0,zafira,150000,2,petrol,opel,no,2016-03-17,0,19069,2016-03-28 15:57:03
2016-03-09 12:32:26,16296,small,2008,auto,208,v70,150000,5,gasoline,volvo,no,2016-03-09,0,85689,2016-03-28 15:43:16
2016-03-25 13:41:56,18460,,2007,manual,239,insignia,90000,8,petrol,opel,no,2016-03-25,0,81793,2016-03-30 18:55:11
2016-03-28 19:00:33,22380,small,2014,manual,237,panda,30000,0,gasoline,fiat,no,2016-03-28,0,33721,2016-04-14 14:59:58
2016-04-06 02:06:48,10485,small,2008,manual,109,ibiza,125000,10,gasoline,seat,,2016-04-06,0,49102,2016-04-18 08:54:23
2016-03-16 19:48:38,20842,,2013,manual,236,corsa,125000,7,gasoline,opel,no,2016-03-16,0,41129,2016-04-11 06:53:20
2016-03-24 00:22:27,26158,,2005,manual,212,transporter,70000,5,petrol,volkswagen,no,2016-03-24,0,99234,2016-04-04 05:25:45
2016-03-23 10:13:13,21673,sedan,2014,manual,132,cooper,50000,8,petrol,mini,no,2016-03-23,0,20294,2016-04-16 21:14:34
2016-03-15 22:45:48,16361,other,2002,manual,47,a_klasse,5000,1,gasoline,mercedes_benz,no,2016-03-15,0,50970,2016-04-07 19:03:54
2016-03-11 04:27:51,25429,sedan,2008,auto,0,vectra,150000,6,gasoline,opel,no,2016-03-11,0,40459,2016-04-09 06:29:34
2016-03-18 19:49:17,11415,bus,1999,manual,184,fortwo,150000,4,petrol,smart,no,2016-03-18,0,85777,2016-04-07 06:01:35
2016-03-10 13:45:07,9415,wagon,2002,manual,96,fabia,100000,0,other,skoda,,2016-03-10,0,96509,2016-03-11 10:55:29
2016-04-06 21:53:19,37018,wagon,2006,manual,236,1er,60000,10,hybrid,bmw,no,2016-04-06,0,88857,2016-04-30 22:38:24
2016-04-03 17:50:08,11750,bus,2005,manual,71,note,125000,1,petrol,nissan,no,2016-04-03,0,74795,2016-04-27 02:30:22
2016-03-08 06:52:03,9894,sedan,1996,auto,87,3_reihe,150000,9,petrol,mazda,no,2016-03-08,0,96347,2016-04-04 21:45:47
2016-03-21 03:47:44,5828,wagon,1998,manual,176,v70,5000,9,cng,volvo,yes,2016-03-21,0,43928,2016-04-09 23:52:13
2016-03-11 13:28:55,5299,wagon,1996,manual,154,insignia,50000,1,petrol,opel,yes,2016-03-11,0,60601,2016-03-27 20:59:45
2016-03-02 00:48:51,18315,other,1999,manual,95,mondeo,20000,8,hybrid,ford,no,2016-03-02,0,86663,2016-03-26 16:03:08
2016-04-05 20:34:59,5549,wagon,1999,,161,leon,80000,0,other,seat,yes,2016-04-05,0,20675,2016-04-27 10:12:51
2016-03-28 21:15:57,36237,suv,2005,manual,227,v70,150000,2,electric,volvo,no,2016-03-28,0,23494,2016-04-10 13:23:53
2016-03-24 04:58:43,5273,sedan,1995,manual,100,astra,125000,5,,opel,no,2016-03-24,0,38055,2016-03-25 22:20:59
2016-03-30 11:07:07,26154,convertible,2012,manual,79,corolla,150000,5,gasoline,toyota,no,2016-03-30,0,87090,2016-04-21 13:10:02
2016-03-01 08:45:48,39203,convertible,2010,manual,112,superb,100000,8,gasoline,skoda,no,2016-03-01,0,76019,2016-03-22 17:46:12
2016-03-18 21:43:39,6308,small,1996,,201,ka,150000,5,gasoline,ford,no,2016-03-18,0,68017,2016-04-10 06:16:26
2016-03-12 14:38:27,26270,suv,2005,manual,148,fiesta,80000,11,gasoline,ford,no,2016-03-12,0,78612,2016-03-30 18:59:53
2016-03-20 22:15:38,19013,bus,2001,manual,180,passat,20000,4,gasoline,volkswagen,,2016-03-20,0,15060,2016-04-08 17:00:32
2016-03-13 11:55:28,7577,coupe,2000,,94,zafira,100000,3,gasoline,opel,yes,2016-03-13,0,10265,2016-04-10 14:23:40
2016-04-07 12:15:29,24712,sedan,2014,manual,74,3er,150000,8,hybrid,bmw,no,2016-04-07,0,98943,2016-04-09 05:16:04
2016-03-27 15:16:44,27054,wagon,2010,,147,,60000,2,gasoline,ford,,2016-03-27,0,93173,2016-04-08 15:40:46
2016-03-28 05:57:49,8271,sedan,2012,manual,93,zafira,80000,1,other,opel,no,2016-03-28,0,43872,2016-04-02 21:43:20
2016-03-29 15:51:35,15346,other,2011,manual,144,500,100000,11,petrol,fiat,no,2016-03-29,0,85790,2016-03-31 17:26:12
2016-03-07 17:47:02,30980,wagon,2009,manual,68,panda,10000,5,gasoline,fiat,no,2016-03-07,0,56899,2016-03-26 08:21:56
2016-03-27 19:51:51,6308,,2008,auto,50,i30,150000,10,petrol,hyundai,no,2016-03-27,0,93481,2016-04-24 12:45:32
2016-04-05 04:50:44,19222,,2007,auto,257,scenic,40000,7,petrol,renault,no,2016-04-05,0,56386,2016-04-11 04:40:02
2016-03-29 19:41:31,5934,other,1998,manual,108,6_reihe,80000,11,other,mazda,no,2016-03-29,0,8571,2016-04-24 04:41:57
2016-03-19 01:39:45,8647,,2003,,99,5_reihe,150000,10,petrol,peugeot,no,2016-03-19,0,20421,2016-03-20 06:35:03
2016-04-08 23:24:27,20913,other,2013,manual,151,avensis,100000,8,petrol,toyota,no,2016-04-08,0,5421,2016-04-12 23:38:06
2016-03-31 07:11:22,8964,small,2006,manual,81,c4,125000,12,gasoline,citroen,no,2016-03-31,0,65226,2016-04-12 05:52:17
2016-03-04 23:22:30,20820,other,2013,manual,94,tiguan,150000,12,gasoline,volkswagen,no,2016-03-04,0,39376,2016-04-01 22:22:20
2016-04-01 00:17:33,32568,suv,1998,auto,173,5er,10000,3,gasoline,bmw,no,2016-04-01,0,26487,2016-04-13 00:34:07
2016-03-24 07:29:52,0,small,2011,manual,96,v40,30000,7,petrol,volvo,yes,2016-03-24,0,65302,2016-04-04 12:16:09
2016-03-26 14:21:12,9628,wagon,2001,manual,74,andere,150000,4,gasoline,sonstige_autos,no,2016-03-26,0,38423,2016-03-31 18:53:20
2016-03-09 19:26:24,9059,small,2011,manual,69,cooper,150000,5,petrol,mini,no,2016-03-09,0,66158,2016-04-08 04:49:43
2016-03-14 03:19:57,17405,sedan,2011,manual,174,polo,150000,12,gasoline,volkswagen,no,2016-03-14,0,17345,2016-04-03 18:08:34
2016-03-01 20:17:09,0,wagon,2000,auto,232,focus,50000,0,gasoline,ford,,2016-03-01,0,66166,2016-03-09 11:21:50
2016-04-06 11:13:01,14110,wagon,2002,,135,polo,150000,8,gasoline,volkswagen,no,2016-04-06,0,87783,2016-04-14 22:01:38
2016-03-31 18:17:49,28585,convertible,2010,manual,148,mondeo,50000,2,petrol,ford,,2016-03-31,0,50506,2016-04-03 02:08:07
2016-03-22 03:20:28,18777,other,2004,auto,139,i30,150000,12,gasoline,hyundai,no,2016-03-22,0,69529,2016-04-14 08:31:44
2016-03-13 12:42:52,32571,convertible,2014,manual,233,clubman,40000,7,petrol,mini,,2016-03-13,0,32182,2016-04-02 04:25:07
2016-03-14 04:19:16,0,suv,1997,manual,161,corsa,80000,4,gasoline,opel,no,2016-03-14,0,51911,2016-04-04 11:25:46
2016-03-31 06:07:09,12405,small,2012,manual,208,c4,125000,1,petrol,citroen,no,2016-03-31,0,94293,2016-04-15 09:43:15
2016-03-18 22:44:02,27036,other,2010,manual,249,500,125000,4,gasoline,fiat,no,2016-03-18,0,40946,2016-04-11 10:03:25
2016-03-17 16:58:50,8474,other,1999,manual,92,forfour,150000,6,lpg,smart,no,2016-03-17,0,45119,2016-04-09 03:10:12
2016-03-05 16:57:22,7304,suv,2003,manual,71,clubman,125000,4,gasoline,mini,yes,2016-03-05,0,59431,2016-03-20 23:06:27
2016-03-23 20:08:10,8778,wagon,2004,manual,241,2_reihe,60000,8,,peugeot,yes,2016-03-23,0,66533,2016-04-08 08:41:27
2016-03-23 14:28:01,9286,other,1996,auto,116,3_reihe,150000,6,petrol,mazda,,2016-03-23,0,20199,2016-04-20 09:06:28
2016-03-05 12:26:15,11274,sedan,2006,manual,78,touran,150000,6,gasoline,volkswagen,no,2016-03-05,0,64171,2016-03-27 17:48:42
2016-03-26 07:25:18,7055,small,1996,manual,180,focus,90000,0,,ford,no,2016-03-26,0,21761,2016-04-13 01:27:39
2016-03-09 05:19:00,12739,wagon,2004,manual,152,x_reihe,150000,12,other,bmw,no,2016-03-09,0,81135,2016-03-17 03:13:45
2016-03-30 02:43:33,0,small,2003,manual,180,e_klasse,150000,4,other,mercedes_benz,,2016-03-30,0,65149,2016-04-25 04:19:18
2016-03-08 13:05:57,15049,other,2007,manual,165,7er,80000,3,petrol,bmw,no,2016-03-08,0,66277,2016-04-03 22:27:07
2016-03-02 01:05:00,7815,sedan,1998,manual,134,andere,80000,9,electric,sonstige_autos,,2016-03-02,0,80489,2016-03-03 11:40:06
2016-03-21 07:47:13,10254,,2007,,75,andere,150000,7,petrol,sonstige_autos,no,2016-03-21,0,94084,2016-03-29 20:40:41
2016-04-04 13:46:22,5682,sedan,1995,manual,137,fiesta,60000,12,gasoline,ford,yes,2016-04-04,0,98409,2016-04-23 16:53:37
2016-03-03 17:28:37,22822,coupe,2009,manual,43,astra,100000,0,hybrid,opel,no,2016-03-03,0,14846,2016-03-29 22:59:30
2016-03-22 11:04:48,39423,coupe,2009,auto,125,i20,90000,1,gasoline,hyundai,no,2016-03-22,0,57224,2016-03-31 14:46:09
2016-03-17 09:01:15,6441,other,2014,manual,108,x_reihe,50000,3,other,bmw,yes,2016-03-17,0,60745,2016-03-31 02:19:54
2016-04-03 15:59:24,5024,small,2016,manual,160,panda,150000,11,petrol,fiat,yes,2016-04-03,0,21572,2016-04-27 13:17:09
2016-04-03 00:12:41,4752,other,2001,manual,229,2_reihe,150000,2,petrol,peugeot,yes,2016-04-03,0,78268,2016-04-04 05:33:57
2016-03-12 09:45:42,6621,sedan,1996,manual,226,ka,20000,9,gasoline,ford,,2016-03-12,0,88240,2016-03-23 15:30:22
2016-03-06 06:23:08,7418,other,1996,auto,72,,150000,5,petrol,seat,no,2016-03-06,0,76458,2016-03-19 10:55:39
2016-03-17 04:11:00,12622,other,1995,manual,195,polo,150000,5,hybrid,volkswagen,no,2016-03-17,0,14487,2016-03-26 23:29:15
2016-03-30 00:57:32,8698,,2002,manual,205,fabia,80000,6,petrol,skoda,no,2016-03-30,0,4701,2016-03-31 23:24:15
2016-04-05 20:06:02,13998,wagon,2013,manual,129,500,125000,5,other,fiat,,2016-04-05,0,80196,2016-04-13 07:26:10
2016-03-07 17:33:56,4729,,1998,manual,150,fortwo,150000,1,petrol,smart,yes,2016-03-07,0,38896,2016-03-22 09:38:34
2016-03-10 20:10:37,90000,,2010,manual,202,a_klasse,125000,0,hybrid,mercedes_benz,yes,2016-03-10,0,8233,2016-03-16 06:26:53
2016-03-08 13:29:06,10694,sedan,2015,,104,tiguan,150000,6,gasoline,volkswagen,yes,2016-03-08,0,26202,2016-03-12 20:40:26
2016-03-14 15:27:58,1785,,1995,auto,50,mondeo,125000,9,gasoline,ford,yes,2016-03-14,0,7529,2016-03-20 02:58:25
2016-04-08 00:35:53,32538,coupe,2015,auto,148,transporter,50000,11,other,volkswagen,no,2016-04-08,0,72024,2016-04-09 17:16:14
2016-03-22 08:08:48,25382,other,2010,manual,171,3_reihe,50000,7,gasoline,mazda,no,2016-03-22,0,26573,2016-04-21 04:22:01
2016-03-21 19:15:42,0,sedan,2008,manual,147,megane,150000,0,,renault,no,2016-03-21,0,60018,2016-03-31 09:45:19
2016-03-26 02:14:54,7876,other,1998,manual,79,c4,125000,2,gasoline,citroen,no,2016-03-26,0,41987,2016-04-08 07:51:32
2016-04-07 01:52:43,6538,small,1998,manual,219,megane,150000,2,petrol,renault,no,2016-04-07,0,97069,2016-04-26 17:24:41
2016-03-13 22:08:39,23499,other,2009,manual,103,7er,40000,12,electric,bmw,no,2016-03-13,0,79292,2016-04-05 14:05:59
2016-03-17 10:06:21,30630,wagon,2004,manual,233,,30000,11,gasoline,audi,no,2016-03-17,0,25716,2016-04-01 12:52:19
2016-03-24 23:45:53,9556,coupe,2001,manual,40,octavia,125000,11,other,skoda,no,2016-03-24,0,30330,2016-03-28 05:28:43
2016-03-30 10:23:54,6032,,2013,manual,218,tiguan,60000,4,,volkswagen,yes,2016-03-30,0,18760,2016-04-02 06:27:56
2016-03-16 19:33:37,18437,other,2009,auto,66,clio,30000,2,other,renault,no,2016-03-16,0,60041,2016-03-25 17:57:00
2016-03-02 09:51:46,10534,sedan,1997,manual,240,andere,125000,7,other,sonstige_autos,no,2016-03-02,0,61561,2016-03-29 18:58:41
2016-03-29 23:00:20,20464,sedan,2006,auto,72,,90000,3,petrol,renault,,2016-03-29,0,91909,2016-04-28 13:17:19
2016-03-18 00:13:08,1886,,1997,,55,cooper,30000,5,other,mini,,2016-03-18,0,87044,2016-04-08 05:29:26
2016-03-26 00:53:53,12814,,2005,manual,114,x_reihe,80000,11,other,bmw,no,2016-03-26,0,89948,2016-04-09 17:22:08
2016-03-09 08:36:58,13066,coupe,1996,manual,251,500,150000,12,other,fiat,,2016-03-09,0,24898,2016-03-18 09:08:55
2016-04-06 18:51:44,10688,suv,1900,manual,173,clio,90000,9,gasoline,renault,yes,2016-04-06,0,18920,2016-04-21 17:51:33
2016-03-12 03:29:17,13956,sedan,2003,manual,165,andere,90000,7,gasoline,sonstige_autos,,2016-03-12,0,98240,2016-03-25 00:14:52
2016-03-05 01:10:51,5338,sedan,2001,manual,72,golf,125000,11,gasoline,volkswagen,,2016-03-05,0,7282,2016-03-12 10:53:38
2016-03-18 01:01:34,7271,other,1998,auto,249,6_reihe,150000,5,other,mazda,,2016-03-18,0,53442,2016-03-19 00:40:29
2016-03-15 10:38:01,19298,suv,2013,manual,67,tucson,125000,7,petrol,hyundai,no,2016-03-15,0,13561,2016-03-16 06:01:54
2016-03-18 22:45:55,34481,coupe,2015,,221,note,60000,2,gasoline,nissan,no,2016-03-18,0,14446,2016-03-20 01:02:50
2016-03-01 22:09:51,11597,suv,2013,manual,207,octavia,150000,9,,skoda,yes,2016-03-01,0,79993,2016-03-24 15:40:16
2016-04-06 06:45:14,44777,convertible,2014,auto,122,3er,150000,6,gasoline,bmw,no,2016-04-06,0,56408,2016-04-06 23:14:14
2016-03-11 05:08:54,32299,coupe,2009,auto,226,andere,90000,3,,sonstige_autos,no,2016-03-11,0,34340,2016-04-06 02:24:42
2016-03-27 05:27:45,13314,wagon,2002,manual,244,q5,60000,1,other,audi,,2016-03-27,0,66251,2016-04-22 16:14:32
2016-03-29 14:59:38,7808,sedan,2008,manual,171,panda,150000,7,gasoline,fiat,yes,2016-03-29,0,83321,2016-03-30 04:01:34
2016-03-19 03:36:03,23973,other,2006,manual,52,andere,80000,8,hybrid,sonstige_autos,no,2016-03-19,0,10954,2016-03-24 09:11:53
2016-03-07 11:43:25,16680,convertible,1900,auto,164,v70,150000,0,,volvo,yes,2016-03-07,0,10187,2016-03-29 23:51:06
2016-03-30 22:07:14,27466,sedan,2010,auto,40,cooper,5000,11,gasoline,mini,no,2016-03-30,0,5102,2016-04-21 19:07:24
2016-03-07 04:40:35,41947,bus,2013,auto,214,fortwo,125000,11,petrol,smart,no,2016-03-07,0,24226,2016-03-11 22:15:19
2016-03-30 05:48:03,22421,suv,2006,auto,54,focus,150000,7,gasoline,ford,,2016-03-30,0,21271,2016-04-03 10:02:08
2016-03-06 02:15:29,3987,small,2002,manual,70,forfour,125000,12,petrol,smart,no,2016-03-06,0,64818,2016-03-15 19:45:31
2016-03-31 13:34:14,8922,small,2001,auto,79,e_klasse,150000,6,gasoline,mercedes_benz,no,2016-03-31,0,65238,2016-04-14 11:01:35
2016-04-01 01:10:27,14197,sedan,1999,auto,210,astra,150000,3,other,opel,no,2016-04-01,0,80781,2016-04-09 17:28:11
2016-03-11 17:07:36,6857,sedan,1996,manual,86,note,150000,7,,nissan,,2016-03-11,0,41868,2016-03-24 07:14:41
2016-03-22 05:28:57,8167,other,2004,manual,90,c_klasse,150000,7,petrol,mercedes_benz,no,2016-03-22,0,2055,2016-04-14 04:08:40
2016-03-18 13:40:19,10183,convertible,2001,manual,99,6_reihe,150000,4,petrol,mazda,no,2016-03-18,0,82583,2016-03-29 23:25:07
2016-03-16 13:09:34,42209,bus,2003,manual,250,e_klasse,5000,0,hybrid,mercedes_benz,no,2016-03-16,0,93002,2016-03-26 07:29:29
2016-03-06 02:15:49,29801,suv,1996,auto,234,7er,80000,11,petrol,bmw,no,2016-03-06,0,84558,2016-04-04 15:31:58
2016-03-30 02:55:38,13146,wagon,1998,manual,143,2_reihe,125000,2,gasoline,mazda,,2016-03-30,0,16348,2016-04-11 22:35:15
2016-03-08 01:46:35,12367,other,2013,manual,44,andere,150000,3,petrol,sonstige_autos,no,2016-03-08,0,99775,2016-03-09 04:02:04
2016-03-14 04:51:50,9253,other,2016,manual,157,,70000,7,petrol,volkswagen,yes,2016-03-14,0,90395,2016-03-27 05:16:53
2016-03-30 23:48:12,19952,sedan,2000,auto,195,altea,150000,8,gasoline,seat,no,2016-03-30,0,92633,2016-04-21 04:25:57
2016-03-29 19:34:34,20291,sedan,2015,manual,205,tucson,150000,12,,hyundai,no,2016-03-29,0,69588,2016-03-31 09:07:15
2016-03-31 20:25:15,9390,small,2014,manual,49,micra,125000,11,petrol,nissan,no,2016-03-31,0,33968,2016-04-10 05:15:53
2016-03-05 14:13:18,26106,convertible,2001,manual,134,3_reihe,150000,6,hybrid,mazda,no,2016-03-05,0,77677,2016-03-06 04:18:08
2016-03-12 16:58:04,6895,sedan,2008,manual,146,altea,10000,7,petrol,seat,yes,2016-03-12,0,18523,2016-03-26 01:29:43
2016-04-04 10:16:57,7132,other,1997,auto,79,c3,125000,5,lpg,citroen,no,2016-04-04,0,84104,2016-04-08 08:52:12
2016-03-17 20:50:23,16531,other,2015,,80,3_reihe,150000,0,other,peugeot,no,2016-03-17,0,86395,2016-03-26 03:09:26
2016-04-06 16:32:45,4336,bus,1999,manual,99,ka,150000,11,gasoline,ford,,2016-04-06,0,25418,2016-04-19 05:38:08
2016-04-03 09:38:30,25006,other,2016,manual,43,twingo,125000,1,gasoline,renault,no,2016-04-03,0,12185,2016-05-02 13:14:49
2016-03-27 01:55:52,19849,other,2004,manual,232,andere,40000,10,petrol,sonstige_autos,no,2016-03-27,0,47464,2016-04-08 00:34:28
2016-03-31 05:57:32,8010,wagon,2000,manual,68,forfour,150000,0,other,smart,no,2016-03-31,0,3051,2016-04-25 15:27:54
2016-03-23 04:38:11,10920,small,1995,auto,192,500,100000,4,petrol,fiat,no,2016-03-23,0,33788,2016-03-30 15:40:43
2016-03-29 20:22:48,18566,small,2016,manual,247,3_reihe,90000,0,,mazda,,2016-03-29,0,24411,2016-04-18 23:56:44
2016-03-25 21:44:43,5240,sedan,1996,manual,120,,125000,2,other,peugeot,no,2016-03-25,0,69684,2016-04-13 23:17:48
2016-03-08 11:01:37,19911,suv,2007,manual,119,c3,150000,11,petrol,citroen,no,2016-03-08,0,86143,2016-04-03 22:31:12
2016-03-27 03:03:15,4931,other,1998,auto,57,cooper,100000,4,gasoline,mini,yes,2016-03-27,0,81616,2016-04-21 20:43:13
2016-04-09 00:13:03,5595,sedan,2011,manual,0,a3,150000,9,other,audi,,2016-04-09,0,27094,2016-04-28 16:07:25
2016-03-09 20:47:14,9687,bus,2008,manual,94,clio,100000,11,gasoline,renault,yes,2016-03-09,0,74523,2016-04-02 08:42:33
2016-03-14 18:50:41,22865,convertible,2004,manual,231,6_reihe,5000,12,other,mazda,no,2016-03-14,0,53419,2016-04-01 20:23:18
2016-03-29 16:58:41,17334,coupe,1997,manual,184,s60,125000,4,gasoline,volvo,no,2016-03-29,0,86525,2016-04-14 21:36:54
2016-03-21 00:37:59,14709,suv,1997,auto,62,forfour,150000,2,gasoline,smart,no,2016-03-21,0,78210,2016-03-26 13:46:12
2016-03-15 18:44:52,17668,,2007,manual,82,scenic,150000,6,hybrid,renault,no,2016-03-15,0,79496,2016-04-09 03:41:32
2016-04-09 16:26:48,8324,small,1998,auto,99,,80000,12,petrol,sonstige_autos,no,2016-04-09,0,10066,2016-04-27 13:09:30
2016-03-31 06:37:50,26363,sedan,2011,auto,206,clubman,150000,12,cng,mini,no,2016-03-31,0,36922,2016-04-29 10:36:07
2016-03-06 11:43:10,14998,sedan,2007,manual,84,i20,70000,3,other,hyundai,,2016-03-06,0,20563,2016-03-07 17:56:25
2016-03-12 00:19:25,5121,small,1997,manual,224,forfour,100000,10,hybrid,smart,yes,2016-03-12,0,17875,2016-03-17 20:56:18
2016-03-02 12:27:59,22145,other,2011,manual,257,tucson,80000,5,other,hyundai,,2016-03-02,0,14419,2016-03-28 22:11:38
2016-03-17 12:43:24,8946,other,2002,manual,89,vectra,150000,7,cng,opel,no,2016-03-17,0,87164,2016-03-22 08:08:33
2016-03-20 14:57:18,9961,small,2003,auto,59,1er,90000,11,gasoline,bmw,no,2016-03-20,0,38151,2016-03-24 05:06:38
2016-03-02 12:42:31,43511,convertible,2015,manual,68,astra,30000,0,gasoline,opel,no,2016-03-02,0,11047,2016-03-16 00:00:59
2016-03-09 17:16:56,17295,convertible,2010,manual,114,3_reihe,150000,11,petrol,mazda,no,2016-03-09,0,40254,2016-03-12 21:12:38
2016-03-30 17:22:28,9250,sedan,2001,manual,48,micra,150000,5,gasoline,nissan,no,2016-03-30,0,71686,2016-04-13 13:24:33
2016-03-06 08:13:42,22991,other,2016,auto,105,,150000,8,other,mini,no,2016-03-06,0,28020,2016-03-07 20:06:42
2016-03-12 14:46:47,29857,wagon,2012,auto,225,,150000,8,petrol,peugeot,no,2016-03-12,0,37833,2016-03-28 20:21:11
2016-04-04 19:27:58,5903,small,1996,manual,230,s_klasse,150000,0,petrol,mercedes_benz,no,2016-04-04,0,40271,2016-04-25 16:58:51
2016-03-05 09:10:45,17748,sedan,2001,auto,146,andere,125000,2,gasoline,sonstige_autos,no,2016-03-05,0,83267,2016-03-23 21:38:18
2016-03-31 22:02:11,7937,coupe,2005,,73,corolla,150000,0,gasoline,toyota,yes,2016-03-31,0,96443,2016-04-06 02:43:53
2016-03-04 06:43:35,10205,other,2008,manual,123,3_reihe,150000,6,petrol,mazda,,2016-03-04,0,43521,2016-03-21 12:26:37
2016-03-26 05:02:49,22931,convertible,2001,manual,88,a6,50000,7,gasoline,audi,no,2016-03-26,0,84321,2016-03-27 19:18:27
2016-04-06 19:53:09,16497,sedan,2008,manual,134,a_klasse,125000,11,gasoline,mercedes_benz,no,2016-04-06,0,33305,2016-05-05 00:04:53
2016-04-09 11:54:02,9637,other,2012,,155,a1,100000,5,other,audi,no,2016-04-09,0,44405,2016-04-23 08:41:51
2016-04-07 02:13:44,10397,small,2014,manual,74,yaris,125000,1,petrol,toyota,no,2016-04-07,0,75497,2016-04-10 15:44:28
2016-03-09 15:29:42,25875,convertible,2013,manual,245,clubman,60000,4,other,mini,no,2016-03-09,0,92579,2016-03-27 13:22:58
2016-03-08 05:09:34,14046,small,2010,,225,fabia,100000,10,other,skoda,no,2016-03-08,0,88062,2016-03-25 19:23:15
2016-03-31 09:41:34,28735,,2014,manual,90,megane,150000,9,gasoline,renault,no,2016-03-31,0,34551,2016-04-25 19:12:43
2016-04-07 12:27:52,9356,small,1995,manual,170,,60000,12,gasoline,ford,,2016-04-07,0,56425,2016-04-22 06:06:12
2016-03-24 03:33:29,27091,coupe,2006,manual,225,forfour,150000,1,hybrid,smart,,2016-03-24,0,50013,2016-04-13 00:17:34
2016-03-04 21:05:32,6895,small,1997,manual,142,andere,90000,10,petrol,sonstige_autos,no,2016-03-04,0,52288,2016-03-22 21:33:59
2016-04-06 18:37:13,11032,suv,2002,auto,54,a_klasse,150000,5,petrol,mercedes_benz,no,2016-04-06,0,7531,2016-05-04 14:45:16
2016-03-10 15:46:20,11405,sedan,2013,auto,252,500,125000,11,petrol,fiat,yes,2016-03-10,0,74528,2016-03-19 03:27:13
2016-03-16 02:15:22,21698,other,2011,manual,253,,150000,3,petrol,seat,no,2016-03-16,0,1137,2016-04-12 18:13:23
2016-03-19 12:48:30,15815,,2000,manual,141,touran,80000,5,gasoline,volkswagen,no,2016-03-19,0,82725,2016-04-13 19:28:24
2016-03-10 05:05:51,17852,sedan,2003,manual,194,3_reihe,150000,10,gasoline,mazda,no,2016-03-10,0,54108,2016-03-12 01:34:51
2016-04-07 04:35:21,7214,small,1998,manual,205,,90000,4,other,smart,no,2016-04-07,0,6177,2016-04-17 08:09:08
2016-04-07 18:10:08,11592,,2005,manual,0,c3,150000,5,gasoline,citroen,no,2016-04-07,0,99378,2016-04-19 19:09:01
2016-03-21 10:36:21,10722,other,1999,manual,109,forfour,80000,3,other,smart,,2016-03-21,0,24672,2016-04-04 14:26:12
2016-03-19 14:13:06,19006,other,1998,manual,226,ka,70000,3,,ford,no,2016-03-19,0,94171,2016-03-31 00:14:56
2016-04-06 19:15:33,9404,wagon,1998,manual,46,clio,90000,6,gasoline,renault,no,2016-04-06,0,30494,2016-04-10 09:37:03
2016-03-15 15:53:05,15503,sedan,2016,manual,107,note,100000,6,gasoline,nissan,no,2016-03-15,0,86667,2016-03-28 05:13:24
2016-03-01 17:53:23,26186,bus,2013,manual,119,tucson,10000,12,petrol,hyundai,no,2016-03-01,0,90192,2016-03-14 05:59:18
2016-03-09 05:59:16,8341,sedan,1998,manual,120,twingo,150000,5,gasoline,renault,no,2016-03-09,0,76939,2016-03-20 06:01:36
2016-04-02 01:24:08,5591,small,1998,,225,s60,70000,2,electric,volvo,yes,2016-04-02,0,7386,2016-04-24 23:02:24
2016-03-15 07:08:20,40431,wagon,2012,manual,131,octavia,20000,8,hybrid,skoda,,2016-03-15,0,5157,2016-04-05 06:01:13
2016-03-04 18:18:47,11112,small,2014,manual,148,clubman,125000,5,petrol,mini,no,2016-03-04,0,69993,2016-03-25 19:02:01
2016-04-07 13:48:05,10287,small,2010,manual,187,3_reihe,150000,8,,mazda,no,2016-04-07,0,29817,2016-04-26 19:02:52
2016-03-09 04:41:11,14813,wagon,1999,manual,191,punto,80000,5,petrol,fiat,no,2016-03-09,0,37405,2016-03-11 14:54:46
2016-03-07 19:14:40,15489,wagon,2007,manual,131,fabia,150000,6,,skoda,no,2016-03-07,0,47550,2016-03-10 14:09:16
2016-04-07 21:51:18,15203,other,1996,manual,131,twingo,60000,2,gasoline,renault,,2016-04-07,0,80664,2016-04-23 00:07:27
2016-04-04 09:27:54,8408,small,1998,manual,159,altea,90000,0,gasoline,seat,no,2016-04-04,0,1252,2016-04-24 07:13:03
2016-03-23 21:25:08,20029,coupe,1998,auto,83,c4,100000,3,gasoline,citroen,no,2016-03-23,0,62766,2016-03-29 17:31:50
2016-04-01 18:50:19,11877,other,2008,manual,73,tucson,125000,1,petrol,hyundai,no,2016-04-01,0,61705,2016-05-01 07:28:25
2016-03-19 16:46:24,24264,sedan,2013,manual,96,forfour,50000,3,gasoline,smart,no,2016-03-19,0,83641,2016-04-04 02:48:49
2016-03-15 02:34:40,23511,other,2014,manual,214,500,150000,4,gasoline,fiat,no,2016-03-15,0,97474,2016-04-03 00:29:27
2016-03-18 00:53:37,16945,small,2000,auto,230,a1,80000,6,gasoline,audi,no,2016-03-18,0,66036,2016-04-05 04:37:44
2016-03-09 00:47:08,8413,,1999,manual,190,6_reihe,150000,9,gasoline,mazda,no,2016-03-09,0,94317,2016-03-14 10:22:46
2016-03-28 22:22:56,35829,other,2016,manual,197,3_reihe,60000,8,electric,mazda,,2016-03-28,0,22361,2016-04-11 05:46:14
2016-03-14 20:41:03,16622,other,2009,manual,161,,150000,4,petrol,seat,no,2016-03-14,0,5493,2016-03-31 03:33:53
2016-03-26 01:31:16,7715,suv,1996,manual,106,panda,150000,10,petrol,fiat,no,2016-03-26,0,72346,2016-04-18 17:11:45
2016-03-17 16:06:03,20570,sedan,2003,manual,176,golf,70000,7,hybrid,volkswagen,no,2016-03-17,0,36996,2016-03-30 11:57:44
2016-04-05 15:11:14,26669,convertible,2011,manual,113,s60,100000,1,gasoline,volvo,no,2016-04-05,0,88471,2016-05-01 16:54:09
2016-03-18 21:07:48,5763,sedan,2008,,42,3_reihe,100000,9,gasoline,peugeot,yes,2016-03-18,0,87583,2016-04-06 06:36:39
2016-04-06 00:50:11,22318,small,2016,auto,150,i30,100000,8,gasoline,hyundai,no,2016-04-06,0,20174,2016-04-10 19:26:00
2016-03-17 09:53:55,22705,,2008,manual,241,fortwo,80000,7,petrol,smart,,2016-03-17,0,90477,2016-03-22 17:55:47
2016-03-25 16:49:01,25383,coupe,1998,manual,211,c4,150000,8,electric,citroen,no,2016-03-25,0,49647,2016-03-30 13:31:04
2016-03-13 19:22:07,5106,other,2014,manual,61,e_klasse,150000,5,,mercedes_benz,yes,2016-03-13,0,50574,2016-04-04 08:18:21
2016-04-01 16:43:52,36234,bus,2013,auto,125,cooper,125000,4,gasoline,mini,,2016-04-01,0,22497,2016-04-25 14:31:09
2016-03-15 04:42:18,14084,coupe,1995,manual,233,ka,150000,5,other,ford,no,2016-03-15,0,88873,2016-04-04 03:37:05
2016-03-03 05:55:51,4547,small,2012,manual,87,forfour,30000,9,petrol,smart,yes,2016-03-03,0,21337,2016-03-24 00:46:38
2016-03-12 11:20:53,15386,wagon,2011,manual,107,vectra,150000,5,petrol,opel,,2016-03-12,0,27875,2016-04-09 20:44:48
2016-04-08 20:29:27,8526,small,1995,manual,259,polo,125000,6,gasoline,volkswagen,no,2016-04-08,0,75356,2016-04-15 17:49:54
2016-03-08 22:46:35,7107,bus,1996,manual,216,scenic,30000,0,,renault,yes,2016-03-08,0,10718,2016-03-31 08:45:12
2016-03-21 12:04:14,22559,coupe,2013,manual,137,vectra,100000,2,other,opel,no,2016-03-21,0,37028,2016-04-06 19:43:50
2016-03-21 12:41:43,16801,bus,2001,auto,133,a1,80000,12,petrol,audi,no,2016-03-21,0,40052,2016-04-16 12:17:30
2016-03-16 12:19:24,12494,suv,2000,manual,117,vectra,150000,5,gasoline,opel,no,2016-03-16,0,69674,2016-04-08 04:38:25
2016-03-23 02:45:51,3315,small,1996,manual,103,panda,70000,0,hybrid,fiat,yes,2016-03-23,0,83027,2016-04-04 01:53:58
2016-04-01 09:45:08,19801,coupe,2003,auto,100,fiesta,150000,7,petrol,ford,no,2016-04-01,0,43585,2016-04-05 18:41:49
2016-03-11 21:15:54,4027,bus,2000,manual,110,passat,150000,0,gasoline,volkswagen,yes,2016-03-11,0,7953,2016-03-22 04:22:06
2016-03-28 18:20:46,12558,bus,1998,manual,48,focus,10000,11,gasoline,ford,no,2016-03-28,0,17171,2016-04-16 09:31:50
2016-04-07 14:53:25,27364,other,2013,auto,108,i20,150000,9,gasoline,hyundai,no,2016-04-07,0,32216,2016-04-15 15:23:01
2016-03-05 07:34:38,5066,other,1995,manual,159,clio,150000,9,,renault,no,2016-03-05,0,6204,2016-03-29 07:28:27
2016-04-07 13:18:20,11871,small,2010,manual,88,corolla,125000,9,gasoline,toyota,,2016-04-07,0,84129,2016-04-30 08:39:26
2016-03-02 09:13:16,21672,wagon,2011,manual,209,c_klasse,70000,3,,mercedes_benz,no,2016-03-02,0,40337,2016-03-17 21:22:45
2016-04-03 14:07:20,39565,suv,2012,auto,155,forfour,150000,2,other,smart,no,2016-04-03,0,97097,2016-04-15 06:25:42
2016-03-30 16:14:00,46055,suv,2009,manual,155,2_reihe,30000,8,gasoline,mazda,no,2016-03-30,0,63594,2016-04-21 18:41:33
2016-03-07 13:46:50,16107,sedan,2000,manual,238,corolla,150000,0,gasoline,toyota,,2016-03-07,0,57124,2016-03-31 08:37:58
2016-03-08 07:20:56,21460,,2006,manual,246,golf,10000,10,petrol,volkswagen,no,2016-03-08,0,78782,2016-03-22 18:08:32
2016-03-16 11:37:36,26512,suv,2004,manual,224,transporter,40000,9,cng,volkswagen,no,2016-03-16,0,37156,2016-04-10 22:56:11
2016-04-04 12:14:11,14413,,2014,manual,168,qashqai,60000,9,other,nissan,no,2016-04-04,0,52825,2016-04-25 08:53:09
2016-04-03 18:06:49,17803,sedan,2016,manual,178,ibiza,125000,12,other,seat,,2016-04-03,0,33570,2016-04-28 16:35:14
2016-03-18 22:09:08,26531,suv,2006,,114,3er,20000,3,petrol,bmw,no,2016-03-18,0,51611,2016-03-31 06:58:09
2016-03-12 02:49:39,10736,other,2004,auto,46,a_klasse,150000,11,petrol,mercedes_benz,no,2016-03-12,0,92461,2016-03-25 03:57:59
2016-03-29 09:04:17,8439,wagon,1998,,48,focus,50000,0,petrol,ford,no,2016-03-29,0,60531,2016-04-12 09:45:39
2016-04-09 08:55:10,13037,,2012,manual,62,micra,150000,5,petrol,nissan,,2016-04-09,0,60592,2016-05-05 14:36:47
2016-03-05 17:22:56,35357,suv,1999,manual,242,e_klasse,30000,11,gasoline,mercedes_benz,,2016-03-05,0,89845,2016-03-11 19:45:29
2016-03-18 02:12:15,3157,small,1998,manual,252,megane,70000,9,other,renault,yes,2016-03-18,0,57469,2016-04-15 21:16:33
2016-04-05 22:02:52,26165,bus,2010,manual,202,s60,150000,6,gasoline,volvo,,2016-04-05,0,75860,2016-04-26 14:20:55
2016-03-28 18:12:51,11657,small,2016,manual,247,3_reihe,60000,11,petrol,peugeot,no,2016-03-28,0,81266,2016-04-14 00:12:11
2016-03-02 00:23:29,22109,suv,2015,manual,189,qashqai,150000,8,petrol,nissan,,2016-03-02,0,67925,2016-03-19 07:11:43
2016-03-10 10:44:29,7224,other,2001,manual,107,forfour,150000,9,gasoline,smart,no,2016-03-10,0,65912,2016-03-30 04:16:16
2016-04-09 19:08:54,16591,other,2015,manual,109,vectra,125000,7,gasoline,opel,,2016-04-09,0,47172,2016-04-28 03:11:27
2016-03-20 00:47:38,50310,,1998,,157,,80000,11,hybrid,volkswagen,no,2016-03-20,0,86888,2016-04-11 15:18:53
2016-03-14 18:01:12,18594,bus,2014,manual,199,fortwo,150000,0,petrol,smart,no,2016-03-14,0,71973,2016-03-22 09:24:35
2016-03-03 10:45:17,18274,bus,2001,manual,154,clio,150000,0,gasoline,renault,no,2016-03-03,0,19463,2016-03-14 01:54:03
2016-03-23 20:41:00,8879,sedan,2001,manual,81,ka,150000,11,petrol,ford,no,2016-03-23,0,67955,2016-04-12 22:04:51
2016-03-24 20:36:45,19897,bus,2009,manual,136,punto,150000,4,,fiat,no,2016-03-24,0,3393,2016-04-04 09:04:03
2016-03-19 02:11:59,29408,wagon,2013,auto,245,c4,80000,6,other,citroen,no,2016-03-19,0,96795,2016-03-31 12:28:14
2016-03-09 14:02:43,23853,sedan,2003,auto,126,megane,80000,4,gasoline,renault,,2016-03-09,0,99107,2016-04-01 08:39:38
2016-03-20 21:10:52,32815,suv,2015,manual,219,,125000,5,petrol,skoda,no,2016-03-20,0,96517,2016-04-01 20:57:11
2016-03-12 12:22:13,24696,wagon,2010,auto,221,corolla,150000,3,other,toyota,no,2016-03-12,0,12030,2016-03-21 13:32:17
2016-03-21 22:44:33,19227,wagon,2000,auto,92,avensis,70000,12,gasoline,toyota,no,2016-03-21,0,26809,2016-03-30 09:53:34
2016-03-29 01:22:38,14191,other,2015,auto,187,a3,90000,0,petrol,audi,yes,2016-03-29,0,73645,2016-04-16 18:45:54
2016-03-04 10:03:03,14737,coupe,2006,manual,113,i20,70000,11,gasoline,hyundai,,2016-03-04,0,27774,2016-03-15 03:40:10
2016-03-12 02:16:47,7730,suv,2001,manual,60,c3,125000,3,other,citroen,no,2016-03-12,0,54916,2016-03-18 15:45:43
2016-03-11 04:02:50,6405,sedan,1999,manual,87,ibiza,150000,5,gasoline,seat,no,2016-03-11,0,72513,2016-03-11 05:47:13
2016-03-31 22:07:27,13379,wagon,2006,manual,67,a1,125000,9,petrol,audi,no,2016-03-31,0,5837,2016-04-20 15:40:54
2016-03-28 11:08:32,13391,small,2013,auto,181,a_klasse,90000,12,petrol,mercedes_benz,no,2016-03-28,0,68609,2016-04-03 21:37:58
2016-04-03 20:56:56,12945,small,2011,manual,189,fortwo,20000,12,gasoline,smart,no,2016-04-03,0,36507,2016-04-19 14:41:34
2016-03-10 14:16:58,11985,bus,2010,manual,113,clio,125000,4,petrol,renault,no,2016-03-10,0,1159,2016-03-30 20:43:34
2016-03-22 00:38:26,8280,small,2003,manual,159,a1,125000,9,cng,audi,no,2016-03-22,0,77186,2016-04-06 03:45:00
2016-03-09 18:08:41,19191,wagon,1995,auto,116,clubman,60000,12,gasoline,mini,,2016-03-09,0,77546,2016-03-16 04:23:17
2016-04-04 17:49:08,14919,small,2011,manual,115,fiesta,80000,8,,ford,no,2016-04-04,0,91950,2016-04-18 12:24:31
2016-03-15 13:57:48,30272,coupe,1997,manual,216,superb,30000,0,gasoline,skoda,,2016-03-15,0,93713,2016-03-23 17:42:22
2016-03-25 01:58:29,6595,sedan,2001,auto,171,fiesta,150000,10,gasoline,ford,yes,2016-03-25,0,47813,2016-04-15 07:43:05
2016-03-01 04:13:24,22110,sedan,2001,manual,235,tucson,70000,2,,hyundai,no,2016-03-01,0,94250,2016-03-15 15:51:07
2016-04-09 10:17:05,9224,other,1995,manual,163,500,100000,8,cng,fiat,no,2016-04-09,0,46498,2016-04-15 08:01:11
2016-04-06 21:28:28,14885,other,2006,manual,105,andere,125000,4,gasoline,sonstige_autos,no,2016-04-06,0,94788,2016-04-20 02:37:26
2016-03-23 16:20:13,10508,bus,1998,manual,178,punto,125000,11,other,fiat,no,2016-03-23,0,25849,2016-04-04 05:25:28
2016-04-09 13:37:00,18399,sedan,2016,manual,230,tiguan,150000,6,other,volkswagen,no,2016-04-09,0,46113,2016-04-16 04:48:47
2016-03-28 16:37:54,3319,sedan,2000,manual,105,ibiza,150000,0,petrol,seat,yes,2016-03-28,0,50302,2016-04-14 10:51:17
2016-03-23 19:42:56,21094,other,2007,manual,177,3_reihe,100000,7,gasoline,mazda,no,2016-03-23,0,89274,2016-03-28 19:28:50
2016-04-05 13:02:43,13646,small,2010,manual,227,astra,150000,5,,opel,no,2016-04-05,0,88606,2016-04-20 17:25:40
2016-03-14 03:02:03,22599,convertible,2006,manual,180,a3,150000,1,gasoline,audi,no,2016-03-14,0,86692,2016-03-26 06:02:13
2016-04-02 23:16:23,4837,small,2012,manual,116,a_klasse,150000,6,gasoline,mercedes_benz,,2016-04-02,0,60368,2016-04-12 09:48:33
2016-04-05 16:36:10,7395,suv,1999,manual,111,ka,100000,11,gasoline,ford,yes,2016-04-05,0,98962,2016-04-10 21:35:18
2016-04-03 08:29:07,0,,1995,manual,40,3_reihe,150000,7,gasoline,mazda,no,2016-04-03,0,34796,2016-04-27 20:44:45
2016-04-07 15:07:17,20311,wagon,2012,manual,83,c4,30000,8,petrol,citroen,no,2016-04-07,0,33645,2016-04-11 05:57:26
2016-03-15 02:37:56,13963,bus,1997,auto,121,5_reihe,100000,8,other,peugeot,no,2016-03-15,0,91957,2016-03-29 16:16:10
2016-03-26 15:38:33,17069,wagon,1996,auto,67,corsa,30000,10,petrol,opel,no,2016-03-26,0,61857,2016-04-22 03:47:54
2016-03-22 07:24:33,29663,,2008,manual,106,fabia,150000,2,,skoda,no,2016-03-22,0,81752,2016-04-04 07:28:14
2016-03-13 13:35:04,31655,sedan,2011,,218,golf,100000,0,electric,volkswagen,no,2016-03-13,0,90983,2016-03-27 18:53:28
2016-03-01 11:45:39,13656,small,1997,auto,216,x_reihe,70000,0,gasoline,bmw,no,2016-03-01,0,40088,2016-03-27 05:49:58
2016-03-09 23:32:24,7679,coupe,1995,auto,77,clio,150000,2,cng,renault,no,2016-03-09,0,77690,2016-03-13 03:10:04
2016-03-02 07:13:40,5183,small,2003,manual,163,,125000,8,other,mini,no,2016-03-02,0,74665,2016-03-18 17:17:17
2016-03-06 19:21:41,18239,sedan,2006,manual,229,focus,150000,7,gasoline,ford,,2016-03-06,0,4765,2016-03-19 14:31:33
2016-03-01 16:34:34,6514,other,1995,manual,140,,150000,7,,bmw,no,2016-03-01,0,76262,2016-03-07 00:27:12
2016-04-02 18:45:54,21360,sedan,2004,auto,135,,125000,11,gasoline,seat,no,2016-04-02,0,38300,2016-04-23 20:06:29
2016-04-04 11:00:04,9187,wagon,2009,manual,249,fiesta,125000,7,gasoline,ford,yes,2016-04-04,0,50353,2016-05-01 14:06:28
2016-03-21 10:46:58,7936,sedan,1997,manual,182,2_reihe,150000,1,other,mazda,no,2016-03-21,0,81481,2016-04-04 12:08:59
2016-03-12 18:47:42,9752,small,2015,manual,60,s_klasse,150000,10,gasoline,mercedes_benz,,2016-03-12,0,43435,2016-03-22 14:41:47
2016-04-09 13:57:26,11319,small,2007,manual,234,,150000,1,gasoline,mercedes_benz,,2016-04-09,0,15356,2016-05-05 02:25:59
2016-04-04 14:23:33,19489,suv,2011,manual,126,a4,60000,1,other,audi,no,2016-04-04,0,99794,2016-04-19 20:53:39
2016-03-12 01:47:03,32323,suv,2011,manual,72,scenic,80000,11,,renault,no,2016-03-12,0,42237,2016-04-03 08:37:54
2016-03-26 11:18:09,10717,coupe,1999,manual,61,c_klasse,40000,10,other,mercedes_benz,no,2016-03-26,0,71105,2016-04-03 02:00:36
2016-03-30 00:05:05,30548,other,2008,,0,2_reihe,40000,12,hybrid,peugeot,no,2016-03-30,0,87344,2016-04-20 16:33:37
2016-03-14 12:49:51,13687,wagon,1996,auto,202,focus,60000,7,other,ford,no,2016-03-14,0,8399,2016-04-11 20:45:18
2016-03-22 00:34:58,15542,,2016,manual,119,transporter,60000,11,,volkswagen,no,2016-03-22,0,59622,2016-04-13 11:12:07
2016-03-17 17:03:13,13085,sedan,1998,manual,134,,150000,2,hybrid,seat,no,2016-03-17,0,14320,2016-04-09 20:09:15
2016-03-17 18:18:10,4365,small,2007,auto,0,s_klasse,150000,8,petrol,mercedes_benz,yes,2016-03-17,0,96032,2016-03-17 20:03:13
2016-03-01 02:11:20,31914,sedan,2013,auto,56,ibiza,100000,4,hybrid,seat,no,2016-03-01,0,25196,2016-03-07 02:48:29
2016-03-04 00:09:49,41550,sedan,2016,auto,221,golf,30000,11,lpg,volkswagen,,2016-03-04,0,88751,2016-03-22 12:03:54
2016-03-06 20:24:56,5910,wagon,1998,manual,95,superb,150000,5,other,skoda,no,2016-03-06,0,69532,2016-03-13 03:41:43
2016-03-30 02:35:19,36044,,2007,manual,190,c4,90000,6,gasoline,citroen,no,2016-03-30,0,95276,2016-04-29 02:13:45
2016-04-06 01:00:28,5412,small,2007,manual,40,6_reihe,150000,4,cng,mazda,no,2016-04-06,0,83133,2016-04-23 06:02:54
2016-03-16 22:18:58,13636,small,2016,,225,insignia,70000,8,petrol,opel,no,2016-03-16,0,96645,2016-03-24 00:25:55
2016-03-14 15:10:04,5453,sedan,2000,manual,0,octavia,30000,12,petrol,skoda,yes,2016-03-14,0,97811,2016-04-13 13:44:02
2016-03-07 15:53:06,5510,wagon,1995,manual,111,note,125000,0,other,nissan,no,2016-03-07,0,61346,2016-03-10 09:27:21
2016-03-27 01:17:02,14158,sedan,2005,manual,211,leon,70000,9,gasoline,seat,,2016-03-27,0,35107,2016-04-08 12:49:20
2016-03-03 14:34:15,5690,small,2001,manual,208,note,90000,5,other,nissan,no,2016-03-03,0,89278,2016-03-11 19:30:30
2016-03-15 11:08:05,4162,,2003,manual,146,mondeo,100000,8,other,ford,yes,2016-03-15,0,56799,2016-03-30 23:56:52
2016-03-14 06:31:56,4823,small,1997,manual,133,andere,150000,3,petrol,sonstige_autos,no,2016-03-14,0,88005,2016-04-06 16:09:02
2016-03-26 10:11:24,18612,coupe,2010,manual,220,polo,150000,0,other,volkswagen,,2016-03-26,0,10821,2016-04-03 11:29:07
2016-03-29 19:37:54,11059,wagon,2010,manual,44,v40,150000,5,gasoline,volvo,no,2016-03-29,0,3888,2016-04-10 22:26:27
2016-03-03 05:48:46,29522,suv,2000,auto,164,7er,125000,12,gasoline,bmw,,2016-03-03,0,31409,2016-03-27 21:21:16
2016-03-10 04:22:16,9423,sedan,2005,,109,andere,150000,8,gasoline,sonstige_autos,no,2016-03-10,0,91652,2016-03-31 04:55:25
2016-03-16 01:30:04,10844,coupe,2001,manual,77,c3,150000,7,gasoline,citroen,no,2016-03-16,0,56710,2016-04-08 01:09:23
2016-03-20 19:19:06,12480,coupe,1999,manual,61,i30,70000,9,gasoline,hyundai,no,2016-03-20,0,81125,2016-03-28 15:53:24
2016-03-03 02:27:42,8617,wagon,1999,manual,57,zafira,60000,11,petrol,opel,no,2016-03-03,0,14873,2016-03-30 11:45:48
2016-03-21 22:30:09,0,other,2012,manual,232,a1,150000,12,gasoline,audi,no,2016-03-21,0,86134,2016-03-26 21:48:24
2016-03-28 09:52:20,9087,sedan,2003,manual,0,panda,125000,7,other,fiat,no,2016-03-28,0,19781,2016-04-06 13:03:31
2016-03-21 02:01:27,38152,coupe,2009,manual,61,avensis,90000,6,,toyota,no,2016-03-21,0,28532,2016-04-04 01:34:22
2016-03-04 17:16:56,12717,convertible,2000,manual,153,micra,150000,2,petrol,nissan,,2016-03-04,0,92708,2016-03-15 09:21:07
2016-03-20 12:46:11,27513,other,2008,auto,252,andere,150000,5,petrol,sonstige_autos,no,2016-03-20,0,95180,2016-04-08 17:17:11
2016-03-20 22:29:34,6990,wagon,2001,auto,229,5er,125000,11,other,bmw,,2016-03-20,0,9069,2016-03-23 15:28:27
2016-03-01 00:52:21,34847,,2008,manual,195,punto,100000,9,gasoline,fiat,no,2016-03-01,0,9073,2016-03-13 07:10:25
2016-03-22 19:05:03,14065,wagon,2003,manual,149,mondeo,150000,8,petrol,ford,no,2016-03-22,0,80748,2016-04-17 16:25:26
2016-03-11 20:28:38,24760,coupe,2006,manual,174,superb,125000,6,,skoda,no,2016-03-11,0,73359,2016-03-20 21:12:01
2016-03-17 22:21:01,3666,other,1996,manual,101,clubman,150000,0,gasoline,mini,,2016-03-17,0,14909,2016-04-07 11:16:52
2016-04-09 02:56:47,13126,wagon,2011,manual,62,500,100000,4,petrol,fiat,,2016-04-09,0,25114,2016-04-25 14:09:39
2016-03-14 10:49:54,3719,wagon,1998,manual,88,c3,150000,6,gasoline,citroen,yes,2016-03-14,0,29316,2016-04-09 21:38:00
2016-03-18 03:51:12,14523,other,2005,manual,150,tucson,150000,0,gasoline,hyundai,,2016-03-18,0,15826,2016-03-31 15:34:31
2016-03-15 15:47:45,17200,wagon,2003,auto,174,twingo,150000,9,other,renault,no,2016-03-15,0,81632,2016-04-04 03:06:53
2016-03-24 03:53:38,9993,small,2015,manual,208,5_reihe,150000,10,petrol,peugeot,no,2016-03-24,0,9402,2016-04-05 13:03:09
2016-03-28 10:51:19,44178,convertible,2004,auto,161,fortwo,70000,11,gasoline,smart,no,2016-03-28,0,65255,2016-04-16 21:18:16
2016-03-19 02:26:13,3223,coupe,1997,manual,159,c4,150000,10,other,citroen,yes,2016-03-19,0,43512,2016-04-01 12:31:47
2016-03-30 12:23:57,31747,wagon,2011,auto,187,note,125000,0,petrol,nissan,no,2016-03-30,0,95638,2016-04-06 21:58:45
2016-04-04 16:16:03,29837,,2005,manual,223,500,150000,12,gasoline,fiat,,2016-04-04,0,40669,2016-04-05 12:05:58
2016-03-14 03:09:02,4797,sedan,1995,manual,129,focus,30000,1,gasoline,ford,yes,2016-03-14,0,99827,2016-03-19 01:22:47
2016-03-02 19:57:06,20210,other,2013,manual,174,avensis,150000,7,gasoline,toyota,no,2016-03-02,0,37462,2016-03-16 08:30:02
2016-03-08 08:30:36,4329,wagon,1995,manual,62,avensis,150000,6,other,toyota,no,2016-03-08,0,87214,2016-04-02 04:03:45
2016-03-26 04:37:16,36057,coupe,2006,auto,259,c3,150000,11,petrol,citroen,no,2016-03-26,0,10797,2016-04-04 15:47:12
2016-03-30 14:57:24,17092,,2015,manual,86,fabia,150000,0,petrol,skoda,no,2016-03-30,0,53429,2016-03-31 05:19:11
2016-03-28 22:32:45,8951,sedan,2004,,81,v70,80000,5,other,volvo,no,2016-03-28,0,97281,2016-03-30 03:38:05
2016-03-01 18:41:15,3720,other,1998,manual,172,3_reihe,125000,9,other,mazda,yes,2016-03-01,0,82217,2016-03-22 11:46:13
2016-04-01 11:23:30,21671,,2008,manual,221,6_reihe,100000,7,gasoline,mazda,no,2016-04-01,0,15012,2016-04-09 00:12:45
2016-03-23 21:04:58,12846,small,2012,manual,195,superb,60000,12,petrol,skoda,no,2016-03-23,0,31383,2016-04-10 15:59:59
2016-03-20 14:16:21,9633,other,2009,auto,230,andere,150000,9,gasoline,sonstige_autos,yes,2016-03-20,0,92661,2016-04-05 01:24:44
2016-03-09 12:00:24,11759,suv,2012,manual,75,vectra,50000,7,petrol,opel,yes,2016-03-09,0,55854,2016-03-09 12:54:57
2016-03-11 07:24:06,10703,suv,2001,auto,56,micra,150000,11,gasoline,nissan,yes,2016-03-11,0,58375,2016-04-02 21:54:06
2016-03-28 12:02:15,13437,sedan,2011,manual,99,focus,150000,2,gasoline,ford,no,2016-03-28,0,48574,2016-04-19 08:43:01
2016-04-04 03:45:37,10832,bus,2004,auto,0,a1,80000,1,petrol,audi,,2016-04-04,0,8794,2016-04-06 05:57:08
2016-03-12 09:19:03,29595,other,2004,auto,259,i20,90000,11,petrol,hyundai,no,2016-03-12,0,47187,2016-03-25 11:55:17
2016-03-30 16:45:31,26387,,2007,manual,174,v40,150000,10,gasoline,volvo,,2016-03-30,0,2166,2016-04-15 15:19:37
2016-03-30 21:53:20,7976,sedan,2005,manual,174,3_reihe,70000,1,gasoline,mazda,,2016-03-30,0,93522,2016-04-10 09:59:47
2016-03-05 13:08:59,21079,other,2015,manual,189,corolla,125000,2,petrol,toyota,no,2016-03-05,0,10028,2016-03-28 14:22:49
2016-03-23 07:10:12,14241,wagon,2014,manual,224,,150000,8,other,seat,no,2016-03-23,0,69019,2016-04-01 14:47:03
2016-03-20 14:40:17,12288,sedan,2001,manual,133,,125000,5,gasoline,opel,,2016-03-20,0,57436,2016-04-03 16:16:51
2016-03-04 15:10:11,0,convertible,1995,manual,47,berlingo,150000,0,petrol,citroen,yes,2016-03-04,0,40384,2016-03-13 21:42:46
2016-03-01 16:55:16,17553,wagon,1998,manual,215,megane,100000,6,gasoline,renault,,2016-03-01,0,89944,2016-03-23 21:33:52
2016-04-04 13:15:33,19188,suv,1999,manual,212,,100000,12,petrol,renault,no,2016-04-04,0,51006,2016-04-14 00:08:25
2016-03-15 03:28:58,11524,sedan,1996,manual,218,fortwo,90000,6,petrol,smart,no,2016-03-15,0,54459,2016-04-09 12:22:22
2016-04-03 02:59:22,18784,small,2011,manual,129,octavia,80000,4,hybrid,skoda,no,2016-04-03,0,18526,2016-04-05 09:23:36
2016-03-27 23:29:49,0,,2013,manual,52,c3,150000,9,petrol,citroen,yes,2016-03-27,0,90541,2016-03-31 17:09:27
2016-03-05 22:47:25,14418,small,2012,manual,257,500,60000,10,electric,fiat,no,2016-03-05,0,51363,2016-03-14 23:57:27
2016-04-08 17:39:59,26584,coupe,2007,auto,182,corolla,150000,5,petrol,toyota,no,2016-04-08,0,52446,2016-04-13 18:48:05
2016-04-07 10:17:26,6179,wagon,1998,auto,166,vectra,150000,7,petrol,opel,yes,2016-04-07,0,96374,2016-04-20 07:31:05
2016-03-10 05:03:18,10503,,2003,manual,106,,125000,1,gasoline,mercedes_benz,no,2016-03-10,0,3128,2016-03-11 16:51:41
2016-03-30 11:56:13,40808,convertible,2016,manual,229,s_klasse,150000,5,gasoline,mercedes_benz,,2016-03-30,0,75739,2016-04-08 19:16:48
2016-03-11 07:14:57,2258,sedan,1996,,162,superb,125000,3,petrol,skoda,,2016-03-11,0,67560,2016-03-26 15:55:45
2016-03-16 08:43:27,7520,suv,2006,manual,214,fortwo,150000,4,other,smart,,2016-03-16,0,10266,2016-03-21 05:52:24
2016-03-11 21:52:49,17022,sedan,2002,manual,239,v70,30000,10,petrol,volvo,no,2016-03-11,0,73490,2016-03-27 12:55:23
2016-03-13 08:06:36,15571,sedan,2006,manual,129,micra,70000,3,lpg,nissan,no,2016-03-13,0,66185,2016-04-12 01:27:20
2016-03-21 22:39:24,17455,wagon,2005,manual,259,tucson,150000,1,petrol,hyundai,no,2016-03-21,0,39427,2016-04-20 19:00:56
2016-04-08 23:13:37,7321,sedan,1996,,189,micra,150000,12,lpg,nissan,no,2016-04-08,0,52670,2016-04-17 00:22:36
2016-03-29 02:12:32,8192,wagon,1995,manual,99,c4,150000,6,gasoline,citroen,no,2016-03-29,0,23522,2016-04-01 15:40:24
2016-03-21 10:34:13,6491,other,1995,,87,andere,150000,5,gasoline,sonstige_autos,no,2016-03-21,0,80473,2016-04-14 19:17:09
2016-04-06 06:07:15,16347,sedan,2004,manual,172,fiesta,60000,0,petrol,ford,,2016-04-06,0,72533,2016-05-02 02:48:00
2016-03-05 13:42:24,10217,small,2014,manual,89,polo,40000,3,cng,volkswagen,no,2016-03-05,0,64377,2016-03-27 02:10:43
2016-04-04 06:42:45,22286,,2007,auto,236,q5,150000,5,gasoline,audi,no,2016-04-04,0,53335,2016-04-05 22:14:11
2016-03-21 13:42:48,10339,sedan,1999,manual,159,berlingo,150000,0,petrol,citroen,no,2016-03-21,0,23881,2016-04-17 13:25:51
2016-03-12 03:56:00,17844,other,2009,manual,0,c_klasse,80000,6,petrol,mercedes_benz,no,2016-03-12,0,33656,2016-03-25 03:12:54
2016-03-08 11:04:02,14841,sedan,2008,manual,64,yaris,40000,10,other,toyota,no,2016-03-08,0,50773,2016-03-10 00:51:39
2016-04-09 10:49:06,5263,coupe,2001,manual,92,andere,80000,10,cng,sonstige_autos,yes,2016-04-09,0,2065,2016-05-03 13:37:36
2016-03-16 08:25:56,0,,2013,,252,fabia,150000,1,other,skoda,,2016-03-16,0,11162,2016-04-13 21:37:11
2016-03-22 14:19:15,29116,wagon,2013,manual,106,clio,80000,0,gasoline,renault,no,2016-03-22,0,72658,2016-04-13 16:29:56
2016-03-31 18:28:38,32315,convertible,2006,manual,194,punto,150000,0,hybrid,fiat,no,2016-03-31,0,5912,2016-04-19 20:59:07
2016-03-28 15:57:25,20344,wagon,2008,auto,86,500,125000,0,gasoline,fiat,no,2016-03-28,0,48090,2016-04-21 11:18:03
2016-03-06 19:05:57,13098,other,2010,manual,167,cooper,100000,9,petrol,mini,no,2016-03-06,0,47350,2016-03-24 18:40:39
2016-04-06 09:07:31,17262,bus,2010,manual,47,berlingo,30000,1,other,citroen,no,2016-04-06,0,72074,2016-05-04 11:58:35
2016-03-28 05:31:12,9293,sedan,2013,auto,0,5er,150000,5,petrol,bmw,yes,2016-03-28,0,6471,2016-04-23 08:29:51
2016-04-08 13:43:59,26192,,2013,auto,250,fortwo,70000,11,gasoline,smart,no,2016-04-08,0,19341,2016-04-28 11:26:10
2016-03-10 11:02:28,12215,sedan,2008,manual,61,octavia,80000,8,other,skoda,no,2016-03-10,0,67489,2016-03-11 11:02:27
2016-03-26 19:01:30,16024,,1999,auto,103,astra,150000,11,petrol,opel,no,2016-03-26,0,97769,2016-04-09 21:03:24
2016-03-10 07:20:09,7394,sedan,2005,manual,218,altea,125000,2,gasoline,seat,yes,2016-03-10,0,85946,2016-03-10 11:02:24
2016-03-12 21:33:48,6842,coupe,2008,,196,5_reihe,150000,6,other,peugeot,,2016-03-12,0,39955,2016-03-24 06:17:49
2016-03-09 06:58:16,26683,coupe,2000,auto,190,zafira,50000,3,,opel,no,2016-03-09,0,28271,2016-03-24 00:04:59
2016-03-30 23:15:31,8872,other,2006,manual,207,forfour,125000,1,gasoline,smart,yes,2016-03-30,0,53074,2016-04-16 17:43:10
2016-03-20 19:23:15,15409,sedan,2013,manual,160,twingo,150000,0,other,renault,no,2016-03-20,0,24040,2016-04-15 19:26:20
2016-03-26 20:53:23,0,small,2015,manual,192,cooper,150000,5,gasoline,mini,yes,2016-03-26,0,12322,2016-04-14 16:41:39
2016-03-29 01:35:17,50517,coupe,2008,auto,211,ka,50000,12,gasoline,ford,no,2016-03-29,0,57542,2016-04-11 12:43:35
2016-03-01 22:02:30,30993,suv,2001,manual,101,forfour,125000,0,,smart,no,2016-03-01,0,70074,2016-03-27 14:12:23
2016-03-26 01:39:22,13379,convertible,2006,manual,136,5_reihe,150000,6,cng,peugeot,no,2016-03-26,0,50901,2016-04-01 00:15:41
2016-03-26 03:11:40,6098,other,2009,manual,177,q5,125000,10,petrol,audi,yes,2016-03-26,0,25551,2016-04-17 02:13:03
2016-04-05 23:35:27,25610,,2008,auto,67,astra,20000,1,petrol,opel,no,2016-04-05,0,99508,2016-05-03 22:00:39
2016-03-29 13:43:18,18577,other,2002,auto,180,a6,150000,11,lpg,audi,no,2016-03-29,0,81560,2016-04-01 04:02:32
2016-03-01 07:22:16,4672,other,1998,manual,105,,60000,5,lpg,hyundai,yes,2016-03-01,0,41799,2016-03-08 20:10:19
2016-03-18 11:05:31,21240,,1996,auto,249,fortwo,30000,11,petrol,smart,,2016-03-18,0,68357,2016-03-26 22:01:46
2016-04-06 18:28:42,22664,sedan,2009,manual,153,2_reihe,100000,1,gasoline,mazda,no,2016-04-06,0,45215,2016-04-17 03:18:48
2016-03-01 20:43:16,17606,other,2016,manual,113,tucson,150000,4,petrol,hyundai,no,2016-03-01,0,37258,2016-03-08 00:22:48
2016-03-22 04:55:45,18451,other,1996,auto,152,vectra,60000,3,,opel,no,2016-03-22,0,70002,2016-04-13 17:52:59
2016-03-27 16:18:08,44065,suv,2010,auto,83,v70,150000,6,,volvo,no,2016-03-27,0,43290,2016-04-26 00:42:14
2016-03-02 15:49:33,12509,sedan,2015,manual,175,v70,150000,7,petrol,volvo,no,2016-03-02,0,68464,2016-03-16 16:23:24
2016-03-27 18:19:57,12094,other,1996,manual,153,3_reihe,100000,4,,peugeot,no,2016-03-27,0,76671,2016-04-08 22:17:20
2016-03-11 08:42:11,19204,,2015,manual,89,yaris,150000,1,gasoline,toyota,no,2016-03-11,0,66331,2016-03-25 23:55:58
2016-03-26 18:41:24,28776,coupe,2001,auto,238,c3,125000,2,petrol,citroen,,2016-03-26,0,42550,2016-04-18 07:04:43
2016-03-12 03:55:48,5532,sedan,1996,manual,172,leon,125000,1,,seat,no,2016-03-12,0,42552,2016-04-03 18:55:53
2016-03-01 15:51:34,9835,small,2000,auto,108,octavia,150000,6,gasoline,skoda,no,2016-03-01,0,5282,2016-03-22 22:42:40
2016-03-27 02:38:40,7029,small,2002,manual,156,a3,80000,9,petrol,audi,,2016-03-27,0,29494,2016-04-13 13:37:20
2016-03-09 06:46:25,11751,sedan,1997,manual,73,500,60000,5,gasoline,fiat,no,2016-03-09,0,56600,2016-03-25 20:01:00
2016-03-21 23:54:20,18272,other,1996,auto,199,3_reihe,150000,12,hybrid,mazda,no,2016-03-21,0,48280,2016-04-13 04:09:46
2016-03-22 22:40:44,18391,bus,2002,manual,181,andere,150000,10,gasoline,sonstige_autos,,2016-03-22,0,26423,2016-04-08 05:24:22
2016-03-07 06:42:22,15325,,2008,manual,86,a4,150000,4,gasoline,audi,no,2016-03-07,0,51773,2016-03-16 14:19:26
2016-04-04 02:47:51,6956,small,2000,auto,252,mondeo,100000,1,petrol,ford,yes,2016-04-04,0,23424,2016-04-19 02:08:32
2016-03-03 10:49:34,15392,wagon,2002,manual,206,a_klasse,5000,1,lpg,mercedes_benz,no,2016-03-03,0,88508,2016-03-27 19:06:51
2016-03-21 03:34:46,18439,sedan,2000,auto,198,clubman,150000,11,petrol,mini,no,2016-03-21,0,27060,2016-04-12 06:12:18
2016-03-16 20:44:53,22368,other,2009,auto,0,3er,150000,10,petrol,bmw,no,2016-03-16,0,13774,2016-04-07 02:35:13
2016-03-30 16:42:55,29163,wagon,2014,manual,180,corsa,100000,0,gasoline,opel,,2016-03-30,0,61434,2016-04-08 03:23:10
2016-03-20 07:39:33,7076,small,2010,auto,245,superb,150000,7,,skoda,,2016-03-20,0,81445,2016-04-07 16:14:13
2016-03-19 23:00:07,11349,wagon,2006,manual,70,corolla,150000,6,petrol,toyota,,2016-03-19,0,10403,2016-04-12 18:24:28
2016-03-03 22:04:43,43439,convertible,2013,manual,185,e_klasse,150000,2,electric,mercedes_benz,no,2016-03-03,0,99910,2016-03-10 20:56:51
2016-03-20 07:22:39,8610,wagon,1998,manual,65,vectra,125000,8,gasoline,opel,no,2016-03-20,0,92957,2016-03-26 21:45:06
2016-03-03 13:59:57,13065,small,2016,,150,twingo,100000,5,gasoline,renault,no,2016-03-03,0,11151,2016-03-04 23:21:38
2016-03-01 09:00:52,14813,bus,2007,,123,fiesta,100000,8,petrol,ford,no,2016-03-01,0,48216,2016-03-12 05:11:18
2016-03-13 05:02:43,4520,small,1998,manual,61,2_reihe,150000,2,gasoline,mazda,no,2016-03-13,0,53728,2016-03-14 19:21:01
2016-04-09 14:32:24,8696,,1997,,101,altea,150000,7,electric,seat,yes,2016-04-09,0,81083,2016-05-01 23:06:10
2016-03-30 15:14:22,16652,suv,2004,manual,95,cooper,150000,0,petrol,mini,no,2016-03-30,0,90475,2016-04-20 16:20:52
2016-04-07 18:45:46,36048,wagon,2009,manual,253,i20,100000,9,electric,hyundai,no,2016-04-07,0,99227,2016-05-05 18:29:28
2016-04-06 10:59:49,43836,,2010,manual,259,panda,150000,1,electric,fiat,no,2016-04-06,0,96623,2016-04-29 00:46:53
2016-03-18 12:40:11,11198,small,2015,manual,107,cooper,150000,9,gasoline,mini,no,2016-03-18,0,57614,2016-03-26 09:55:31
2016-03-28 21:06:12,37159,suv,2015,manual,222,ka,150000,0,petrol,ford,no,2016-03-28,0,41239,2016-04-09 00:56:48
2016-03-29 14:49:57,21855,coupe,2014,manual,201,,125000,1,gasoline,sonstige_autos,no,2016-03-29,0,16049,2016-04-25 21:12:56
2016-03-22 21:12:55,4759,sedan,1996,auto,158,5er,150000,0,petrol,bmw,yes,2016-03-22,0,65158,2016-04-18 17:44:25
2016-03-09 00:56:50,12490,sedan,2013,manual,84,passat,125000,11,other,volkswagen,no,2016-03-09,0,48739,2016-03-29 04:05:59
2016-03-11 13:29:22,8283,small,1998,manual,256,andere,30000,12,petrol,sonstige_autos,no,2016-03-11,0,91756,2016-03-11 22:47:48
2016-03-11 04:46:17,18339,other,2014,auto,137,micra,150000,0,other,nissan,no,2016-03-11,0,51239,2016-03-20 07:55:03
2016-03-23 14:43:10,43000,convertible,2014,auto,59,3er,150000,12,gasoline,bmw,no,2016-03-23,0,93720,2016-04-03 13:47:59
2016-04-05 23:45:51,9828,wagon,2002,manual,104,forfour,80000,7,other,smart,no,2016-04-05,0,90583,2016-04-15 05:51:56
2016-03-04 13:33:44,13156,other,2008,manual,186,berlingo,100000,7,electric,citroen,yes,2016-03-04,0,77469,2016-03-06 20:47:13
2016-03-06 20:01:54,9091,convertible,2006,manual,184,berlingo,150000,7,gasoline,citroen,yes,2016-03-06,0,77170,2016-03-25 16:10:25
2016-03-18 22:04:25,12224,small,2013,auto,159,clio,125000,2,,renault,no,2016-03-18,0,12942,2016-03-30 10:25:28
2016-03-14 00:04:33,25969,suv,2003,manual,223,insignia,150000,2,petrol,opel,,2016-03-14,0,50790,2016-03-15 08:55:06
2016-03-31 21:33:55,22973,wagon,1996,auto,194,andere,20000,4,gasoline,sonstige_autos,no,2016-03-31,0,67960,2016-04-18 22:57:53
2016-03-28 08:21:32,20229,sedan,2009,manual,148,corolla,70000,6,petrol,toyota,no,2016-03-28,0,91788,2016-04-02 20:31:45
2016-03-26 12:06:24,24390,wagon,2007,manual,0,altea,100000,5,petrol,seat,no,2016-03-26,0,80938,2016-04-14 00:18:19
2016-03-28 09:53:00,18236,sedan,2015,manual,159,clio,100000,11,gasoline,renault,no,2016-03-28,0,95972,2016-04-07 11:43:47
2016-03-31 03:34:47,13610,small,2011,auto,58,e_klasse,40000,1,petrol,mercedes_benz,,2016-03-31,0,61362,2016-04-17 14:14:50
2016-03-31 17:49:41,17753,other,2014,manual,166,2_reihe,125000,6,petrol,peugeot,no,2016-03-31,0,91742,2016-04-18 16:15:26
2016-04-07 11:19:09,17253,convertible,2011,manual,90,x_reihe,150000,1,,bmw,no,2016-04-07,0,97924,2016-04-11 03:08:34
2016-03-30 15:16:26,9186,small,2006,manual,0,twingo,80000,2,other,renault,no,2016-03-30,0,22905,2016-04-10 22:31:15
2016-03-01 15:41:31,20093,suv,1998,auto,167,s60,100000,0,petrol,volvo,no,2016-03-01,0,26890,2016-03-23 22:26:48
2016-03-01 14:14:46,13520,,2008,auto,98,fabia,150000,2,other,skoda,no,2016-03-01,0,74673,2016-03-09 12:49:54
2016-03-31 10:46:12,24113,wagon,2011,manual,184,500,125000,8,gasoline,fiat,no,2016-03-31,0,97471,2016-04-06 04:24:42
2016-03-15 05:42:33,14981,small,2016,auto,111,c3,150000,4,petrol,citroen,no,2016-03-15,0,25214,2016-03-20 04:54:00
2016-03-26 05:47:29,13851,sedan,2010,manual,194,2_reihe,150000,7,petrol,mazda,,2016-03-26,0,22920,2016-04-11 12:06:33
2016-03-23 17:26:09,20303,coupe,2015,manual,69,fabia,150000,3,petrol,skoda,no,2016-03-23,0,10126,2016-03-27 03:00:43
2016-03-20 01:55:07,16209,wagon,2000,manual,218,a4,150000,10,gasoline,audi,no,2016-03-20,0,25653,2016-04-14 19:51:39
2016-03-02 02:54:35,15921,wagon,2002,manual,0,megane,150000,0,petrol,renault,no,2016-03-02,0,66949,2016-03-15 17:09:09
2016-03-04 11:49:11,17099,sedan,2008,auto,42,octavia,150000,6,gasoline,skoda,no,2016-03-04,0,35612,2016-03-26 21:42:37
2016-04-09 10:41:28,19744,sedan,1997,auto,97,v40,80000,0,electric,volvo,no,2016-04-09,0,16199,2016-04-18 10:12:01
2016-03-11 06:52:05,2601,small,1998,auto,149,qashqai,150000,2,petrol,nissan,yes,2016-03-11,0,25673,2016-03-30 02:37:30
2016-04-05 04:49:41,6963,sedan,2010,manual,221,astra,60000,8,petrol,opel,,2016-04-05,0,17876,2016-04-11 06:04:00
2016-03-14 08:24:50,17406,suv,1999,,93,a3,100000,7,petrol,audi,no,2016-03-14,0,6014,2016-04-03 03:28:49
2016-03-25 04:15:05,12144,sedan,2012,manual,206,i30,125000,5,hybrid,hyundai,yes,2016-03-25,0,81988,2016-03-26 06:42:31
2016-03-06 04:15:16,7056,coupe,2013,manual,101,,60000,3,petrol,mini,yes,2016-03-06,0,77911,2016-03-31 04:25:47
2016-03-21 23:24:29,30974,suv,2012,manual,175,ka,125000,8,gasoline,ford,no,2016-03-21,0,70781,2016-03-30 10:19:51
2016-03-24 19:11:49,27187,sedan,2010,manual,251,a6,70000,4,,audi,no,2016-03-24,0,97630,2016-03-27 00:11:27
2016-03-07 09:37:13,16484,convertible,2009,,72,fiesta,150000,10,petrol,ford,no,2016-03-07,0,16607,2016-03-26 05:41:45
2016-04-02 15:32:34,15006,other,2003,manual,164,,150000,1,gasoline,opel,no,2016-04-02,0,71534,2016-04-18 20:25:05
2016-03-29 06:18:52,25981,other,2013,manual,181,punto,125000,6,gasoline,fiat,no,2016-03-29,0,64178,2016-04-17 18:06:35
2016-03-06 01:28:27,12530,other,1996,auto,158,superb,150000,9,petrol,skoda,no,2016-03-06,0,59426,2016-03-15 22:41:10
2016-03-08 14:06:51,15129,sedan,2005,manual,175,corolla,150000,10,gasoline,toyota,,2016-03-08,0,37224,2016-03-29 17:18:50
2016-03-05 13:57:43,20382,convertible,2013,manual,105,7er,80000,3,other,bmw,no,2016-03-05,0,71415,2016-03-12 08:40:49
2016-03-08 14:53:38,23945,suv,2007,manual,152,q5,150000,6,,audi,no,2016-03-08,0,41447,2016-03-24 05:54:32
2016-03-23 10:31:12,20473,other,2011,manual,66,tiguan,125000,10,,volkswagen,no,2016-03-23,0,80765,2016-03-28 03:52:36
2016-03-04 03:32:17,0,small,2012,manual,214,qashqai,150000,10,other,nissan,,2016-03-04,0,55880,2016-03-11 06:12:50
2016-03-06 10:11:53,9970,wagon,2002,manual,132,clubman,150000,11,other,mini,no,2016-03-06,0,59704,2016-04-03 18:57:06
2016-03-10 18:40:05,7850,sedan,1995,manual,162,3_reihe,150000,1,cng,peugeot,no,2016-03-10,0,11744,2016-03-18 02:22:58
2016-03-03 01:27:03,0,small,2002,manual,239,,60000,6,electric,ford,no,2016-03-03,0,83447,2016-03-05 13:11:11
2016-03-06 23:30:26,9090,sedan,2008,manual,239,c3,125000,10,petrol,citroen,,2016-03-06,0,10795,2016-03-20 13:55:35
2016-03-09 11:00:48,13714,other,2004,manual,175,tucson,150000,11,gasoline,hyundai,no,2016-03-09,0,70260,2016-03-28 13:12:05
2016-03-16 05:41:06,34657,coupe,2011,manual,217,berlingo,90000,11,petrol,citroen,no,2016-03-16,0,74149,2016-04-02 14:18:18
2016-03-11 09:46:17,23751,small,2012,auto,97,3er,100000,5,gasoline,bmw,no,2016-03-11,0,4631,2016-03-31 16:45:48
2016-03-19 20:00:08,16736,other,2000,manual,0,cooper,90000,2,cng,mini,no,2016-03-19,0,73629,2016-04-14 19:21:46
2016-03-05 00:27:15,26879,coupe,2006,auto,119,corolla,100000,2,,toyota,no,2016-03-05,0,94685,2016-03-17 17:34:32
2016-03-10 16:13:51,5986,small,2010,manual,40,,80000,9,petrol,volvo,no,2016-03-10,0,59649,2016-03-22 05:51:38
2016-03-17 08:04:10,22408,convertible,2004,manual,227,2_reihe,60000,8,,mazda,,2016-03-17,0,55689,2016-04-04 05:30:57
2016-03-07 16:11:14,6427,small,1999,manual,59,andere,60000,2,gasoline,sonstige_autos,no,2016-03-07,0,53037,2016-03-24 10:35:25
2016-03-28 21:29:21,5414,bus,1999,manual,77,golf,125000,6,gasoline,volkswagen,yes,2016-03-28,0,42135,2016-04-23 09:02:53
2016-03-25 13:29:48,18667,coupe,2009,manual,203,fortwo,125000,4,gasoline,smart,no,2016-03-25,0,8990,2016-04-11 07:40:12
2016-03-04 10:19:02,21338,bus,2007,manual,166,c3,90000,3,gasoline,citroen,no,2016-03-04,0,80852,2016-03-17 00:39:59
2016-03-25 08:34:49,8305,small,2002,manual,185,polo,150000,3,petrol,volkswagen,no,2016-03-25,0,40851,2016-04-23 12:43:41
2016-03-30 13:21:07,24015,bus,2006,auto,146,clio,125000,5,petrol,renault,no,2016-03-30,0,33386,2016-04-19 20:28:03
2016-03-17 21:56:18,15956,wagon,1995,auto,222,i20,150000,0,petrol,hyundai,,2016-03-17,0,14300,2016-04-16 16:31:58
2016-03-21 11:49:16,25114,,1997,auto,250,clubman,125000,2,lpg,mini,no,2016-03-21,0,63638,2016-04-04 23:47:11
2016-03-25 05:10:38,3387,convertible,1996,manual,62,panda,90000,8,other,fiat,yes,2016-03-25,0,65404,2016-03-27 21:24:12
2016-04-08 20:42:40,9941,small,2005,manual,210,avensis,50000,3,petrol,toyota,no,2016-04-08,0,9606,2016-05-07 14:29:23
2016-03-09 04:28:55,14340,other,2001,manual,142,i30,150000,2,gasoline,hyundai,no,2016-03-09,0,8180,2016-03-15 22:48:55
2016-03-14 01:47:29,29919,suv,2015,manual,174,5_reihe,40000,12,petrol,peugeot,no,2016-03-14,0,53090,2016-03-21 21:00:37
2016-04-03 02:47:00,9444,small,2012,manual,43,note,125000,4,,nissan,no,2016-04-03,0,14627,2016-04-26 17:46:14
2016-03-08 23:43:06,18286,wagon,2001,auto,91,cooper,90000,3,other,mini,no,2016-03-08,0,84571,2016-03-10 22:07:47
2016-03-16 00:48:11,10462,other,2002,manual,255,,125000,7,petrol,bmw,no,2016-03-16,0,99951,2016-03-31 00:40:17
2016-03-23 10:46:26,11125,,1997,manual,176,punto,90000,0,hybrid,fiat,no,2016-03-23,0,11507,2016-04-17 22:12:25
2016-03-26 11:29:04,20926,suv,1996,manual,238,focus,90000,12,gasoline,ford,no,2016-03-26,0,61995,2016-04-16 21:00:04
2016-03-30 06:03:45,35701,,2013,manual,222,clubman,150000,11,electric,mini,no,2016-03-30,0,41310,2016-04-03 11:42:59
2016-03-22 11:21:44,17740,wagon,2015,manual,249,v70,100000,5,electric,volvo,yes,2016-03-22,0,82197,2016-04-20 17:31:41
2016-03-14 07:28:52,6419,sedan,2010,manual,234,octavia,100000,3,,skoda,yes,2016-03-14,0,61114,2016-03-20 00:25:01
2016-03-16 10:48:15,8513,small,2005,manual,79,andere,50000,1,petrol,sonstige_autos,no,2016-03-16,0,85302,2016-03-27 02:03:32
2016-03-12 01:16:02,52353,coupe,2011,auto,249,astra,60000,0,gasoline,opel,no,2016-03-12,0,23814,2016-03-30 22:10:35
2016-03-06 22:52:59,17353,sedan,2001,manual,199,tucson,90000,9,gasoline,hyundai,,2016-03-06,0,39717,2016-03-18 00:27:41
2016-04-04 22:57:38,16891,sedan,2007,auto,171,1er,100000,12,other,bmw,no,2016-04-04,0,16201,2016-04-14 22:09:52
2016-03-04 01:52:02,18214,sedan,2007,manual,204,a4,150000,11,gasoline,audi,no,2016-03-04,0,99199,2016-03-31 13:56:47
2016-03-18 18:06:00,10852,small,2015,manual,141,i20,150000,9,gasoline,hyundai,,2016-03-18,0,53672,2016-03-23 20:14:30
2016-04-01 01:08:50,10080,wagon,2007,manual,206,mondeo,150000,3,gasoline,ford,,2016-04-01,0,61180,2016-04-18 11:50:58
2016-03-28 08:07:35,38172,coupe,2016,manual,136,megane,70000,11,,renault,no,2016-03-28,0,34890,2016-04-06 04:00:02
2016-03-10 13:35:35,22056,,2004,manual,165,clio,70000,7,petrol,renault,,2016-03-10,0,55760,2016-03-12 10:41:42
2016-04-09 14:48:54,12759,other,1999,,207,panda,40000,3,petrol,fiat,no,2016-04-09,0,42209,2016-05-05 08:03:18
2016-03-07 02:11:57,36862,,2009,manual,243,cooper,80000,9,petrol,mini,no,2016-03-07,0,53170,2016-03-15 06:46:41
2016-03-16 08:55:17,51270,suv,2012,manual,181,andere,20000,8,,sonstige_autos,no,2016-03-16,0,81927,2016-03-24 01:06:22
2016-03-17 12:41:34,9789,,2001,manual,107,octavia,20000,10,gasoline,skoda,no,2016-03-17,0,60486,2016-03-29 09:34:49
2016-03-09 07:02:08,23124,wagon,2015,manual,206,c4,100000,0,petrol,citroen,no,2016-03-09,0,59387,2016-03-12 20:57:28
2016-03-23 19:48:02,11006,small,2015,manual,71,touran,150000,2,petrol,volkswagen,no,2016-03-23,0,16124,2016-04-16 07:30:14
2016-03-01 10:36:04,5832,small,2001,auto,60,2_reihe,20000,0,petrol,mazda,yes,2016-03-01,0,34269,2016-03-19 15:11:23
2016-03-26 12:28:38,15851,sedan,2007,manual,170,zafira,90000,5,,opel,no,2016-03-26,0,45176,2016-03-30 12:13:58
2016-03-06 09:38:32,6011,sedan,1996,auto,74,6_reihe,70000,7,,mazda,yes,2016-03-06,0,30786,2016-03-18 09:06:57
2016-03-20 17:53:59,14493,sedan,2007,manual,210,7er,150000,11,other,bmw,no,2016-03-20,0,23117,2016-03-24 20:41:34
2016-03-05 07:58:15,16651,sedan,1999,auto,199,corolla,80000,4,other,toyota,no,2016-03-05,0,6106,2016-04-04 01:02:24
2016-03-27 00:40:07,15581,bus,1998,auto,171,i20,125000,4,gasoline,hyundai,,2016-03-27,0,4392,2016-04-02 21:26:14
2016-03-01 19:26:36,15947,other,1999,manual,191,forfour,30000,1,petrol,smart,no,2016-03-01,0,36702,2016-03-22 07:13:04
2016-03-08 08:46:25,26862,,2006,auto,145,octavia,125000,9,gasoline,skoda,no,2016-03-08,0,88879,2016-03-13 09:17:47
2016-03-18 18:06:22,10393,wagon,2006,manual,157,vectra,150000,7,,opel,no,2016-03-18,0,60863,2016-04-14 02:37:26
2016-03-27 23:06:19,11394,other,2000,manual,134,mondeo,90000,0,lpg,ford,no,2016-03-27,0,41092,2016-04-01 06:02:40
2016-03-31 17:05:57,19672,bus,2000,manual,191,i30,90000,6,gasoline,hyundai,no,2016-03-31,0,26487,2016-04-27 05:17:42
2016-03-25 02:56:36,24169,coupe,2005,manual,94,andere,30000,6,petrol,sonstige_autos,no,2016-03-25,0,26543,2016-03-26 17:11:08
2016-03-25 20:00:40,9548,convertible,2002,manual,225,micra,150000,6,gasoline,nissan,yes,2016-03-25,0,53636,2016-04-20 02:06:53
2016-03-21 23:28:16,17416,,2012,manual,245,qashqai,125000,5,petrol,nissan,no,2016-03-21,0,9987,2016-03-31 09:29:10
2016-04-03 22:02:59,10705,wagon,1997,manual,168,fabia,150000,10,petrol,skoda,no,2016-04-03,0,78706,2016-04-14 23:48:28
2016-04-09 14:09:48,32837,coupe,2012,manual,202,leon,30000,12,petrol,seat,,2016-04-09,0,95800,2016-04-24 21:33:54
2016-03-14 06:45:29,24774,convertible,2008,manual,84,leon,150000,10,gasoline,seat,no,2016-03-14,0,30469,2016-03-29 17:27:12
2016-03-23 19:10:43,7704,other,1998,manual,188,corolla,150000,0,other,toyota,no,2016-03-23,0,34529,2016-04-09 03:58:10
2016-03-22 21:42:18,17235,,2003,manual,91,fiesta,100000,9,gasoline,ford,,2016-03-22,0,93431,2016-04-09 14:16:37
2016-03-17 14:08:54,8712,sedan,2008,manual,154,a4,150000,0,other,audi,,2016-03-17,0,82571,2016-03-24 15:31:26
2016-03-31 19:56:39,8761,other,1996,,192,,125000,12,gasoline,mazda,,2016-03-31,0,44952,2016-04-15 20:17:10
2016-03-11 18:17:08,15304,other,2012,,110,astra,30000,0,other,opel,no,2016-03-11,0,2235,2016-03-14 17:04:31
2016-03-11 13:46:32,3333,other,2005,manual,0,6_reihe,125000,2,petrol,mazda,yes,2016-03-11,0,89423,2016-03-13 06:33:15
2016-03-05 16:32:04,26053,wagon,2004,manual,188,focus,150000,2,hybrid,ford,no,2016-03-05,0,89058,2016-03-22 11:54:58
2016-03-02 22:19:21,8453,suv,1997,manual,193,golf,80000,6,petrol,volkswagen,yes,2016-03-02,0,6988,2016-03-07 01:36:20
2016-03-29 21:28:07,18321,wagon,2008,auto,170,a6,150000,1,other,audi,no,2016-03-29,0,37971,2016-04-06 16:15:31
2016-04-09 04:56:58,10240,small,2006,manual,196,zafira,150000,7,gasoline,opel,no,2016-04-09,0,41755,2016-05-01 16:50:55
2016-04-06 20:22:54,19205,small,2003,auto,150,2_reihe,90000,5,gasoline,peugeot,no,2016-04-06,0,51512,2016-04-27 09:40:02
2016-04-03 10:01:58,16355,other,2011,auto,171,octavia,150000,11,,skoda,yes,2016-04-03,0,92404,2016-05-01 08:12:46
2016-03-13 07:21:10,29624,,2011,manual,253,a1,50000,7,gasoline,audi,no,2016-03-13,0,42956,2016-04-11 14:25:48
2016-03-23 07:46:41,3842,wagon,1995,manual,169,c3,150000,4,petrol,citroen,yes,2016-03-23,0,53747,2016-04-08 02:29:01
2016-03-19 23:05:46,12700,sedan,1998,manual,112,focus,60000,8,petrol,ford,no,2016-03-19,0,28493,2016-03-29 11:06:02
2016-03-29 21:37:22,26667,,1997,auto,141,500,60000,8,,fiat,no,2016-03-29,0,93293,2016-04-13 22:30:09
2016-03-19 13:27:15,25047,suv,2010,manual,112,panda,80000,7,gasoline,fiat,no,2016-03-19,0,49184,2016-04-06 10:12:08
2016-04-04 18:13:33,2392,small,1998,manual,153,micra,80000,2,petrol,nissan,,2016-04-04,0,66015,2016-04-13 11:44:09
2016-04-01 18:20:14,18579,other,2015,manual,122,corolla,40000,3,other,toyota,no,2016-04-01,0,25559,2016-04-23 11:31:20
2016-03-17 22:33:04,29518,wagon,2005,auto,231,c4,150000,7,gasoline,citroen,no,2016-03-17,0,21276,2016-04-14 07:45:27
2016-03-08 17:15:19,19788,other,2013,manual,79,corolla,30000,11,gasoline,toyota,no,2016-03-08,0,98212,2016-03-20 03:43:41
2016-03-06 18:31:46,19208,wagon,2008,manual,131,mondeo,70000,3,gasoline,ford,no,2016-03-06,0,77871,2016-04-04 06:33:29
2016-04-09 00:25:44,21551,sedan,2010,manual,145,v70,10000,11,petrol,volvo,no,2016-04-09,0,61527,2016-04-16 19:13:45
2016-03-16 07:16:05,30218,,1996,manual,181,micra,90000,0,hybrid,nissan,no,2016-03-16,0,55799,2016-04-03 00:59:14
2016-03-17 12:46:28,34193,other,2011,manual,176,tucson,150000,6,hybrid,hyundai,no,2016-03-17,0,32915,2016-04-10 13:35:57
2016-03-28 01:26:53,17526,other,2014,manual,91,astra,150000,6,petrol,opel,,2016-03-28,0,76824,2016-04-20 04:13:29
2016-03-24 12:31:16,20887,wagon,2004,manual,216,a4,70000,5,gasoline,audi,no,2016-03-24,0,3242,2016-04-22 13:17:25
2016-03-24 04:41:21,19360,,2006,auto,95,corsa,150000,2,hybrid,opel,no,2016-03-24,0,41554,2016-03-31 13:09:02
2016-03-21 22:34:37,33385,suv,1997,auto,179,focus,125000,5,gasoline,ford,no,2016-03-21,0,31310,2016-04-09 17:12:17
2016-03-11 21:39:10,52268,suv,2016,manual,231,focus,50000,8,gasoline,ford,no,2016-03-11,0,27473,2016-04-08 09:32:27
2016-03-19 12:43:19,15360,convertible,1999,manual,120,,150000,0,gasoline,hyundai,no,2016-03-19,0,54221,2016-03-27 10:51:25
2016-03-16 14:45:39,8542,coupe,2005,manual,258,2_reihe,125000,12,gasoline,mazda,yes,2016-03-16,0,21756,2016-03-28 05:18:37
2016-04-04 22:51:10,19681,sedan,2011,auto,170,,150000,7,other,audi,no,2016-04-04,0,36626,2016-05-04 10:45:06
2016-03-28 21:45:51,8090,other,2003,manual,51,fabia,90000,8,other,skoda,no,2016-03-28,0,14738,2016-04-24 22:31:59
2016-04-09 07:14:22,4359,small,1996,manual,191,superb,125000,5,,skoda,yes,2016-04-09,0,81571,2016-05-03 04:11:49
2016-03-19 08:19:04,17507,wagon,2011,manual,44,a1,125000,6,petrol,audi,no,2016-03-19,0,56480,2016-04-08 18:03:41
2016-04-03 06:40:19,4769,small,2001,manual,72,s60,150000,2,petrol,volvo,no,2016-04-03,0,32414,2016-04-04 13:47:31
2016-04-03 23:08:24,35441,bus,2014,manual,138,andere,30000,2,gasoline,sonstige_autos,no,2016-04-03,0,20107,2016-04-21 05:35:22
2016-03-21 04:16:49,15951,other,2007,,69,a6,125000,12,petrol,audi,no,2016-03-21,0,35502,2016-04-01 13:19:00
2016-03-04 11:42:11,17030,small,2001,auto,221,ka,40000,3,gasoline,ford,no,2016-03-04,0,9035,2016-03-25 14:21:49
2016-03-23 02:02:31,10162,sedan,2016,,88,2_reihe,150000,10,petrol,peugeot,,2016-03-23,0,37405,2016-04-04 21:53:52
2016-04-05 21:40:50,27339,coupe,2009,manual,249,leon,20000,12,petrol,seat,no,2016-04-05,0,65860,2016-04-18 06:53:22
2016-04-02 05:54:57,10182,sedan,1997,auto,257,forfour,150000,1,petrol,smart,no,2016-04-02,0,27128,2016-04-14 19:55:34
2016-03-24 17:12:10,12434,coupe,1996,,87,i30,100000,4,petrol,hyundai,no,2016-03-24,0,52602,2016-04-18 16:06:01
2016-03-12 04:45:49,24538,suv,2014,manual,116,7er,125000,12,,bmw,,2016-03-12,0,28112,2016-03-15 12:26:55
2016-04-04 12:36:40,8525,small,2005,manual,194,c_klasse,60000,4,other,mercedes_benz,no,2016-04-04,0,10023,2016-04-07 02:45:21
2016-03-22 16:31:31,19764,suv,2016,manual,218,i20,70000,7,gasoline,hyundai,yes,2016-03-22,0,83004,2016-03-30 08:43:27
2016-03-08 20:46:17,22919,bus,2014,auto,63,,125000,2,petrol,mercedes_benz,no,2016-03-08,0,25963,2016-03-17 17:00:06
2016-04-06 08:24:53,19506,small,2015,manual,220,x_reihe,125000,10,gasoline,bmw,no,2016-04-06,0,17167,2016-05-06 06:15:48
2016-03-23 03:24:38,19179,wagon,1997,manual,256,fortwo,80000,1,gasoline,smart,no,2016-03-23,0,4340,2016-04-09 06:53:59
2016-03-10 21:08:29,9584,small,2008,auto,103,micra,150000,4,,nissan,no,2016-03-10,0,85920,2016-03-29 18:31:36
2016-03-14 01:04:40,21134,,1997,manual,203,fabia,70000,2,petrol,skoda,no,2016-03-14,0,10017,2016-03-18 11:40:04
2016-04-07 09:50:01,18265,bus,2003,manual,89,berlingo,10000,3,petrol,citroen,no,2016-04-07,0,34637,2016-04-26 19:15:24
2016-03-03 01:41:47,18650,coupe,1999,manual,181,clubman,150000,10,gasoline,mini,no,2016-03-03,0,54043,2016-03-20 18:00:07
2016-03-15 14:04:53,18778,other,2002,auto,57,2_reihe,70000,10,gasoline,peugeot,no,2016-03-15,0,60331,2016-04-05 16:02:47
2016-03-03 12:43:39,18337,small,2009,auto,206,i30,150000,8,gasoline,hyundai,no,2016-03-03,0,30308,2016-03-31 18:54:09
2016-03-17 23:04:23,7573,sedan,2009,manual,159,,125000,6,gasoline,peugeot,yes,2016-03-17,0,81718,2016-03-20 20:38:42
2016-03-26 16:00:31,18023,suv,1998,manual,226,mondeo,100000,6,petrol,ford,,2016-03-26,0,12242,2016-04-05 09:07:25
2016-04-01 15:49:18,25329,wagon,2012,manual,145,andere,30000,1,gasoline,sonstige_autos,no,2016-04-01,0,9480,2016-04-25 19:31:18
2016-04-05 17:59:29,33647,suv,2009,manual,252,i20,90000,0,gasoline,hyundai,no,2016-04-05,0,84451,2016-05-02 06:02:23
2016-03-10 02:43:51,11122,sedan,2001,manual,64,q5,125000,10,hybrid,audi,no,2016-03-10,0,60362,2016-03-13 09:48:32
2016-03-04 01:58:34,13400,other,2003,auto,63,q5,150000,7,petrol,audi,no,2016-03-04,0,32083,2016-03-09 20:03:16
2016-03-07 20:54:12,23867,other,2004,auto,235,tucson,150000,7,petrol,hyundai,no,2016-03-07,0,76271,2016-03-08 07:20:51
2016-03-25 07:03:07,21657,other,2007,manual,213,yaris,150000,10,gasoline,toyota,,2016-03-25,0,59739,2016-03-26 10:34:18
2016-04-06 04:25:21,16314,convertible,1996,manual,166,touran,150000,0,hybrid,volkswagen,,2016-04-06,0,33605,2016-05-01 13:18:00
2016-03-11 02:24:37,14060,small,2014,manual,232,5_reihe,90000,6,petrol,peugeot,no,2016-03-11,0,56832,2016-03-29 14:53:00
2016-03-08 19:44:26,14673,wagon,1996,auto,247,forfour,125000,3,petrol,smart,no,2016-03-08,0,67483,2016-03-15 08:19:41
2016-03-12 07:56:07,4568,small,1995,manual,101,corsa,125000,6,gasoline,opel,no,2016-03-12,0,2692,2016-04-04 09:35:40
2016-04-08 17:00:22,26243,bus,1998,auto,163,micra,80000,0,gasoline,nissan,,2016-04-08,0,65176,2016-04-25 03:34:31
2016-04-07 14:26:57,13147,other,1995,manual,232,3_reihe,150000,2,hybrid,peugeot,no,2016-04-07,0,51935,2016-05-02 08:26:07
2016-03-16 20:09:55,24451,sedan,2015,auto,75,3_reihe,150000,5,gasoline,peugeot,,2016-03-16,0,10003,2016-04-06 14:09:16
2016-04-02 02:28:31,9591,,1997,manual,209,fabia,70000,1,petrol,skoda,yes,2016-04-02,0,19666,2016-04-19 07:54:14
2016-03-02 09:08:15,18254,suv,2004,manual,71,cooper,70000,4,gasoline,mini,no,2016-03-02,0,63355,2016-03-05 20:33:03
2016-03-11 20:30:58,8335,sedan,1997,manual,196,cooper,150000,0,lpg,mini,no,2016-03-11,0,58369,2016-03-28 19:23:16
2016-03-19 07:12:38,12912,other,2002,manual,164,3_reihe,125000,1,other,mazda,no,2016-03-19,0,84570,2016-04-08 02:59:15
2016-03-16 14:10:04,23276,bus,2014,manual,179,c3,40000,7,petrol,citroen,,2016-03-16,0,7218,2016-04-08 16:00:43
2016-03-10 02:27:02,10494,coupe,1997,manual,86,cooper,125000,1,petrol,mini,no,2016-03-10,0,55934,2016-03-31 22:07:13
2016-03-15 11:00:29,18665,convertible,2008,manual,194,v40,125000,10,other,volvo,no,2016-03-15,0,80471,2016-03-19 08:45:36
2016-03-26 15:42:14,9074,small,2002,manual,219,avensis,150000,12,,toyota,no,2016-03-26,0,17810,2016-04-19 08:35:52
2016-04-04 07:25:22,27909,suv,2007,manual,47,note,5000,4,gasoline,nissan,no,2016-04-04,0,34818,2016-04-13 04:03:29
2016-04-07 08:11:03,12133,sedan,2012,manual,195,x_reihe,20000,4,petrol,bmw,,2016-04-07,0,89408,2016-04-23 20:46:02
2016-03-02 00:04:54,26664,wagon,2003,auto,170,2_reihe,100000,10,gasoline,mazda,no,2016-03-02,0,97600,2016-03-10 10:07:04
2016-03-20 04:47:51,8756,sedan,1997,manual,0,i20,150000,11,petrol,hyundai,no,2016-03-20,0,39517,2016-04-18 07:10:16
2016-04-08 05:09:04,13986,other,1996,auto,53,passat,40000,8,petrol,volkswagen,no,2016-04-08,0,77892,2016-05-04 12:37:05
2016-03-21 05:04:09,13975,wagon,2008,manual,205,a3,150000,12,other,audi,no,2016-03-21,0,87194,2016-04-05 23:27:45
2016-03-22 06:28:11,37741,wagon,2013,auto,252,scenic,125000,11,petrol,renault,no,2016-03-22,0,76773,2016-03-29 13:59:06
2016-03-06 02:40:32,14625,,2012,auto,61,corolla,150000,0,other,toyota,no,2016-03-06,0,34746,2016-03-08 20:21:13
2016-03-07 08:54:21,0,sedan,2003,,90,500,70000,10,gasoline,fiat,no,2016-03-07,0,28605,2016-03-16 07:09:25
2016-03-02 08:15:41,4072,,1995,manual,206,,70000,2,petrol,audi,yes,2016-03-02,0,74342,2016-03-05 07:19:51
2016-03-12 13:49:33,6395,small,1995,manual,113,punto,20000,12,cng,fiat,no,2016-03-12,0,32711,2016-03-28 15:23:18
2016-03-04 01:23:30,13751,coupe,2014,manual,118,a_klasse,150000,3,electric,mercedes_benz,yes,2016-03-04,0,63034,2016-03-19 09:59:33
2016-03-19 16:10:44,24671,suv,2010,manual,197,tucson,70000,8,lpg,hyundai,no,2016-03-19,0,96637,2016-04-09 10:03:17
2016-04-03 11:15:59,12193,sedan,2000,manual,163,,125000,4,gasoline,mini,no,2016-04-03,0,83808,2016-04-18 13:35:21
2016-03-19 11:25:48,22181,convertible,1996,auto,128,yaris,100000,4,petrol,toyota,no,2016-03-19,0,97643,2016-03-31 03:13:57
2016-03-31 20:03:08,32237,suv,2008,manual,199,3_reihe,150000,10,gasoline,mazda,,2016-03-31,0,45733,2016-04-10 12:53:54
2016-03-04 03:22:53,24345,coupe,2008,manual,236,5er,150000,12,,bmw,no,2016-03-04,0,2008,2016-03-25 18:29:54
2016-03-10 15:28:49,36154,suv,2015,auto,106,a1,125000,3,petrol,audi,no,2016-03-10,0,73948,2016-03-18 03:53:34
2016-03-29 19:24:31,12222,small,2010,auto,173,polo,150000,8,petrol,volkswagen,no,2016-03-29,0,38012,2016-03-30 10:30:24
2016-03-13 16:41:31,20156,sedan,2016,auto,162,,40000,3,petrol,audi,no,2016-03-13,0,77580,2016-04-01 10:01:27
2016-03-26 23:42:13,51090,convertible,2012,auto,182,polo,100000,10,,volkswagen,,2016-03-26,0,19785,2016-04-21 05:04:34
2016-03-12 11:46:40,19707,other,1999,manual,193,berlingo,5000,0,,citroen,,2016-03-12,0,58515,2016-04-05 15:49:54
2016-03-25 04:31:47,23056,bus,2002,manual,236,note,150000,7,,nissan,,2016-03-25,0,5820,2016-04-18 06:25:03
2016-03-04 03:18:27,14642,other,1996,auto,216,leon,150000,3,,seat,no,2016-03-04,0,63298,2016-03-10 06:09:20
2016-03-09 18:11:56,10152,small,2016,manual,225,passat,90000,8,other,volkswagen,no,2016-03-09,0,80172,2016-04-02 20:44:40
2016-04-09 13:04:13,20304,wagon,2008,auto,117,3er,80000,7,petrol,bmw,no,2016-04-09,0,12876,2016-05-06 01:21:39
2016-04-06 17:09:35,21410,wagon,2010,manual,240,v70,150000,8,petrol,volvo,,2016-04-06,0,30495,2016-04-30 15:57:53
2016-03-09 03:39:24,4025,other,1996,manual,51,andere,150000,2,petrol,sonstige_autos,no,2016-03-09,0,28673,2016-03-23 20:18:43
2016-03-31 07:52:32,18321,wagon,2016,manual,143,v70,150000,12,gasoline,volvo,,2016-03-31,0,90957,2016-04-01 18:11:39
2016-03-25 12:51:13,8861,sedan,2010,,99,megane,150000,11,petrol,renault,,2016-03-25,0,50800,2016-04-04 00:50:56
2016-03-22 15:11:55,4677,other,2001,manual,214,v70,90000,5,cng,volvo,yes,2016-03-22,0,82205,2016-04-15 15:50:51
2016-03-12 13:44:10,10428,small,2016,manual,112,6_reihe,150000,6,gasoline,mazda,no,2016-03-12,0,65893,2016-04-05 22:08:56
2016-03-22 01:13:13,38917,suv,2015,auto,168,s60,10000,1,other,volvo,no,2016-03-22,0,83981,2016-04-05 19:29:10
2016-04-01 15:07:39,18992,wagon,2016,manual,0,astra,150000,9,gasoline,opel,no,2016-04-01,0,97730,2016-04-19 23:32:24
2016-03-28 21:09:02,19591,small,2006,manual,192,fabia,30000,8,hybrid,skoda,no,2016-03-28,0,93925,2016-03-31 01:42:31
2016-03-22 23:40:31,10088,sedan,2001,manual,216,zafira,150000,2,other,opel,no,2016-03-22,0,91733,2016-04-07 09:27:56
2016-03-12 09:08:05,20747,other,2013,manual,164,corolla,90000,2,,toyota,no,2016-03-12,0,97918,2016-04-02 18:18:36
2016-03-20 04:59:01,11808,sedan,1999,manual,240,5_reihe,150000,3,other,peugeot,no,2016-03-20,0,66441,2016-04-02 02:07:34
2016-03-21 02:58:47,20814,suv,2002,auto,0,panda,90000,3,lpg,fiat,,2016-03-21,0,31292,2016-04-17 23:33:38
2016-03-19 14:02:06,16484,sedan,2008,manual,153,leon,60000,4,gasoline,seat,no,2016-03-19,0,72701,2016-04-02 17:40:54
2016-03-25 07:47:52,18722,sedan,2007,manual,168,superb,40000,6,,skoda,no,2016-03-25,0,78939,2016-04-14 05:53:10
2016-04-07 15:05:00,29974,bus,2006,auto,218,focus,150000,7,,ford,no,2016-04-07,0,94424,2016-04-17 21:23:34
2016-03-07 11:55:48,26160,suv,2014,manual,95,a_klasse,125000,6,,mercedes_benz,no,2016-03-07,0,51243,2016-03-13 16:17:56
2016-03-27 22:49:21,15351,wagon,1995,auto,0,corsa,125000,2,gasoline,opel,,2016-03-27,0,79853,2016-04-03 16:23:11
2016-03-02 06:29:39,18986,suv,1996,auto,88,,100000,12,gasoline,opel,no,2016-03-02,0,44365,2016-03-19 15:01:22
2016-03-01 18:50:07,31483,wagon,2012,,189,5er,30000,5,,bmw,no,2016-03-01,0,27708,2016-03-10 20:37:57
2016-03-26 07:31:04,20837,wagon,1996,auto,224,3_reihe,50000,5,other,mazda,,2016-03-26,0,67190,2016-04-16 20:56:24
2016-03-21 09:26:56,17581,sedan,2011,manual,131,e_klasse,40000,3,petrol,mercedes_benz,no,2016-03-21,0,85400,2016-04-03 07:58:30
2016-03-22 08:26:14,5964,sedan,2005,manual,236,3_reihe,90000,3,other,mazda,yes,2016-03-22,0,16340,2016-04-14 07:25:47
2016-03-19 14:15:57,14002,wagon,2006,manual,142,andere,60000,12,petrol,sonstige_autos,no,2016-03-19,0,43138,2016-03-25 17:38:36
2016-03-31 00:35:40,14531,sedan,2015,manual,196,ka,90000,9,other,ford,no,2016-03-31,0,7354,2016-04-03 15:35:17
2016-04-06 07:45:12,3598,small,1997,manual,146,a3,150000,0,other,audi,,2016-04-06,0,57978,2016-04-07 19:15:25
2016-03-19 22:00:12,0,sedan,2006,manual,73,v40,150000,8,petrol,volvo,,2016-03-19,0,47516,2016-04-15 22:47:55
2016-03-11 04:46:42,19178,,2007,auto,75,c3,30000,5,petrol,citroen,no,2016-03-11,0,74625,2016-03-31 08:36:15
2016-03-03 18:04:21,40179,coupe,2005,auto,224,touran,150000,6,gasoline,volkswagen,no,2016-03-03,0,5905,2016-03-26 09:50:44
2016-03-23 10:31:24,7189,small,1998,manual,205,5_reihe,150000,1,,peugeot,no,2016-03-23,0,32113,2016-04-12 05:19:24
2016-03-25 15:16:38,10737,other,2001,manual,259,v40,20000,5,gasoline,volvo,yes,2016-03-25,0,9442,2016-04-14 08:13:52
2016-03-05 21:35:58,7640,small,2000,manual,173,s60,125000,7,other,volvo,no,2016-03-05,0,48841,2016-03-31 15:31:10
2016-03-25 22:06:55,19761,other,2008,manual,235,s_klasse,70000,6,gasoline,mercedes_benz,no,2016-03-25,0,11222,2016-04-22 12:38:17
2016-03-20 18:40:15,16808,sedan,2006,auto,40,note,150000,3,electric,nissan,no,2016-03-20,0,99022,2016-03-20 19:34:39
2016-03-19 06:19:37,8293,,2008,auto,0,1er,150000,4,other,bmw,yes,2016-03-19,0,45318,2016-04-01 20:18:49
2016-03-14 00:56:27,7571,wagon,1997,manual,88,astra,125000,3,other,opel,,2016-03-14,0,3314,2016-03-16 18:54:49
2016-04-02 00:26:01,6405,small,2003,manual,182,2_reihe,150000,5,,peugeot,no,2016-04-02,0,75163,2016-04-15 08:52:43
2016-04-06 00:05:07,4272,small,1995,manual,219,,150000,0,hybrid,fiat,,2016-04-06,0,78713,2016-04-29 07:44:03
2016-04-09 20:32:29,43650,wagon,2007,manual,234,andere,80000,2,hybrid,sonstige_autos,no,2016-04-09,0,63559,2016-05-04 05:06:29
2016-03-02 09:28:08,15086,coupe,2006,manual,40,andere,125000,5,gasoline,sonstige_autos,no,2016-03-02,0,68518,2016-03-23 06:22:03
2016-03-19 11:33:11,13434,sedan,2002,auto,74,3er,90000,10,other,bmw,no,2016-03-19,0,26416,2016-03-28 11:11:24
2016-03-16 19:01:08,20964,bus,2012,manual,91,astra,150000,12,gasoline,opel,no,2016-03-16,0,51515,2016-04-13 18:19:55
2016-03-07 00:53:20,14720,suv,2001,manual,43,altea,90000,9,,seat,no,2016-03-07,0,38632,2016-03-21 20:02:26
2016-03-26 03:09:45,21765,other,2014,manual,95,forfour,50000,6,gasoline,smart,,2016-03-26,0,23064,2016-04-22 04:53:34
2016-04-03 11:29:54,8967,small,2002,manual,239,yaris,150000,6,gasoline,toyota,no,2016-04-03,0,68714,2016-04-25 20:21:29
2016-04-03 12:22:45,12735,coupe,2005,auto,206,leon,150000,8,petrol,seat,yes,2016-04-03,0,33135,2016-05-01 03:17:43
2016-04-03 23:16:50,17287,sedan,2015,manual,137,superb,125000,9,,skoda,no,2016-04-03,0,87804,2016-04-28 18:48:35
2016-04-08 13:31:52,30671,coupe,2006,manual,148,forfour,40000,12,gasoline,smart,no,2016-04-08,0,65141,2016-04-17 20:09:01
2016-04-02 18:29:46,12428,,2002,auto,88,transporter,70000,12,petrol,volkswagen,no,2016-04-02,0,72777,2016-04-23 23:32:17
2016-03-19 13:33:19,6241,small,2003,manual,70,micra,80000,8,petrol,nissan,no,2016-03-19,0,90203,2016-03-27 12:16:41
2016-03-07 09:00:49,3848,small,2001,manual,249,3er,100000,6,,bmw,yes,2016-03-07,0,66736,2016-04-03 16:55:14
2016-04-02 20:22:58,10931,sedan,2001,manual,138,s_klasse,50000,6,petrol,mercedes_benz,,2016-04-02,0,42786,2016-04-14 01:43:29
2016-03-15 05:52:48,24512,sedan,2008,manual,234,7er,70000,10,gasoline,bmw,no,2016-03-15,0,56690,2016-03-29 20:37:51
2016-04-05 00:32:34,21071,other,2010,manual,150,scenic,80000,5,gasoline,renault,,2016-04-05,0,95095,2016-04-22 01:39:31
2016-03-20 07:05:01,0,other,2014,manual,162,leon,150000,11,other,seat,no,2016-03-20,0,79614,2016-03-21 16:20:27
2016-03-24 11:31:55,13096,convertible,2013,manual,90,berlingo,100000,5,gasoline,citroen,yes,2016-03-24,0,53510,2016-04-21 00:47:41
2016-03-12 21:31:43,0,other,2009,manual,85,forfour,90000,7,other,smart,no,2016-03-12,0,38001,2016-03-22 14:10:22
2016-04-05 04:34:24,7711,other,1997,manual,92,berlingo,80000,7,petrol,citroen,no,2016-04-05,0,25037,2016-04-13 09:57:12
2016-03-16 02:17:12,15709,coupe,1997,auto,140,c4,150000,1,gasoline,citroen,no,2016-03-16,0,2732,2016-04-10 01:35:51
2016-03-02 19:55:53,22564,other,2016,manual,65,cooper,50000,2,gasoline,mini,no,2016-03-02,0,98784,2016-03-30 15:05:43
2016-04-01 14:49:58,8901,other,1995,manual,127,note,150000,8,gasoline,nissan,no,2016-04-01,0,23986,2016-04-18 18:40:14
2016-03-15 02:13:17,12048,sedan,2016,manual,46,fortwo,100000,4,other,smart,no,2016-03-15,0,21322,2016-04-12 19:40:01
2016-03-19 11:35:05,24706,sedan,2010,auto,191,,150000,2,other,smart,no,2016-03-19,0,11469,2016-04-05 23:35:41
2016-03-23 20:14:22,18232,small,2016,auto,258,polo,70000,10,petrol,volkswagen,no,2016-03-23,0,22058,2016-03-24 00:53:52
2016-03-30 04:51:31,30988,,2011,manual,129,5_reihe,125000,6,hybrid,peugeot,,2016-03-30,0,41534,2016-04-21 13:35:54
2016-04-01 13:21:59,15732,small,2015,manual,224,andere,20000,0,gasoline,sonstige_autos,no,2016-04-01,0,17181,2016-04-27 19:31:41
2016-03-12 07:41:42,3969,other,2000,manual,175,e_klasse,150000,11,petrol,mercedes_benz,yes,2016-03-12,0,86212,2016-03-16 01:24:23
2016-03-14 14:38:35,18129,suv,2007,manual,102,,150000,5,petrol,opel,no,2016-03-14,0,15156,2016-04-12 13:40:14
2016-04-06 08:14:09,15604,,2005,manual,142,7er,90000,11,other,bmw,no,2016-04-06,0,40620,2016-04-26 11:33:28
2016-03-19 04:19:05,7161,sedan,1997,manual,96,2_reihe,80000,4,,mazda,yes,2016-03-19,0,59846,2016-04-03 02:28:06
2016-03-02 10:44:40,8717,small,2006,manual,231,cooper,100000,12,,mini,no,2016-03-02,0,14164,2016-03-02 16:24:53
2016-04-05 09:28:23,5800,small,1995,,89,avensis,125000,6,gasoline,toyota,no,2016-04-05,0,1430,2016-04-27 10:18:14
2016-04-05 11:28:29,25818,suv,1999,auto,139,ibiza,70000,1,petrol,seat,no,2016-04-05,0,78566,2016-04-05 11:57:29
2016-03-06 10:47:10,29498,wagon,1999,manual,232,mondeo,100000,7,,ford,no,2016-03-06,0,88797,2016-03-25 17:37:51
2016-03-10 08:19:43,0,wagon,2005,manual,211,fiesta,70000,4,lpg,ford,no,2016-03-10,0,99200,2016-03-21 06:47:28
2016-04-09 00:04:25,22206,,1997,manual,221,clubman,90000,7,gasoline,mini,no,2016-04-09,0,77099,2016-05-08 01:10:35
2016-03-11 14:00:20,34189,,2009,manual,70,cooper,125000,4,,mini,no,2016-03-11,0,24168,2016-03-25 23:21:09
2016-03-13 19:44:34,8507,,1997,manual,63,leon,90000,11,petrol,seat,no,2016-03-13,0,51812,2016-03-16 01:08:37
2016-03-31 06:15:21,9466,wagon,2007,manual,129,v70,40000,7,gasoline,volvo,yes,2016-03-31,0,87912,2016-04-14 08:02:01
2016-03-07 05:58:44,28829,suv,2007,auto,226,2_reihe,150000,6,other,peugeot,no,2016-03-07,0,84755,2016-03-16 08:31:18
2016-03-16 12:40:32,13632,bus,2003,manual,80,berlingo,150000,3,gasoline,citroen,no,2016-03-16,0,93791,2016-04-09 01:14:02
2016-04-05 20:29:53,7036,sedan,2016,manual,51,qashqai,150000,9,gasoline,nissan,yes,2016-04-05,0,43181,2016-04-06 21:50:35
2016-03-27 09:25:06,16434,wagon,2003,manual,233,insignia,150000,9,petrol,opel,no,2016-03-27,0,52961,2016-03-31 07:03:04
2016-03-30 12:10:54,17479,small,2010,auto,184,andere,150000,5,gasoline,sonstige_autos,,2016-03-30,0,73453,2016-04-28 17:42:24
2016-04-08 10:34:33,0,small,2016,manual,155,superb,150000,0,gasoline,skoda,no,2016-04-08,0,90922,2016-04-22 02:31:44
2016-03-13 02:08:56,13453,sedan,2006,manual,109,panda,125000,1,petrol,fiat,,2016-03-13,0,13737,2016-03-21 02:39:29
2016-03-18 01:22:48,26482,other,2010,auto,119,2_reihe,100000,12,gasoline,peugeot,no,2016-03-18,0,67901,2016-03-26 01:30:44
2016-04-09 17:53:10,5147,wagon,1998,manual,118,leon,50000,7,petrol,seat,yes,2016-04-09,0,71505,2016-05-07 01:52:15
2016-03-23 20:03:31,11626,other,2015,manual,112,passat,150000,6,electric,volkswagen,yes,2016-03-23,0,49404,2016-03-29 18:45:21
2016-03-06 23:52:10,18404,sedan,2000,auto,203,mondeo,125000,8,cng,ford,no,2016-03-06,0,8463,2016-03-08 16:07:54
2016-03-06 06:32:28,12647,coupe,2001,manual,178,a4,90000,12,petrol,audi,no,2016-03-06,0,39586,2016-03-30 10:14:41
2016-03-29 01:20:13,10786,wagon,2009,auto,130,,150000,3,petrol,sonstige_autos,,2016-03-29,0,91002,2016-04-01 01:23:04
2016-03-03 17:30:32,12372,sedan,1997,manual,247,note,60000,6,other,nissan,no,2016-03-03,0,97705,2016-03-09 09:24:29
2016-03-18 20:25:28,11416,small,2009,manual,202,,150000,9,other,hyundai,no,2016-03-18,0,92806,2016-03-23 04:05:11
2016-03-19 06:01:19,28959,,2012,manual,111,7er,150000,3,electric,bmw,,2016-03-19,0,86023,2016-04-08 06:44:41
2016-03-13 22:42:55,17597,small,2010,auto,123,3_reihe,40000,2,hybrid,mazda,,2016-03-13,0,9162,2016-03-29 09:30:10
2016-03-15 16:44:14,20249,suv,2005,manual,163,octavia,150000,10,petrol,skoda,no,2016-03-15,0,54300,2016-03-22 17:41:49
2016-03-26 01:52:00,34855,suv,2015,manual,225,zafira,100000,6,other,opel,no,2016-03-26,0,88968,2016-04-04 08:00:20
2016-03-28 01:13:05,19507,other,2012,,52,touran,125000,3,petrol,volkswagen,no,2016-03-28,0,56484,2016-04-07 06:46:07
2016-03-20 02:30:58,10189,,1999,,46,2_reihe,100000,7,petrol,peugeot,no,2016-03-20,0,11193,2016-04-03 23:10:51
2016-04-03 09:10:40,34755,suv,2010,manual,91,superb,150000,5,hybrid,skoda,no,2016-04-03,0,77316,2016-04-20 09:16:52
2016-03-16 10:51:59,28653,suv,2002,manual,0,e_klasse,40000,9,gasoline,mercedes_benz,no,2016-03-16,0,62039,2016-04-06 13:19:04
2016-03-01 11:47:05,7406,other,2001,manual,176,micra,150000,4,other,nissan,no,2016-03-01,0,43095,2016-03-14 09:14:54
2016-03-10 20:48:39,4178,small,2009,,146,passat,150000,4,petrol,volkswagen,,2016-03-10,0,47534,2016-03-15 06:46:18
2016-03-26 13:17:56,20953,small,2003,auto,255,panda,60000,10,gasoline,fiat,no,2016-03-26,0,60683,2016-04-18 18:26:33
2016-03-10 10:21:23,17724,wagon,2007,manual,90,cooper,150000,1,gasoline,mini,no,2016-03-10,0,52588,2016-04-09 00:03:52
2016-03-11 13:03:23,38579,suv,2009,manual,156,corsa,80000,8,gasoline,opel,no,2016-03-11,0,16133,2016-03-16 20:26:58
2016-03-25 09:46:24,18289,sedan,2016,manual,0,c4,150000,9,petrol,citroen,no,2016-03-25,0,65222,2016-03-28 16:04:23
2016-03-31 17:56:06,10841,small,2002,manual,108,twingo,10000,12,gasoline,renault,no,2016-03-31,0,27075,2016-04-12 07:53:25
2016-03-25 13:25:27,21212,sedan,2002,auto,124,octavia,90000,1,,skoda,no,2016-03-25,0,68286,2016-04-23 04:45:13
2016-03-03 21:15:10,3339,small,2003,manual,128,forfour,70000,1,petrol,smart,,2016-03-03,0,84627,2016-03-14 10:10:29
2016-03-09 14:06:09,14071,sedan,2009,manual,207,5_reihe,20000,10,other,peugeot,no,2016-03-09,0,7918,2016-04-02 16:39:33
2016-04-04 11:08:16,44179,wagon,2015,manual,142,panda,100000,1,electric,fiat,no,2016-04-04,0,75315,2016-05-03 04:36:10
2016-03-02 22:20:33,20542,coupe,2007,auto,124,andere,150000,11,petrol,sonstige_autos,no,2016-03-02,0,94596,2016-03-18 19:54:17
2016-03-28 12:51:34,13178,sedan,2000,manual,181,i20,150000,8,gasoline,hyundai,no,2016-03-28,0,25728,2016-04-10 09:41:59
2016-03-09 04:09:54,1666,,1997,manual,144,megane,150000,8,other,renault,yes,2016-03-09,0,79526,2016-03-10 14:52:20
2016-03-29 14:40:19,28979,suv,2013,manual,138,punto,125000,9,gasoline,fiat,no,2016-03-29,0,37232,2016-04-18 03:27:55
2016-03-16 14:15:36,5278,small,1998,manual,135,5_reihe,150000,9,lpg,peugeot,,2016-03-16,0,90020,2016-04-07 14:18:13
2016-04-04 07:30:23,13501,other,2002,manual,121,7er,100000,7,gasoline,bmw,no,2016-04-04,0,48371,2016-04-19 10:59:21
2016-04-07 00:03:48,14197,small,2011,manual,161,andere,150000,4,gasoline,sonstige_autos,no,2016-04-07,0,47660,2016-04-19 00:54:36
2016-03-21 20:35:30,8558,sedan,1996,,245,cooper,5000,12,other,mini,,2016-03-21,0,54987,2016-03-27 00:18:37
2016-03-23 14:59:49,10006,wagon,2001,,126,andere,125000,2,other,sonstige_autos,no,2016-03-23,0,30288,2016-04-06 15:14:27
2016-04-09 09:02:10,10559,small,2009,manual,246,2_reihe,150000,5,other,mazda,no,2016-04-09,0,21858,2016-04-16 17:37:49
2016-03-02 10:13:27,49005,suv,2008,manual,238,zafira,150000,4,hybrid,opel,no,2016-03-02,0,72342,2016-03-30 13:26:28
2016-03-31 02:00:04,4472,sedan,1996,manual,102,c3,100000,4,gasoline,citroen,yes,2016-03-31,0,68051,2016-04-10 23:57:50
2016-03-27 21:56:45,4477,wagon,2006,manual,77,punto,150000,10,other,fiat,yes,2016-03-27,0,78913,2016-04-07 01:48:37
2016-03-16 09:26:39,24897,,2005,auto,177,s60,150000,6,gasoline,volvo,no,2016-03-16,0,42603,2016-03-22 02:50:53
2016-03-31 16:03:38,8869,coupe,2006,manual,252,,125000,5,other,mercedes_benz,yes,2016-03-31,0,60916,2016-04-11 01:50:24
2016-04-07 20:41:11,10100,coupe,2011,auto,70,tucson,150000,11,petrol,hyundai,yes,2016-04-07,0,40189,2016-04-20 06:04:39
2016-03-25 16:06:03,10761,sedan,2007,manual,160,c4,150000,12,petrol,citroen,,2016-03-25,0,23518,2016-04-02 13:47:25
2016-04-03 00:05:32,11672,coupe,1997,manual,167,clio,150000,10,other,renault,no,2016-04-03,0,28459,2016-04-10 11:13:03
2016-03-26 20:19:28,29269,suv,2012,manual,116,fabia,150000,6,gasoline,skoda,no,2016-03-26,0,88335,2016-04-14 19:02:12
2016-03-09 11:30:07,17479,other,2014,manual,138,tiguan,100000,4,petrol,volkswagen,no,2016-03-09,0,78658,2016-03-24 01:53:26
2016-04-07 11:40:02,2311,sedan,1995,manual,156,s60,125000,0,petrol,volvo,yes,2016-04-07,0,9267,2016-04-23 17:56:26
2016-03-10 15:47:53,26712,other,2013,manual,249,passat,40000,3,petrol,volkswagen,no,2016-03-10,0,81991,2016-04-05 13:02:55
2016-03-17 08:34:36,7129,sedan,2000,manual,62,fortwo,150000,10,gasoline,smart,no,2016-03-17,0,91680,2016-04-07 03:28:55
2016-03-20 22:44:33,39266,small,2008,auto,253,forfour,40000,4,hybrid,smart,no,2016-03-20,0,97870,2016-04-14 18:47:37
2016-03-16 01:51:31,8395,small,2012,auto,187,a6,125000,2,gasoline,audi,yes,2016-03-16,0,7727,2016-04-11 00:34:09
2016-04-01 23:40:31,18358,sedan,2013,manual,168,forfour,90000,1,gasoline,smart,no,2016-04-01,0,3951,2016-04-10 18:14:26
2016-03-21 02:25:00,16970,wagon,2008,manual,52,superb,150000,1,gasoline,skoda,no,2016-03-21,0,96917,2016-04-07 03:14:44
2016-03-31 06:10:23,23528,convertible,2009,manual,257,micra,60000,7,other,nissan,no,2016-03-31,0,12424,2016-04-21 17:33:17
2016-03-28 10:24:51,12964,small,2009,manual,156,s_klasse,50000,12,gasoline,mercedes_benz,,2016-03-28,0,24466,2016-04-24 15:25:17
2016-03-23 21:15:17,16815,wagon,2005,manual,111,leon,150000,8,gasoline,seat,,2016-03-23,0,59382,2016-04-01 19:36:08
2016-03-10 06:28:18,19020,wagon,2007,manual,213,tucson,40000,1,petrol,hyundai,,2016-03-10,0,35378,2016-03-17 18:49:25
2016-04-05 19:28:21,10269,small,2012,manual,88,andere,80000,12,gasoline,sonstige_autos,no,2016-04-05,0,61190,2016-04-25 15:44:39
2016-03-22 08:03:05,22930,coupe,2016,manual,78,c3,150000,11,,citroen,no,2016-03-22,0,96470,2016-04-20 05:59:16
2016-03-10 18:26:44,18154,,2006,auto,176,3_reihe,150000,2,gasoline,peugeot,yes,2016-03-10,0,62070,2016-04-02 22:04:59
2016-04-08 21:01:58,16517,wagon,1995,manual,133,vectra,5000,4,petrol,opel,no,2016-04-08,0,3244,2016-04-23 12:46:23
2016-04-02 11:46:48,13738,suv,2000,manual,185,tucson,100000,7,other,hyundai,,2016-04-02,0,79854,2016-04-13 06:47:35
2016-03-28 18:37:51,6594,wagon,2004,manual,180,andere,80000,10,gasoline,sonstige_autos,yes,2016-03-28,0,22268,2016-04-03 02:52:21
2016-04-07 23:29:07,14115,small,1997,,258,a_klasse,150000,1,gasoline,mercedes_benz,no,2016-04-07,0,65308,2016-05-04 01:08:18
2016-03-14 14:40:56,36948,convertible,2002,manual,238,6_reihe,70000,10,gasoline,mazda,no,2016-03-14,0,60809,2016-03-21 10:55:43
2016-03-28 08:29:21,30687,,2013,auto,69,q5,60000,4,gasoline,audi,no,2016-03-28,0,2808,2016-04-16 13:09:48
2016-03-07 03:26:13,32688,sedan,2011,auto,223,berlingo,150000,2,,citroen,,2016-03-07,0,83270,2016-03-28 01:16:06
2016-03-22 15:00:36,5892,coupe,1996,manual,112,,5000,7,other,sonstige_autos,yes,2016-03-22,0,23588,2016-04-19 19:21:31
2016-04-05 20:26:00,8109,sedan,2001,manual,44,avensis,125000,9,petrol,toyota,,2016-04-05,0,74652,2016-04-09 16:56:58
2016-03-19 19:17:55,9699,wagon,1996,manual,172,superb,150000,6,lpg,skoda,no,2016-03-19,0,27958,2016-04-09 14:55:19
2016-03-31 14:58:20,22612,,2013,auto,88,vectra,30000,0,petrol,opel,no,2016-03-31,0,69661,2016-04-15 07:33:29
2016-03-02 00:34:18,10114,small,2005,manual,109,megane,5000,4,petrol,renault,no,2016-03-02,0,44807,2016-03-23 03:35:38
2016-04-02 22:00:01,6459,small,1997,auto,95,,150000,9,petrol,peugeot,no,2016-04-02,0,73874,2016-04-13 08:36:14
2016-03-05 18:03:39,16561,sedan,2005,auto,95,2_reihe,150000,12,lpg,mazda,no,2016-03-05,0,52850,2016-04-02 11:42:09
2016-03-24 10:48:07,6002,wagon,2010,manual,157,focus,150000,7,petrol,ford,yes,2016-03-24,0,89258,2016-04-09 16:53:53
2016-04-08 02:36:41,16874,other,1999,auto,217,andere,150000,10,petrol,sonstige_autos,no,2016-04-08,0,91302,2016-04-15 01:22:50
2016-04-04 04:02:28,8856,small,2009,manual,160,a3,90000,11,cng,audi,no,2016-04-04,0,30918,2016-04-24 15:31:06
2016-03-21 13:28:39,8729,sedan,2008,,220,5_reihe,100000,8,other,peugeot,,2016-03-21,0,39460,2016-03-31 15:24:53
2016-03-07 06:57:35,4482,small,2013,manual,95,avensis,150000,2,petrol,toyota,yes,2016-03-07,0,47969,2016-03-24 09:12:01
2016-03-27 10:50:10,4782,sedan,1995,manual,65,clubman,150000,10,petrol,mini,,2016-03-27,0,85542,2016-04-13 09:53:25
2016-03-29 11:47:24,15957,other,2001,manual,176,qashqai,90000,12,petrol,nissan,no,2016-03-29,0,18623,2016-04-04 10:25:35
2016-03-17 19:41:44,11059,wagon,1995,,254,altea,150000,11,petrol,seat,no,2016-03-17,0,7104,2016-03-17 20:00:52
2016-03-20 15:58:35,22506,bus,2011,manual,247,avensis,40000,1,other,toyota,no,2016-03-20,0,26880,2016-04-18 16:40:18
2016-03-03 12:12:40,9921,small,2016,manual,129,c4,150000,0,other,citroen,no,2016-03-03,0,68613,2016-03-12 21:08:18
2016-03-05 05:31:25,4992,small,2001,manual,108,focus,150000,11,other,ford,no,2016-03-05,0,71008,2016-04-02 16:39:22
2016-03-09 16:32:34,8900,coupe,2009,manual,112,a4,150000,9,gasoline,audi,yes,2016-03-09,0,12778,2016-03-12 05:27:56
2016-03-31 05:19:15,8435,sedan,2007,manual,58,ka,90000,5,electric,ford,yes,2016-03-31,0,51454,2016-04-09 07:00:04
2016-04-06 19:38:05,17015,,1999,manual,167,,100000,10,other,fiat,,2016-04-06,0,35010,2016-04-27 15:02:49
2016-03-25 15:08:08,12461,other,1998,manual,16112,mondeo,150000,3,electric,ford,no,2016-03-25,0,38407,2016-04-15 14:03:51
2016-03-27 20:21:00,11481,small,2012,,231,clio,125000,4,other,renault,no,2016-03-27,0,67971,2016-04-22 06:33:40
2016-03-04 09:50:19,31316,sedan,2011,auto,165,ka,80000,1,gasoline,ford,no,2016-03-04,0,91003,2016-03-30 21:19:22
2016-03-10 19:10:15,16756,bus,2013,manual,67,s_klasse,150000,1,petrol,mercedes_benz,,2016-03-10,0,22863,2016-04-06 04:55:55
2016-03-03 05:55:08,3668,small,2015,manual,59,zafira,80000,9,,opel,,2016-03-03,0,55072,2016-03-26 02:54:36
2016-04-01 05:12:39,18349,other,2005,manual,50,c4,30000,11,gasoline,citroen,no,2016-04-01,0,79447,2016-04-30 11:10:09
2016-03-23 02:24:39,7975,coupe,2002,manual,0,5_reihe,125000,4,gasoline,peugeot,yes,2016-03-23,0,22697,2016-03-27 21:51:28
2016-03-26 17:59:00,24080,coupe,2007,auto,94,i20,150000,1,petrol,hyundai,no,2016-03-26,0,14629,2016-04-21 16:24:13
2016-03-22 00:12:17,18119,sedan,2012,manual,143,clubman,150000,2,petrol,mini,no,2016-03-22,0,40580,2016-04-13 00:17:52
2016-03-22 02:59:24,19496,,2003,manual,125,s60,40000,7,gasoline,volvo,,2016-03-22,0,70042,2016-04-08 07:35:17
2016-03-04 20:21:40,10800,,1995,manual,150,ka,125000,12,gasoline,ford,no,2016-03-04,0,7588,2016-03-07 15:32:48
2016-03-03 05:19:59,10870,small,2015,manual,234,c_klasse,150000,4,petrol,mercedes_benz,no,2016-03-03,0,88313,2016-03-25 18:48:55
2016-03-05 12:56:27,22159,convertible,2001,manual,235,v70,100000,4,petrol,volvo,no,2016-03-05,0,81769,2016-03-13 09:34:04
2016-03-06 00:24:47,14878,sedan,2003,manual,194,andere,150000,6,petrol,sonstige_autos,no,2016-03-06,0,64508,2016-03-22 18:30:42
2016-04-03 02:36:03,15845,,2000,auto,96,punto,100000,2,other,fiat,no,2016-04-03,0,38668,2016-04-10 18:45:03
2016-03-28 15:41:09,17571,small,2016,manual,198,panda,125000,0,gasoline,fiat,no,2016-03-28,0,2027,2016-03-31 10:58:28
2016-03-06 18:34:41,8289,other,1996,manual,76,passat,125000,4,gasoline,volkswagen,no,2016-03-06,0,53682,2016-03-19 06:22:35
2016-03-07 16:02:30,3261,small,1999,manual,56,micra,150000,12,other,nissan,,2016-03-07,0,65262,2016-03-08 00:53:49
2016-04-06 11:40:28,36078,suv,2014,manual,238,c4,40000,10,petrol,citroen,no,2016-04-06,0,21766,2016-04-08 17:25:24
2016-03-12 21:05:14,29614,sedan,2004,manual,82,twingo,70000,10,electric,renault,no,2016-03-12,0,67841,2016-03-16 01:42:36
2016-03-09 18:31:13,16718,suv,2003,manual,130,,150000,11,petrol,nissan,no,2016-03-09,0,41690,2016-03-15 23:31:48
2016-03-30 16:13:37,11168,small,1998,manual,249,passat,5000,5,lpg,volkswagen,,2016-03-30,0,36959,2016-04-24 17:34:23
2016-03-19 06:23:06,33181,wagon,2001,manual,221,tiguan,50000,3,hybrid,volkswagen,no,2016-03-19,0,1784,2016-03-21 13:48:30
2016-03-15 15:29:55,15164,coupe,1999,manual,194,3_reihe,150000,9,petrol,mazda,no,2016-03-15,0,9551,2016-03-24 13:26:35
2016-03-20 13:12:38,9020,,1995,manual,113,clubman,30000,9,other,mini,no,2016-03-20,0,21048,2016-04-17 11:10:14
2016-03-12 12:18:49,22275,other,2000,manual,93,note,50000,9,hybrid,nissan,,2016-03-12,0,69467,2016-03-27 04:04:43
2016-03-10 21:08:01,90000,suv,2004,manual,243,a_klasse,70000,10,other,mercedes_benz,no,2016-03-10,0,50448,2016-03-29 21:39:44
2016-03-05 03:23:22,9760,small,2006,manual,111,i30,80000,2,gasoline,hyundai,no,2016-03-05,0,34623,2016-03-25 01:45:16
2016-03-23 02:39:40,29891,sedan,2016,auto,252,q5,10000,1,cng,audi,,2016-03-23,0,74306,2016-03-28 21:58:19
2016-04-04 14:23:22,9915,,1995,manual,93,c4,20000,2,petrol,citroen,no,2016-04-04,0,61752,2016-05-01 06:22:15
2016-03-04 13:05:41,8497,small,2004,manual,109,vectra,90000,9,petrol,opel,no,2016-03-04,0,82103,2016-03-21 13:45:52
2016-03-07 16:49:14,33818,convertible,2002,manual,234,leon,30000,7,gasoline,seat,,2016-03-07,0,51159,2016-03-28 05:32:44
2016-03-20 01:04:53,14821,wagon,2010,manual,116,fabia,90000,2,other,skoda,no,2016-03-20,0,50527,2016-03-30 12:08:03
2016-04-05 11:43:44,1510,sedan,1995,manual,47,fiesta,150000,1,cng,ford,,2016-04-05,0,8321,2016-04-11 07:09:07
2016-04-03 16:21:21,47136,suv,2001,auto,161,500,100000,10,hybrid,fiat,no,2016-04-03,0,61794,2016-04-17 01:07:14
2016-03-19 11:58:04,23812,,2016,manual,198,i20,70000,5,gasoline,hyundai,no,2016-03-19,0,77754,2016-04-09 10:28:29
2016-04-08 07:00:14,10101,other,2011,manual,237,cooper,80000,11,gasoline,mini,,2016-04-08,0,85226,2016-05-03 19:09:51
2016-03-27 02:29:12,29760,other,2006,auto,112,fortwo,30000,6,gasoline,smart,,2016-03-27,0,35944,2016-04-21 08:08:35
2016-03-20 03:17:08,3445,sedan,1998,manual,0,5_reihe,150000,5,,peugeot,yes,2016-03-20,0,77494,2016-04-02 13:22:20
2016-03-31 15:23:15,13559,suv,2003,manual,169,e_klasse,125000,11,hybrid,mercedes_benz,,2016-03-31,0,55721,2016-04-12 07:19:38
2016-04-04 08:50:10,22890,sedan,1996,auto,243,mondeo,50000,8,petrol,ford,no,2016-04-04,0,94207,2016-04-26 01:43:32
2016-03-02 16:31:37,16737,wagon,2006,manual,188,andere,125000,1,,sonstige_autos,no,2016-03-02,0,67979,2016-03-27 23:35:41
2016-03-29 01:20:36,20211,other,2015,manual,0,fortwo,150000,6,petrol,smart,no,2016-03-29,0,27400,2016-04-27 19:16:59
2016-03-11 12:58:44,16985,other,2012,manual,0,qashqai,150000,11,petrol,nissan,no,2016-03-11,0,39075,2016-03-22 14:35:46
2016-04-03 13:13:07,6210,small,1998,manual,94,2_reihe,125000,8,gasoline,peugeot,no,2016-04-03,0,71514,2016-04-07 18:02:20
2016-03-21 07:15:08,15448,wagon,2010,manual,148,andere,70000,3,other,sonstige_autos,no,2016-03-21,0,9002,2016-04-17 10:43:03
2016-04-06 22:11:51,90000,suv,2004,manual,130,3er,100000,4,gasoline,bmw,no,2016-04-06,0,78707,2016-04-28 23:30:13
2016-04-07 03:57:21,9308,other,2013,manual,213,ibiza,150000,5,gasoline,seat,yes,2016-04-07,0,15037,2016-04-30 13:39:07
2016-03-31 16:58:18,71280,coupe,2015,auto,49,5_reihe,50000,10,electric,peugeot,no,2016-03-31,0,73138,2016-04-08 06:39:06
2016-03-01 20:25:27,7637,small,2002,manual,195,6_reihe,60000,4,lpg,mazda,no,2016-03-01,0,4938,2016-03-02 16:58:39
2016-03-21 02:28:01,7506,wagon,2003,manual,74,panda,150000,7,,fiat,,2016-03-21,0,57710,2016-03-24 10:53:45
2016-04-06 18:45:39,8027,sedan,2001,manual,71,i30,70000,0,other,hyundai,no,2016-04-06,0,37877,2016-04-27 16:00:50
2016-03-21 14:31:26,26777,other,2013,manual,133,6_reihe,150000,6,gasoline,mazda,no,2016-03-21,0,58709,2016-03-31 21:27:17
2016-04-09 20:55:09,33863,bus,2000,manual,237,ibiza,100000,6,hybrid,seat,no,2016-04-09,0,51321,2016-04-30 03:59:43
2016-04-01 10:25:04,7183,sedan,1998,auto,240,clubman,90000,12,cng,mini,,2016-04-01,0,83673,2016-04-20 07:54:39
2016-03-30 05:09:27,17866,wagon,2001,,198,forfour,70000,4,gasoline,smart,no,2016-03-30,0,81296,2016-04-10 14:47:24
2016-03-14 02:55:52,11929,sedan,2015,manual,87,,100000,8,other,renault,,2016-03-14,0,49575,2016-03-28 00:38:50
2016-04-06 22:58:42,18277,sedan,2002,auto,206,qashqai,50000,8,petrol,nissan,,2016-04-06,0,38455,2016-04-28 17:53:55
2016-03-29 13:20:44,6855,other,2009,manual,170,yaris,150000,6,petrol,toyota,yes,2016-03-29,0,67405,2016-04-19 18:14:58
2016-04-03 23:41:44,16708,small,2006,manual,117,cooper,125000,1,hybrid,mini,no,2016-04-03,0,73761,2016-04-08 16:19:42
2016-03-08 06:06:27,5634,,2000,manual,90,3_reihe,5000,8,other,peugeot,yes,2016-03-08,0,81492,2016-03-28 12:15:58
2016-03-12 00:56:49,17327,sedan,1997,manual,224,altea,20000,1,other,seat,no,2016-03-12,0,32818,2016-03-18 01:45:21
2016-03-22 22:25:32,13282,sedan,2004,manual,199,forfour,150000,4,gasoline,smart,no,2016-03-22,0,84405,2016-04-06 20:27:08
2016-03-07 03:44:48,15197,wagon,2008,manual,169,cooper,80000,8,petrol,mini,no,2016-03-07,0,18583,2016-03-17 23:02:14
2016-03-12 21:19:27,8994,wagon,1999,auto,63,andere,150000,2,lpg,sonstige_autos,no,2016-03-12,0,5551,2016-04-06 11:17:47
2016-03-11 18:28:13,15814,other,1996,manual,247,6_reihe,125000,2,gasoline,mazda,,2016-03-11,0,6606,2016-03-30 11:38:14
2016-03-01 21:04:24,16105,,2006,manual,187,touran,125000,10,,volkswagen,no,2016-03-01,0,4950,2016-03-30 21:09:11
2016-03-04 05:25:04,18390,bus,1997,auto,193,5er,50000,3,,bmw,,2016-03-04,0,1579,2016-03-08 22:57:45
2016-03-28 10:46:22,13355,other,2001,manual,244,3_reihe,90000,5,lpg,mazda,,2016-03-28,0,83893,2016-03-31 07:44:25
2016-04-01 08:48:21,13504,convertible,1997,manual,128,c_klasse,150000,5,gasoline,mercedes_benz,no,2016-04-01,0,36092,2016-04-10 07:46:36
2016-03-03 19:26:57,35997,suv,2004,auto,185,x_reihe,90000,9,petrol,bmw,no,2016-03-03,0,6171,2016-03-05 11:05:14
2016-03-29 09:33:51,6452,sedan,1997,manual,169,qashqai,150000,9,petrol,nissan,no,2016-03-29,0,37601,2016-04-02 23:12:45
2016-04-09 16:11:49,5421,coupe,2001,manual,119,q5,125000,11,gasoline,audi,yes,2016-04-09,0,9432,2016-04-15 18:23:08
2016-04-06 19:38:40,31516,wagon,2014,auto,167,,90000,1,petrol,opel,no,2016-04-06,0,82465,2016-04-23 16:23:33
2016-04-03 22:24:27,22046,coupe,2011,manual,119,2_reihe,100000,6,petrol,peugeot,no,2016-04-03,0,39986,2016-05-01 15:14:27
2016-03-12 13:52:59,25404,suv,2002,,212,3_reihe,100000,8,petrol,mazda,no,2016-03-12,0,83230,2016-04-09 08:26:15
2016-03-20 01:21:07,14026,,2006,manual,81,scenic,90000,6,cng,renault,no,2016-03-20,0,71879,2016-04-03 07:29:21
2016-03-01 23:11:46,11544,sedan,2005,auto,83,s_klasse,150000,9,other,mercedes_benz,no,2016-03-01,0,26173,2016-03-28 05:09:09
2016-04-09 20:05:41,21209,coupe,2013,manual,77,a3,150000,3,gasoline,audi,no,2016-04-09,0,95132,2016-04-29 01:33:46
2016-04-05 15:26:15,37035,convertible,2003,auto,241,q5,70000,11,gasoline,audi,no,2016-04-05,0,77245,2016-04-30 03:27:59
2016-04-09 07:24:27,11065,sedan,2015,manual,45,v40,150000,7,gasoline,volvo,no,2016-04-09,0,89856,2016-04-21 05:38:37
2016-03-28 11:33:08,39700,coupe,2013,auto,170,cooper,20000,9,lpg,mini,no,2016-03-28,0,69318,2016-04-04 01:36:32
2016-03-17 04:28:59,11709,wagon,2007,manual,103,mondeo,150000,6,other,ford,no,2016-03-17,0,41578,2016-04-12 01:22:16
2016-03-08 07:34:17,10950,small,2015,manual,231,transporter,150000,3,petrol,volkswagen,,2016-03-08,0,31502,2016-03-19 08:21:17
2016-03-10 08:08:40,11193,small,2016,manual,115,note,100000,8,gasoline,nissan,,2016-03-10,0,95477,2016-03-19 11:22:56
2016-03-06 17:56:47,20196,sedan,2013,manual,84,v70,5000,1,gasoline,volvo,no,2016-03-06,0,64218,2016-04-05 17:49:08
2016-03-24 02:50:32,19472,other,1996,manual,251,a3,90000,7,gasoline,audi,no,2016-03-24,0,15563,2016-04-21 06:30:28
2016-03-23 14:14:59,28038,other,2004,manual,172,3_reihe,150000,7,electric,mazda,no,2016-03-23,0,86442,2016-04-19 22:14:06
2016-03-08 13:08:31,33957,sedan,2000,manual,245,clubman,60000,7,hybrid,mini,,2016-03-08,0,47530,2016-03-27 19:54:43
2016-03-14 06:51:37,7334,bus,2013,manual,118,punto,150000,4,petrol,fiat,yes,2016-03-14,0,26827,2016-03-17 21:01:15
2016-03-26 14:34:38,11226,sedan,1999,manual,231,tucson,150000,12,petrol,hyundai,no,2016-03-26,0,37108,2016-04-10 04:24:31
2016-03-09 18:43:58,8854,,2000,manual,53,e_klasse,125000,11,gasoline,mercedes_benz,,2016-03-09,0,4917,2016-03-12 22:41:37
2016-04-06 14:30:09,7406,wagon,2002,manual,217,altea,150000,8,gasoline,seat,yes,2016-04-06,0,11205,2016-04-20 10:12:55
2016-03-18 17:48:16,4683,small,1996,manual,89,3_reihe,80000,8,petrol,mazda,no,2016-03-18,0,35318,2016-03-28 15:09:23
2016-03-18 23:04:53,17891,other,2008,manual,214,5_reihe,150000,10,,peugeot,no,2016-03-18,0,57607,2016-03-26 18:36:36
2016-03-24 01:54:17,26649,,2004,manual,124,corsa,30000,8,gasoline,opel,no,2016-03-24,0,85726,2016-03-30 15:06:36
2016-03-27 14:22:51,4799,convertible,1995,manual,205,andere,150000,10,other,sonstige_autos,yes,2016-03-27,0,97266,2016-04-16 09:09:09
2016-03-23 12:56:27,29718,coupe,2008,manual,204,andere,60000,2,petrol,sonstige_autos,no,2016-03-23,0,33393,2016-04-01 10:07:55
2016-04-06 01:31:10,16200,other,1995,manual,242,3er,80000,1,petrol,bmw,no,2016-04-06,0,19960,2016-04-14 16:20:52
2016-03-25 01:01:30,18205,other,2006,manual,165,polo,150000,12,gasoline,volkswagen,no,2016-03-25,0,59559,2016-04-03 11:53:34
2016-03-18 22:57:16,31692,other,2015,manual,55,e_klasse,100000,5,electric,mercedes_benz,no,2016-03-18,0,28016,2016-03-24 02:45:11
2016-03-23 02:26:50,0,wagon,2014,manual,110,clubman,80000,1,petrol,mini,yes,2016-03-23,0,8186,2016-03-23 21:04:46
2016-04-02 19:42:23,9590,sedan,2002,manual,49,,125000,0,gasoline,toyota,no,2016-04-02,0,94743,2016-04-18 22:25:03
2016-03-16 02:13:22,10768,small,2019,,235,altea,150000,6,petrol,seat,no,2016-03-16,0,4410,2016-03-31 23:41:18
2016-03-01 06:46:39,21612,wagon,2015,manual,163,ibiza,80000,10,petrol,seat,no,2016-03-01,0,58569,2016-03-24 03:27:40
2016-03-28 02:55:38,10431,small,2009,manual,116,i30,150000,9,petrol,hyundai,,2016-03-28,0,38378,2016-04-16 19:33:17
2016-04-02 20:55:37,30744,suv,2007,manual,101,corolla,30000,3,gasoline,toyota,,2016-04-02,0,17629,2016-04-25 03:48:40
2016-03-20 09:38:50,15511,wagon,1998,manual,191,forfour,80000,0,petrol,smart,no,2016-03-20,0,11331,2016-03-26 09:14:49
2016-03-14 21:40:19,11861,,1995,manual,110,v70,30000,3,gasoline,volvo,no,2016-03-14,0,94397,2016-04-08 00:08:52
2016-03-12 21:45:23,15347,sedan,2006,manual,187,qashqai,150000,0,gasoline,nissan,no,2016-03-12,0,58305,2016-04-03 09:04:13
2016-03-17 14:16:06,22813,,2006,manual,221,,80000,11,gasoline,volvo,no,2016-03-17,0,82795,2016-03-18 03:07:52
2016-04-04 23:51:27,21731,sedan,2010,manual,197,avensis,125000,3,gasoline,toyota,no,2016-04-04,0,73397,2016-04-12 04:19:11
2016-03-17 19:38:50,13108,sedan,1998,manual,175,fortwo,30000,7,gasoline,smart,no,2016-03-17,0,54581,2016-04-05 19:12:44
2016-03-12 19:23:45,30257,suv,2009,manual,232,3_reihe,30000,5,other,mazda,no,2016-03-12,0,94697,2016-03-26 07:38:07
2016-03-08 14:21:26,9713,wagon,2000,manual,127,ka,125000,2,petrol,ford,no,2016-03-08,0,99745,2016-03-21 03:02:56
2016-03-23 12:34:55,19915,sedan,2000,auto,246,ka,150000,7,petrol,ford,no,2016-03-23,0,1919,2016-04-08 20:39:13
2016-03-08 12:20:34,15465,small,2015,,92,focus,30000,3,gasoline,ford,no,2016-03-08,0,2581,2016-04-03 03:15:59
2016-03-19 10:05:24,16931,other,1996,manual,216,andere,90000,1,gasoline,sonstige_autos,no,2016-03-19,0,82775,2016-04-03 19:09:09
2016-04-01 11:33:50,25483,coupe,2004,manual,55,,80000,3,gasoline,hyundai,no,2016-04-01,0,77595,2016-04-11 23:43:43
2016-03-12 18:58:34,9898,other,2000,manual,110,qashqai,90000,10,petrol,nissan,,2016-03-12,0,68322,2016-03-27 17:29:38
2016-03-10 11:43:34,6007,small,2011,manual,0,clubman,60000,4,gasoline,mini,yes,2016-03-10,0,2343,2016-03-31 23:12:14
2016-03-05 05:54:55,23990,suv,1999,auto,259,6_reihe,150000,4,,mazda,no,2016-03-05,0,22746,2016-03-10 10:47:36
2016-03-25 10:50:01,6774,bus,1997,manual,56,3_reihe,150000,6,gasoline,peugeot,no,2016-03-25,0,67789,2016-04-06 18:56:44
2016-03-09 01:55:17,11690,sedan,2013,manual,106,corolla,90000,3,other,toyota,no,2016-03-09,0,56253,2016-04-01 04:48:06
2016-03-15 14:36:49,5144,small,2015,manual,182,superb,150000,12,gasoline,skoda,yes,2016-03-15,0,35658,2016-03-17 23:22:30
2016-03-14 10:33:38,14309,suv,1995,manual,250,ka,100000,9,petrol,ford,no,2016-03-14,0,43888,2016-04-06 20:07:34
2016-04-02 13:36:01,48978,suv,2012,manual,243,a3,5000,12,gasoline,audi,no,2016-04-02,0,41156,2016-05-01 10:46:48
2016-03-14 15:10:10,20992,sedan,2011,manual,221,twingo,90000,9,gasoline,renault,no,2016-03-14,0,33020,2016-03-25 06:09:05
2016-03-08 07:46:23,11295,other,2009,manual,64,corolla,150000,5,petrol,toyota,no,2016-03-08,0,63555,2016-03-24 22:41:05
2016-04-06 03:00:59,22690,,2003,manual,203,corolla,70000,4,other,toyota,no,2016-04-06,0,21780,2016-04-09 20:00:57
2016-04-05 06:18:39,28489,suv,1996,manual,215,ka,125000,12,electric,ford,no,2016-04-05,0,72941,2016-04-18 09:03:50
2016-04-02 09:29:09,18566,convertible,2005,,93,c_klasse,70000,5,gasoline,mercedes_benz,no,2016-04-02,0,15347,2016-04-07 12:55:11
2016-03-31 04:42:05,8070,small,1997,manual,91,3_reihe,125000,10,electric,peugeot,no,2016-03-31,0,78753,2016-04-05 18:05:54
2016-03-11 13:56:02,4504,small,1998,manual,212,,20000,8,gasoline,ford,yes,2016-03-11,0,61586,2016-03-24 10:42:00
2016-04-01 17:17:23,30211,coupe,2000,manual,251,1er,70000,3,gasoline,bmw,no,2016-04-01,0,76210,2016-04-04 20:59:47
2016-04-08 07:11:15,0,other,1998,manual,51,,100000,3,petrol,mercedes_benz,no,2016-04-08,0,38466,2016-04-26 11:19:43
2016-03-17 11:42:37,6564,other,2001,,244,polo,80000,9,other,volkswagen,yes,2016-03-17,0,30121,2016-04-05 04:12:46
2016-03-29 16:08:18,18329,other,2007,manual,215,clio,90000,11,petrol,renault,,2016-03-29,0,94093,2016-04-11 12:20:24
2016-03-15 01:58:01,7633,sedan,2009,manual,47,500,150000,8,other,fiat,no,2016-03-15,0,27483,2016-03-26 10:17:06
2016-04-05 06:29:36,22791,convertible,2001,manual,185,touran,100000,2,gasoline,volkswagen,no,2016-04-05,0,38021,2016-04-05 08:20:52
2016-03-31 22:33:14,8400,other,2014,manual,99,v70,150000,4,gasoline,volvo,yes,2016-03-31,0,19836,2016-04-03 00:12:44
2016-04-04 19:36:17,8241,other,2012,manual,0,,150000,2,petrol,skoda,yes,2016-04-04,0,1404,2016-04-15 18:56:01
2016-03-20 13:43:35,16965,,2012,manual,94,yaris,100000,4,petrol,toyota,,2016-03-20,0,12108,2016-04-04 02:10:19
2016-03-12 01:30:04,7892,sedan,1998,auto,256,golf,80000,9,gasoline,volkswagen,yes,2016-03-12,0,40699,2016-04-01 16:27:41
2016-03-29 20:27:42,19188,sedan,2001,auto,161,a3,90000,4,petrol,audi,no,2016-03-29,0,95426,2016-04-21 13:22:47
2016-03-11 00:02:07,6069,suv,1995,,250,corsa,150000,5,petrol,opel,yes,2016-03-11,0,28805,2016-03-26 06:25:13
2016-04-07 05:56:03,13593,small,2014,manual,143,avensis,150000,8,gasoline,toyota,no,2016-04-07,0,46785,2016-04-29 08:47:34
2016-04-04 12:13:50,9856,small,1999,manual,83,i20,60000,7,gasoline,hyundai,,2016-04-04,0,12738,2016-04-30 07:59:34
2016-03-24 15:50:13,12630,sedan,1996,auto,103,corolla,150000,10,gasoline,toyota,no,2016-03-24,0,35166,2016-04-16 21:57:00
2016-03-13 23:29:45,21334,suv,2004,manual,117,berlingo,100000,6,petrol,citroen,no,2016-03-13,0,75413,2016-03-24 16:19:07
2016-03-27 21:42:28,17837,,2001,auto,125,s60,70000,3,gasoline,volvo,no,2016-03-27,0,46154,2016-04-03 16:58:16
2016-03-16 20:28:31,5037,,1996,,85,2_reihe,150000,9,petrol,mazda,no,2016-03-16,0,9420,2016-03-29 23:39:55
2016-03-18 14:04:16,0,sedan,1997,auto,210,5er,50000,9,petrol,bmw,no,2016-03-18,0,19289,2016-04-04 21:40:27
2016-03-20 03:56:31,8067,other,1996,manual,43,ka,30000,3,gasoline,ford,no,2016-03-20,0,48876,2016-04-11 09:00:55
2016-03-04 20:34:39,11866,sedan,1998,manual,210,fabia,125000,8,gasoline,skoda,no,2016-03-04,0,35082,2016-03-25 23:27:43
2016-03-02 15:01:47,5161,small,2013,auto,135,i20,80000,12,other,hyundai,,2016-03-02,0,34184,2016-03-03 05:14:38
2016-03-08 01:32:37,7346,small,2004,manual,172,insignia,70000,10,other,opel,no,2016-03-08,0,8542,2016-03-11 13:27:12
2016-03-05 10:05:18,11188,small,2010,manual,127,megane,150000,10,gasoline,renault,no,2016-03-05,0,21565,2016-03-28 12:34:18
2016-03-30 11:33:36,5293,small,2010,manual,46,x_reihe,125000,11,,bmw,no,2016-03-30,0,91867,2016-04-02 11:35:03
2016-03-20 03:35:58,8402,small,2002,manual,190,tucson,70000,0,,hyundai,no,2016-03-20,0,15407,2016-03-25 19:30:51
2016-03-12 15:16:03,6735,other,1997,manual,236,3er,70000,3,gasoline,bmw,yes,2016-03-12,0,58903,2016-03-15 22:54:29
2016-03-30 08:41:50,5382,,2009,manual,177,,150000,1,other,mercedes_benz,yes,2016-03-30,0,84189,2016-04-19 16:58:22
2016-03-28 13:29:30,55809,suv,2009,auto,191,2_reihe,90000,5,gasoline,mazda,,2016-03-28,0,56470,2016-04-25 11:11:11
2016-03-08 10:12:58,19912,other,2008,manual,249,c_klasse,125000,0,petrol,mercedes_benz,no,2016-03-08,0,4813,2016-03-25 04:13:31
2016-03-02 04:47:18,14494,small,1000,auto,173,v70,100000,10,other,volvo,no,2016-03-02,0,44628,2016-03-18 08:49:35
2016-03-16 01:01:31,35183,coupe,2010,auto,101,clubman,150000,5,gasoline,mini,,2016-03-16,0,22832,2016-03-16 03:18:42
2016-03-12 05:17:51,25049,wagon,2015,manual,43,1er,90000,11,gasoline,bmw,no,2016-03-12,0,84108,2016-04-09 19:46:43
2016-03-15 22:49:51,23469,,2008,manual,215,6_reihe,125000,5,gasoline,mazda,,2016-03-15,0,16658,2016-04-01 21:01:12
2016-04-07 07:07:08,13483,small,2009,manual,70,v40,100000,12,gasoline,volvo,no,2016-04-07,0,96689,2016-04-14 12:25:33
2016-03-30 11:01:18,15291,,2002,auto,155,,150000,7,gasoline,mazda,,2016-03-30,0,21256,2016-04-28 14:10:28
2016-03-09 14:02:43,12114,wagon,2006,manual,111,megane,150000,8,other,renault,no,2016-03-09,0,44175,2016-03-17 04:54:47
2016-04-04 02:51:37,9863,small,2003,manual,92,tucson,125000,6,gasoline,hyundai,,2016-04-04,0,40003,2016-04-29 22:26:50
2016-03-26 19:02:12,11537,,1995,manual,187,forfour,125000,3,,smart,no,2016-03-26,0,69916,2016-04-15 14:36:02
2016-03-25 04:04:10,10278,small,2010,manual,159,,150000,1,petrol,volvo,no,2016-03-25,0,20909,2016-04-17 21:20:57
2016-03-17 01:50:00,15713,sedan,1998,manual,243,fortwo,70000,6,gasoline,smart,no,2016-03-17,0,30639,2016-03-31 16:37:10
2016-04-04 10:25:26,8539,sedan,1996,manual,206,c4,125000,0,other,citroen,no,2016-04-04,0,21168,2016-04-15 07:25:57
2016-03-22 06:52:07,12291,small,2015,manual,252,punto,90000,5,other,fiat,no,2016-03-22,0,11912,2016-04-09 07:39:32
2016-03-18 02:14:29,25436,sedan,2011,auto,153,c4,70000,0,petrol,citroen,no,2016-03-18,0,94994,2016-03-27 07:31:44
2016-03-03 16:40:10,4244,small,2013,,69,i30,150000,1,other,hyundai,yes,2016-03-03,0,4535,2016-03-19 03:30:17
2016-03-28 12:48:36,9202,suv,1997,manual,123,berlingo,150000,6,other,citroen,,2016-03-28,0,36865,2016-04-24 12:44:37
2016-04-09 17:49:03,18077,small,2013,auto,70,,50000,5,,ford,no,2016-04-09,0,19059,2016-04-28 21:37:40
2016-04-05 23:09:50,0,small,2002,auto,128,panda,150000,4,gasoline,fiat,no,2016-04-05,0,23847,2016-04-13 20:27:08
2016-04-07 21:58:07,35968,coupe,2000,manual,221,2_reihe,125000,10,,peugeot,,2016-04-07,0,4168,2016-05-05 04:10:43
2016-03-31 17:28:10,17268,other,2002,manual,223,forfour,150000,0,gasoline,smart,no,2016-03-31,0,21546,2016-04-16 17:11:42
2016-03-05 05:32:09,7736,bus,1995,manual,72,vectra,80000,3,petrol,opel,no,2016-03-05,0,24225,2016-03-16 13:40:33
2016-03-31 13:03:42,26014,wagon,2010,manual,97,s_klasse,125000,10,hybrid,mercedes_benz,no,2016-03-31,0,95472,2016-04-20 12:40:07
2016-03-11 17:17:40,16352,other,2012,manual,160,,150000,5,petrol,citroen,no,2016-03-11,0,67896,2016-04-03 11:26:15
2016-03-30 21:44:42,16370,wagon,1998,auto,117,scenic,100000,11,gasoline,renault,no,2016-03-30,0,33353,2016-04-25 03:05:52
2016-03-31 15:49:58,17753,,2012,auto,238,punto,125000,12,other,fiat,no,2016-03-31,0,53825,2016-04-17 13:44:42
2016-03-26 04:20:32,16270,other,2003,manual,90,i30,60000,7,gasoline,hyundai,no,2016-03-26,0,81360,2016-04-11 11:12:58
2016-03-24 05:13:59,23991,small,2011,auto,58,micra,150000,8,electric,nissan,no,2016-03-24,0,41235,2016-04-16 14:44:21
2016-03-06 13:45:58,13120,other,1996,manual,176,500,150000,1,gasoline,fiat,no,2016-03-06,0,78327,2016-03-26 07:37:32
2016-03-31 07:55:02,20130,sedan,2011,manual,207,micra,150000,7,gasoline,nissan,no,2016-03-31,0,9878,2016-04-01 08:47:51
2016-03-14 21:19:50,12744,coupe,2007,manual,98,yaris,150000,7,other,toyota,no,2016-03-14,0,24137,2016-04-07 13:52:08
2016-03-30 04:52:35,40923,other,2005,auto,253,corolla,150000,6,electric,toyota,no,2016-03-30,0,4942,2016-04-01 14:41:05
2016-03-24 07:49:50,3291,small,1995,manual,61,a1,150000,5,gasoline,audi,,2016-03-24,0,12002,2016-04-12 11:48:13
2016-03-01 23:54:39,10208,bus,2015,manual,255,v40,100000,1,petrol,volvo,yes,2016-03-01,0,71829,2016-03-31 11:59:52
2016-03-05 07:16:43,32747,,2014,manual,129,forfour,20000,6,gasoline,smart,no,2016-03-05,0,57237,2016-03-28 00:10:05
2016-03-16 00:45:42,6404,wagon,1999,manual,0,s_klasse,125000,12,,mercedes_benz,yes,2016-03-16,0,5808,2016-03-17 19:33:15
2016-03-13 02:24:06,11344,small,2015,manual,106,2_reihe,150000,12,petrol,peugeot,no,2016-03-13,0,61741,2016-04-06 02:53:02
2016-03-26 15:09:27,21288,suv,2002,manual,141,3er,125000,3,gasoline,bmw,,2016-03-26,0,36004,2016-04-09 23:24:43
2016-03-27 09:03:49,14211,bus,2005,manual,193,twingo,50000,10,other,renault,,2016-03-27,0,16323,2016-04-08 15:56:51
2016-03-13 20:49:09,3300,suv,1995,manual,60,corsa,125000,0,,opel,yes,2016-03-13,0,9383,2016-03-29 01:33:53
2016-03-28 02:42:49,37138,wagon,2016,manual,87,qashqai,50000,3,hybrid,nissan,no,2016-03-28,0,43292,2016-04-16 17:23:41
2016-03-05 02:52:09,13139,sedan,2005,,103,a1,150000,8,,audi,no,2016-03-05,0,54976,2016-04-01 06:00:28
2016-03-05 01:01:23,11845,wagon,2007,manual,90,c4,150000,7,other,citroen,no,2016-03-05,0,57884,2016-04-01 16:06:37
2016-04-05 22:19:01,12691,other,1997,manual,165,x_reihe,125000,6,petrol,bmw,,2016-04-05,0,79407,2016-05-04 08:39:21
2016-04-08 18:27:17,6429,coupe,2000,manual,185,berlingo,150000,6,,citroen,yes,2016-04-08,0,61063,2016-04-21 16:59:17
2016-03-21 04:21:40,5208,sedan,2007,manual,222,forfour,10000,2,other,smart,yes,2016-03-21,0,18075,2016-04-19 15:12:11
2016-03-17 20:13:56,38710,coupe,2016,,195,e_klasse,40000,5,gasoline,mercedes_benz,no,2016-03-17,0,76757,2016-03-31 17:21:28
2016-03-02 17:28:37,11274,small,2015,manual,56,3er,100000,7,gasoline,bmw,no,2016-03-02,0,13901,2016-03-23 03:10:43
2016-03-20 11:12:32,3710,small,2009,auto,101,clubman,150000,7,petrol,mini,yes,2016-03-20,0,80082,2016-03-26 00:06:17
2016-03-17 19:43:15,11582,small,2012,manual,134,clubman,100000,4,gasoline,mini,no,2016-03-17,0,35979,2016-03-30 12:19:06
2016-03-17 05:50:28,33021,convertible,1996,manual,217,,80000,4,electric,mini,no,2016-03-17,0,30007,2016-04-08 09:14:22
2016-04-05 13:35:42,17975,other,1997,manual,225,,100000,6,gasoline,hyundai,no,2016-04-05,0,61095,2016-04-13 07:41:38
2016-04-01 21:32:06,11390,coupe,2003,manual,59,insignia,150000,5,lpg,opel,no,2016-04-01,0,77101,2016-04-07 19:36:13
2016-03-14 00:32:20,9364,wagon,1995,auto,98,v40,150000,3,gasoline,volvo,no,2016-03-14,0,21738,2016-04-04 23:17:05
2016-03-31 22:34:26,22535,coupe,2014,manual,259,andere,150000,3,petrol,sonstige_autos,no,2016-03-31,0,17027,2016-04-21 10:01:25
2016-03-07 21:42:49,29605,,2006,auto,214,twingo,50000,0,petrol,renault,,2016-03-07,0,76791,2016-04-06 17:38:48
2016-03-30 08:28:39,16425,suv,1998,manual,219,vectra,150000,4,,opel,no,2016-03-30,0,14871,2016-04-21 08:18:39
2016-03-11 03:51:44,12463,small,2010,manual,168,insignia,125000,11,gasoline,opel,no,2016-03-11,0,62325,2016-04-03 10:59:19
2016-03-28 12:55:27,26283,other,2007,manual,177,berlingo,70000,1,gasoline,citroen,no,2016-03-28,0,44938,2016-04-17 15:17:00
2016-03-01 00:38:34,36899,suv,2015,manual,58,micra,30000,0,gasoline,nissan,,2016-03-01,0,71782,2016-03-13 04:28:29
2016-04-01 08:36:47,31853,convertible,2012,manual,259,a_klasse,60000,11,lpg,mercedes_benz,no,2016-04-01,0,32946,2016-04-17 15:08:46
2016-03-07 09:59:16,13130,other,1998,manual,110,,30000,12,petrol,opel,no,2016-03-07,0,26260,2016-03-18 15:05:51
2016-03-05 10:44:58,10220,small,2010,manual,73,altea,100000,5,gasoline,seat,no,2016-03-05,0,35783,2016-03-11 20:17:07
2016-03-31 09:45:10,18835,wagon,2014,manual,43,c3,100000,4,petrol,citroen,no,2016-03-31,0,81505,2016-04-18 00:27:04
2016-04-05 02:36:06,4934,,1999,manual,42,1er,150000,3,hybrid,bmw,,2016-04-05,0,87114,2016-04-24 18:19:30
2016-03-05 04:49:23,0,other,2010,manual,47,berlingo,5000,2,hybrid,citroen,no,2016-03-05,0,15568,2016-04-01 16:08:39
2016-03-30 13:14:59,11237,small,2005,manual,193,focus,150000,2,gasoline,ford,no,2016-03-30,0,70259,2016-04-07 01:00:54
2016-03-03 12:15:58,6247,,2003,manual,0,,150000,11,petrol,hyundai,,2016-03-03,0,83269,2016-03-29 12:03:21
2016-04-02 18:03:57,36828,suv,2007,manual,107,ibiza,90000,7,gasoline,seat,no,2016-04-02,0,57630,2016-04-19 03:25:21
2016-03-11 10:09:57,18340,other,2012,,256,altea,60000,6,other,seat,no,2016-03-11,0,49144,2016-04-04 04:37:45
2016-04-06 14:40:58,12277,other,2012,auto,231,q5,40000,0,other,audi,yes,2016-04-06,0,18730,2016-04-23 07:33:34
2016-04-01 14:42:19,26637,other,2016,auto,149,v40,125000,10,other,volvo,no,2016-04-01,0,17559,2016-04-17 19:00:48
2016-03-16 01:08:12,20777,convertible,2009,manual,109,altea,150000,11,petrol,seat,no,2016-03-16,0,2063,2016-04-13 17:33:58
2016-03-25 22:58:10,10475,,2005,manual,67,octavia,150000,10,other,skoda,no,2016-03-25,0,48491,2016-04-23 01:03:04
2016-03-12 02:03:21,27882,,2014,manual,88,berlingo,150000,7,hybrid,citroen,no,2016-03-12,0,76440,2016-03-22 13:25:33
2016-03-17 06:28:23,19833,small,2013,auto,136,3_reihe,50000,7,gasoline,mazda,no,2016-03-17,0,97018,2016-03-18 03:24:10
2016-03-01 03:54:55,39146,wagon,2009,auto,234,mondeo,150000,5,gasoline,ford,,2016-03-01,0,83971,2016-03-16 02:42:45
2016-03-15 01:50:58,15992,suv,2004,manual,117,ka,70000,1,petrol,ford,no,2016-03-15,0,64772,2016-04-09 15:19:26
2016-04-09 07:57:41,20954,wagon,2004,manual,197,forfour,90000,9,gasoline,smart,no,2016-04-09,0,59990,2016-05-02 08:24:32
2016-03-04 20:41:02,11457,,2001,auto,41,mondeo,125000,3,petrol,ford,no,2016-03-04,0,63784,2016-03-05 19:54:02
2016-03-21 03:45:55,14072,other,2011,manual,93,i20,90000,12,other,hyundai,no,2016-03-21,0,3439,2016-04-12 11:19:37
2016-03-05 21:22:50,13556,,2014,manual,201,c4,125000,7,petrol,citroen,yes,2016-03-05,0,75014,2016-03-15 19:52:42
2016-03-29 08:50:28,30484,,2011,auto,183,,150000,10,gasoline,fiat,no,2016-03-29,0,56246,2016-04-04 04:43:51
2016-03-23 11:24:52,5633,small,2013,manual,93,micra,125000,6,gasoline,nissan,yes,2016-03-23,0,26639,2016-04-03 12:11:39
2016-04-03 20:32:41,22939,coupe,2009,manual,183,a6,150000,10,gasoline,audi,no,2016-04-03,0,14493,2016-04-17 12:35:21
2016-03-17 20:20:08,16022,sedan,1999,auto,102,,125000,0,gasoline,bmw,no,2016-03-17,0,34035,2016-03-21 09:14:23
2016-03-28 17:30:37,20624,coupe,2014,manual,80,scenic,150000,2,petrol,renault,no,2016-03-28,0,62224,2016-04-24 00:41:21
2016-03-01 19:07:57,13226,,1998,auto,124,a6,150000,10,gasoline,audi,no,2016-03-01,0,85223,2016-03-14 10:24:07
2016-03-09 13:02:50,13858,sedan,2004,manual,0,fortwo,90000,6,petrol,smart,no,2016-03-09,0,86622,2016-03-20 19:57:49
2016-03-11 08:07:56,11372,other,1999,manual,91,c_klasse,70000,10,petrol,mercedes_benz,no,2016-03-11,0,71530,2016-03-23 21:08:23
2016-03-08 22:50:17,17438,bus,2016,manual,203,golf,125000,8,other,volkswagen,no,2016-03-08,0,73408,2016-04-01 08:06:56
2016-03-15 20:59:27,47565,coupe,2008,auto,227,c3,70000,3,gasoline,citroen,no,2016-03-15,0,47560,2016-03-27 10:56:41
2016-03-11 11:43:06,10024,,2014,manual,84,i30,20000,10,petrol,hyundai,yes,2016-03-11,0,35892,2016-03-14 22:16:13
2016-03-25 03:53:17,12617,small,2016,manual,158,insignia,100000,2,petrol,opel,no,2016-03-25,0,62301,2016-03-27 17:29:37
2016-03-04 01:44:22,6089,small,2003,manual,86,2_reihe,150000,3,petrol,mazda,no,2016-03-04,0,24401,2016-03-30 04:01:31
2016-03-26 09:44:19,7981,sedan,1996,manual,255,,150000,11,,peugeot,no,2016-03-26,0,30450,2016-04-22 14:28:10
2016-03-09 23:56:24,9863,bus,1997,manual,118,v40,80000,6,petrol,volvo,no,2016-03-09,0,73993,2016-04-04 06:07:20
2016-03-10 01:49:07,9674,other,2001,manual,149,i20,150000,10,other,hyundai,,2016-03-10,0,88091,2016-03-21 20:31:59
2016-03-21 20:52:50,12769,other,2005,,192,andere,150000,4,gasoline,sonstige_autos,no,2016-03-21,0,39246,2016-04-10 08:06:06
2016-03-04 09:37:09,16606,wagon,1998,manual,98,leon,30000,8,,seat,no,2016-03-04,0,63681,2016-03-06 08:09:02
2016-03-15 01:59:24,4735,small,1998,manual,102,octavia,125000,8,other,skoda,no,2016-03-15,0,68228,2016-03-23 18:30:31
2016-04-06 05:08:23,12080,sedan,2009,manual,77,a_klasse,50000,4,petrol,mercedes_benz,no,2016-04-06,0,12102,2016-04-07 02:42:49
2016-04-08 20:34:02,14025,other,2004,manual,208,mondeo,150000,12,petrol,ford,no,2016-04-08,0,72301,2016-04-21 03:13:23
2016-04-03 14:35:43,11384,sedan,1995,manual,105,yaris,30000,9,gasoline,toyota,no,2016-04-03,0,76569,2016-04-04 17:49:12
2016-03-04 15:24:09,68401,suv,2016,auto,226,c3,90000,12,gasoline,citroen,no,2016-03-04,0,12763,2016-03-08 04:26:40
2016-03-17 13:37:41,11383,other,2003,manual,166,i30,150000,12,gasoline,hyundai,,2016-03-17,0,8108,2016-03-18 08:16:39
2016-04-09 10:02:19,7482,sedan,2003,manual,179,twingo,150000,2,other,renault,no,2016-04-09,0,55374,2016-04-12 15:20:38
2016-03-22 20:31:11,22583,coupe,2000,,50,,150000,4,electric,citroen,no,2016-03-22,0,44089,2016-03-28 14:38:42
2016-03-19 16:13:47,15447,wagon,1997,auto,187,s60,150000,6,gasoline,volvo,no,2016-03-19,0,76642,2016-03-22 09:52:05
2016-03-24 03:00:31,3405,wagon,1998,auto,59,500,150000,12,petrol,fiat,,2016-03-24,0,18771,2016-04-19 21:44:18
2016-03-30 18:59:23,14111,wagon,2005,manual,109,i20,150000,1,gasoline,hyundai,no,2016-03-30,0,84598,2016-04-26 06:55:03
2016-03-27 08:17:22,0,convertible,2014,auto,224,passat,150000,2,other,volkswagen,no,2016-03-27,0,93318,2016-04-06 18:10:59
2016-03-04 21:22:25,7673,sedan,1997,auto,54,,125000,12,petrol,ford,no,2016-03-04,0,34263,2016-03-10 18:03:01
2016-03-17 13:29:30,13073,suv,1997,manual,166,scenic,125000,2,,renault,,2016-03-17,0,66672,2016-03-17 16:07:22
2016-03-15 00:33:20,2366,wagon,1995,manual,105,zafira,150000,12,other,opel,yes,2016-03-15,0,54061,2016-03-26 05:09:21
2016-03-23 12:56:51,10417,small,2009,manual,201,c3,150000,3,petrol,citroen,no,2016-03-23,0,76428,2016-04-19 06:17:37
2016-03-14 08:15:23,0,small,2005,,0,andere,150000,6,,sonstige_autos,,2016-03-14,0,6757,2016-04-08 04:26:38
2016-03-05 23:34:55,16191,other,2007,manual,245,touran,100000,8,petrol,volkswagen,no,2016-03-05,0,86494,2016-03-06 02:21:07
2016-03-18 08:47:22,8803,small,2013,auto,118,scenic,80000,11,other,renault,no,2016-03-18,0,59689,2016-03-26 22:35:48
2016-03-24 17:11:02,9503,suv,2000,manual,104,a6,125000,0,other,audi,no,2016-03-24,0,87849,2016-04-08 17:36:13
2016-03-04 04:47:18,12647,other,2011,,221,transporter,10000,6,petrol,volkswagen,yes,2016-03-04,0,23514,2016-03-25 03:24:50
2016-04-08 20:43:56,27277,wagon,2012,auto,80,,150000,9,gasoline,seat,,2016-04-08,0,38096,2016-04-21 13:57:49
2016-03-31 03:09:26,4677,small,2000,manual,161,forfour,50000,2,gasoline,smart,yes,2016-03-31,0,90760,2016-04-23 11:40:57
2016-04-01 03:33:53,33719,bus,2010,manual,251,punto,80000,4,gasoline,fiat,no,2016-04-01,0,69492,2016-04-03 18:18:33
2016-03-04 17:02:45,12228,other,2005,auto,42,2_reihe,150000,4,petrol,peugeot,no,2016-03-04,0,39529,2016-03-06 17:00:45
2016-03-09 21:14:31,44982,,2011,auto,204,500,50000,8,gasoline,fiat,no,2016-03-09,0,91915,2016-03-19 01:35:42
2016-03-24 19:22:39,17778,coupe,2006,manual,158,focus,150000,8,petrol,ford,,2016-03-24,0,3891,2016-04-15 03:22:34
2016-04-01 07:02:08,22658,suv,2005,manual,172,s_klasse,100000,5,lpg,mercedes_benz,no,2016-04-01,0,24221,2016-04-04 03:22:11
2016-04-04 15:26:09,29565,sedan,2002,,169,clubman,90000,2,electric,mini,no,2016-04-04,0,65810,2016-05-04 07:34:39
2016-03-31 10:20:49,17857,other,2014,manual,197,note,150000,3,other,nissan,no,2016-03-31,0,37214,2016-03-31 20:19:42
2016-03-07 10:34:26,13800,small,2011,,107,6_reihe,150000,1,petrol,mazda,no,2016-03-07,0,51801,2016-04-05 14:51:51
2016-03-03 00:14:38,19318,suv,2004,manual,96,6_reihe,80000,7,lpg,mazda,,2016-03-03,0,93845,2016-03-18 10:36:25
2016-03-22 14:57:15,16717,sedan,1999,auto,222,2_reihe,150000,3,petrol,peugeot,,2016-03-22,0,45152,2016-04-04 22:13:39
2016-04-02 09:10:47,18713,other,2000,,179,s60,125000,8,,volvo,no,2016-04-02,0,8174,2016-04-09 12:10:41
2016-03-12 04:06:33,23203,convertible,2000,auto,211,q5,60000,2,petrol,audi,no,2016-03-12,0,18925,2016-03-29 18:37:30
2016-03-16 16:58:49,21885,convertible,2012,manual,120,3er,50000,6,petrol,bmw,no,2016-03-16,0,59637,2016-03-21 22:28:40
2016-03-05 11:44:58,11412,,2003,auto,114,x_reihe,150000,9,petrol,bmw,no,2016-03-05,0,98866,2016-03-05 17:52:17
2016-03-12 10:16:51,21067,sedan,2009,manual,171,a6,100000,6,gasoline,audi,no,2016-03-12,0,41245,2016-03-29 14:20:30
2016-03-28 17:10:54,8477,small,2004,manual,233,3er,150000,5,petrol,bmw,,2016-03-28,0,45152,2016-04-10 10:54:15
2016-03-21 10:44:47,32683,convertible,2016,manual,96,andere,20000,3,petrol,sonstige_autos,no,2016-03-21,0,39612,2016-04-04 18:32:34
2016-03-07 02:58:21,0,small,1998,auto,150,5er,150000,6,hybrid,bmw,no,2016-03-07,0,62629,2016-03-19 19:05:11
2016-03-06 21:55:31,27303,suv,2004,manual,168,3_reihe,90000,1,petrol,mazda,no,2016-03-06,0,89754,2016-04-05 07:31:25
2016-03-04 18:54:55,14004,other,1995,manual,192,tucson,70000,3,petrol,hyundai,,2016-03-04,0,21342,2016-03-31 21:43:21
2016-03-27 05:45:42,13845,,2012,auto,78,punto,90000,8,petrol,fiat,no,2016-03-27,0,61129,2016-03-29 21:40:50
2016-03-27 05:59:49,14139,,2006,manual,162,scenic,70000,9,petrol,renault,no,2016-03-27,0,11965,2016-03-28 04:40:38
2016-03-17 20:51:00,21075,sedan,1995,auto,221,ibiza,125000,2,gasoline,seat,,2016-03-17,0,95135,2016-04-06 11:31:44
2016-04-03 04:01:57,29073,suv,2011,manual,166,polo,60000,3,petrol,volkswagen,no,2016-04-03,0,54270,2016-04-05 04:23:04
2016-03-19 18:52:09,20315,convertible,1995,auto,185,q5,100000,10,gasoline,audi,no,2016-03-19,0,8265,2016-03-27 13:46:14
2016-03-19 19:53:40,12052,sedan,1997,manual,259,clio,150000,8,gasoline,renault,,2016-03-19,0,24773,2016-04-17 04:51:10
2016-04-09 15:24:54,22315,wagon,2012,,168,altea,10000,2,petrol,seat,no,2016-04-09,0,74646,2016-04-27 06:15:59
2016-03-18 03:45:57,52550,wagon,1999,auto,252,andere,70000,4,hybrid,sonstige_autos,no,2016-03-18,0,36405,2016-04-05 21:50:46
2016-03-24 05:11:36,9125,small,2019,manual,160,7er,40000,5,lpg,bmw,no,2016-03-24,0,45100,2016-04-22 17:20:49
2016-03-28 10:43:59,15563,small,2012,manual,192,fortwo,30000,4,gasoline,smart,,2016-03-28,0,75062,2016-04-09 05:54:21
2016-03-28 12:36:49,37091,wagon,2012,auto,239,zafira,150000,4,gasoline,opel,no,2016-03-28,0,15242,2016-04-20 01:04:27
2016-03-25 15:39:58,33052,convertible,2011,manual,82,micra,50000,5,gasoline,nissan,,2016-03-25,0,90780,2016-03-30 21:32:33
2016-03-16 18:49:32,33391,other,2008,auto,130,c_klasse,30000,2,gasoline,mercedes_benz,no,2016-03-16,0,76268,2016-04-02 16:57:30
2016-03-31 21:38:30,10472,bus,2014,manual,146,q5,150000,10,petrol,audi,yes,2016-03-31,0,33972,2016-04-29 07:22:41
2016-03-16 02:39:03,22410,suv,2000,manual,156,corolla,150000,0,electric,toyota,,2016-03-16,0,19516,2016-03-29 22:41:05
2016-03-24 07:22:29,41168,wagon,2014,auto,252,ibiza,50000,6,petrol,seat,no,2016-03-24,0,18184,2016-04-06 14:53:15
2016-03-07 08:21:33,18748,small,2012,auto,107,3_reihe,150000,5,gasoline,peugeot,no,2016-03-07,0,87124,2016-03-27 20:33:33
2016-03-25 02:26:48,7843,wagon,2000,manual,45,punto,90000,6,other,fiat,no,2016-03-25,0,7423,2016-04-02 21:24:17
2016-03-11 04:03:44,16377,other,2004,manual,255,tucson,125000,11,petrol,hyundai,,2016-03-11,0,12995,2016-04-02 08:22:51
2016-03-31 15:50:47,39056,coupe,2013,auto,233,fabia,125000,7,,skoda,no,2016-03-31,0,96531,2016-04-07 11:14:57
2016-04-01 10:30:46,8664,sedan,2000,manual,60,3_reihe,125000,8,petrol,mazda,no,2016-04-01,0,20044,2016-04-12 04:50:34
2016-03-24 06:14:15,8654,other,2000,manual,166,q5,150000,4,other,audi,,2016-03-24,0,6670,2016-04-09 09:48:46
2016-03-25 06:39:48,9878,small,2001,manual,101,3_reihe,150000,10,electric,peugeot,no,2016-03-25,0,47631,2016-04-21 11:11:44
2016-03-07 03:01:53,15933,,2004,manual,40,5_reihe,150000,11,gasoline,peugeot,no,2016-03-07,0,28466,2016-03-07 06:04:25
2016-03-20 09:16:48,17075,coupe,2004,,44,twingo,20000,7,petrol,renault,no,2016-03-20,0,60798,2016-04-04 22:02:47
2016-04-02 12:10:20,11997,sedan,2004,manual,131,note,150000,3,petrol,nissan,,2016-04-02,0,43224,2016-04-28 21:03:54
2016-03-28 23:00:13,65574,suv,2008,auto,0,corsa,100000,2,gasoline,opel,no,2016-03-28,0,59361,2016-04-12 17:47:02
2016-03-13 00:17:56,12277,coupe,2003,,88,touran,150000,1,gasoline,volkswagen,no,2016-03-13,0,5883,2016-04-11 04:22:58
2016-03-18 10:41:04,10302,other,1995,manual,253,scenic,150000,8,petrol,renault,,2016-03-18,0,92439,2016-04-11 21:32:34
2016-04-01 16:34:12,30456,small,2016,manual,255,leon,40000,4,,seat,no,2016-04-01,0,76633,2016-04-25 15:38:49
2016-04-05 22:50:12,17577,other,2015,manual,158,c_klasse,10000,10,petrol,mercedes_benz,no,2016-04-05,0,4325,2016-05-02 06:48:23
2016-03-18 08:41:50,5532,other,2000,manual,43,note,150000,5,petrol,nissan,no,2016-03-18,0,33027,2016-03-27 19:33:16
2016-03-06 18:14:58,20697,convertible,2010,manual,79,fabia,150000,10,petrol,skoda,no,2016-03-06,0,82698,2016-03-16 11:45:59
2016-03-28 09:42:14,30709,,2008,auto,161,,100000,9,petrol,skoda,no,2016-03-28,0,96734,2016-04-24 19:24:23
2016-03-07 01:59:03,9264,bus,2003,,45,qashqai,150000,8,gasoline,nissan,no,2016-03-07,0,10905,2016-03-30 18:21:52
2016-03-11 04:52:45,12096,other,1996,manual,200,qashqai,80000,1,petrol,nissan,no,2016-03-11,0,90055,2016-03-27 18:41:33
2016-04-01 17:25:23,21941,bus,2015,,108,superb,100000,10,gasoline,skoda,no,2016-04-01,0,21611,2016-04-26 17:47:18
2016-03-03 15:06:20,12887,sedan,2014,manual,214,mondeo,150000,0,petrol,ford,no,2016-03-03,0,40423,2016-03-28 13:28:09
2016-03-03 21:38:08,5689,other,1998,manual,40,note,125000,2,petrol,nissan,no,2016-03-03,0,79338,2016-03-31 21:41:07
2016-03-13 04:38:44,14619,coupe,1996,manual,170,500,150000,3,gasoline,fiat,,2016-03-13,0,96228,2016-04-08 04:06:12
2016-03-09 03:03:48,22058,other,2004,auto,104,,90000,1,,audi,,2016-03-09,0,95528,2016-03-11 03:18:51
2016-03-19 21:26:05,7408,small,1995,manual,113,s60,40000,2,petrol,volvo,no,2016-03-19,0,49825,2016-04-08 04:52:40
2016-04-06 01:48:21,18310,suv,2001,manual,103,insignia,10000,12,,opel,,2016-04-06,0,81281,2016-04-27 23:01:45
2016-03-30 19:08:06,14968,suv,2008,manual,142,astra,150000,12,petrol,opel,no,2016-03-30,0,77507,2016-04-10 05:31:13
2016-03-13 20:39:23,10421,sedan,2003,manual,113,berlingo,100000,2,petrol,citroen,no,2016-03-13,0,16033,2016-03-22 20:50:39
2016-03-30 04:17:16,15129,small,2015,manual,242,500,150000,9,,fiat,no,2016-03-30,0,98661,2016-03-31 17:11:42
2016-03-08 13:30:44,4995,wagon,2003,manual,157,altea,150000,11,petrol,seat,yes,2016-03-08,0,22773,2016-04-02 04:35:35
2016-03-11 12:38:40,14759,wagon,2003,manual,54,twingo,150000,0,gasoline,renault,,2016-03-11,0,65559,2016-03-29 20:57:00
2016-03-19 20:38:10,5343,other,1995,manual,40,andere,70000,10,,sonstige_autos,yes,2016-03-19,0,54589,2016-03-23 12:26:37
2016-04-07 22:56:00,9202,wagon,2010,manual,132,corolla,150000,0,gasoline,toyota,yes,2016-04-07,0,76509,2016-04-29 01:42:01
2016-03-09 23:12:13,12621,other,2015,manual,79,clio,150000,12,other,renault,,2016-03-09,0,8657,2016-03-30 19:56:40
2016-03-01 18:08:07,13020,sedan,2002,manual,150,6_reihe,80000,6,gasoline,mazda,,2016-03-01,0,94046,2016-03-29 16:12:34
2016-03-03 09:56:39,35076,suv,2011,manual,248,micra,100000,4,gasoline,nissan,no,2016-03-03,0,95669,2016-03-31 22:19:03
2016-04-06 04:26:19,3986,small,2002,manual,205,micra,125000,11,cng,nissan,yes,2016-04-06,0,41704,2016-04-23 00:03:03
2016-03-30 10:03:04,20033,bus,2003,manual,232,a_klasse,150000,6,,mercedes_benz,no,2016-03-30,0,14698,2016-04-02 00:24:46
2016-03-26 01:20:17,28289,other,2013,manual,207,megane,100000,8,gasoline,renault,no,2016-03-26,0,88827,2016-04-14 22:54:31
2016-03-25 14:27:24,30382,coupe,2007,manual,123,c4,100000,11,gasoline,citroen,no,2016-03-25,0,40512,2016-04-13 18:41:53
2016-04-06 15:41:41,10274,sedan,2007,manual,106,q5,150000,7,gasoline,audi,no,2016-04-06,0,29095,2016-05-01 19:22:58
2016-03-20 05:44:51,10908,other,2001,manual,64,yaris,80000,1,gasoline,toyota,no,2016-03-20,0,50430,2016-03-29 15:56:14
2016-03-30 13:16:43,13114,small,2013,manual,152,i20,60000,12,petrol,hyundai,no,2016-03-30,0,12996,2016-04-10 09:25:59
2016-03-22 22:47:11,4114,small,1999,manual,53,2_reihe,125000,9,petrol,peugeot,,2016-03-22,0,16128,2016-04-20 11:03:50
2016-03-07 00:18:56,6182,small,2004,manual,221,3_reihe,150000,11,other,peugeot,no,2016-03-07,0,62505,2016-03-28 00:31:21
2016-04-03 22:04:56,24968,sedan,2005,auto,245,clio,150000,5,gasoline,renault,no,2016-04-03,0,65814,2016-04-04 14:18:32
2016-03-22 03:18:01,8709,small,2000,manual,218,transporter,30000,11,other,volkswagen,no,2016-03-22,0,20953,2016-03-28 12:41:41
2016-04-02 16:51:00,17920,coupe,2010,manual,50,3er,90000,12,gasoline,bmw,,2016-04-02,0,94393,2016-04-13 23:04:23
2016-03-01 04:24:02,10669,convertible,1995,manual,61,avensis,20000,1,other,toyota,no,2016-03-01,0,48940,2016-03-11 07:46:57
2016-04-09 09:03:11,24005,coupe,2015,manual,182,cooper,150000,10,gasoline,mini,,2016-04-09,0,5721,2016-04-23 21:03:25
2016-03-26 08:22:20,13557,,2007,,50,scenic,90000,5,cng,renault,no,2016-03-26,0,48636,2016-04-15 23:47:56
2016-03-31 19:05:47,11055,wagon,1998,manual,116,ka,80000,5,petrol,ford,no,2016-03-31,0,62744,2016-04-14 00:24:18
2016-03-26 02:56:28,3449,wagon,2007,manual,71,x_reihe,150000,10,other,bmw,yes,2016-03-26,0,34390,2016-04-03 09:52:07
2016-03-07 06:24:28,16548,sedan,2001,manual,215,fiesta,150000,1,gasoline,ford,no,2016-03-07,0,80668,2016-03-29 05:14:11
2016-03-07 18:43:35,20127,sedan,2010,auto,61,astra,150000,4,gasoline,opel,,2016-03-07,0,56912,2016-04-03 15:47:14
2016-03-07 03:03:19,4670,small,2015,auto,102,a4,100000,11,,audi,,2016-03-07,0,97354,2016-03-30 20:47:49
2016-03-19 15:56:21,5760,,2000,manual,62,c4,60000,8,gasoline,citroen,no,2016-03-19,0,83934,2016-04-06 00:25:30
2016-03-07 21:41:05,24040,,2008,manual,210,golf,90000,6,,volkswagen,no,2016-03-07,0,95629,2016-03-16 14:58:35
2016-03-20 18:46:06,4338,other,1995,manual,242,micra,70000,7,petrol,nissan,,2016-03-20,0,22758,2016-04-19 10:02:35
2016-03-13 22:04:01,11381,sedan,1998,manual,141,qashqai,125000,0,gasoline,nissan,no,2016-03-13,0,95794,2016-04-06 03:53:46
2016-03-18 02:05:38,18430,bus,2004,manual,51,tucson,100000,3,,hyundai,no,2016-03-18,0,42671,2016-03-25 13:20:26
2016-03-13 17:37:10,15292,bus,2000,manual,186,tucson,70000,9,petrol,hyundai,no,2016-03-13,0,10466,2016-03-29 19:05:32
2016-04-06 09:00:08,33236,coupe,2013,manual,0,fortwo,150000,9,gasoline,smart,no,2016-04-06,0,87858,2016-04-30 11:57:26
2016-03-04 10:13:35,18004,convertible,2000,auto,138,,150000,2,gasoline,skoda,no,2016-03-04,0,10367,2016-03-05 05:57:38
2016-03-22 02:52:24,31777,other,2003,manual,120,scenic,40000,1,hybrid,renault,no,2016-03-22,0,53628,2016-04-19 00:51:13
2016-03-22 09:37:12,28759,other,2007,auto,75,c4,60000,10,gasoline,citroen,,2016-03-22,0,11503,2016-04-17 14:54:12
2016-03-13 02:22:32,14332,other,2008,,41,s_klasse,150000,4,gasoline,mercedes_benz,no,2016-03-13,0,9111,2016-04-10 01:19:43
2016-03-17 17:35:23,19528,wagon,2006,manual,121,a4,150000,10,gasoline,audi,no,2016-03-17,0,55068,2016-04-09 10:46:21
2016-03-23 15:55:13,72723,suv,2012,auto,152,fiesta,150000,10,electric,ford,no,2016-03-23,0,32883,2016-03-29 12:21:15
2016-04-05 08:51:52,16413,suv,2003,manual,193,superb,70000,1,,skoda,no,2016-04-05,0,21662,2016-04-10 12:09:29
2016-03-31 05:33:47,15752,bus,2006,manual,167,clubman,125000,7,gasoline,mini,no,2016-03-31,0,67680,2016-04-13 12:49:33
2016-03-17 23:58:11,13155,,2004,auto,170,3er,90000,6,gasoline,bmw,no,2016-03-17,0,11174,2016-04-15 13:34:16
2016-03-07 15:58:07,23925,other,2015,auto,132,golf,100000,2,other,volkswagen,no,2016-03-07,0,13821,2016-03-16 03:30:24
2016-03-29 02:13:34,15183,coupe,2005,auto,0,vectra,70000,5,petrol,opel,yes,2016-03-29,0,66391,2016-04-19 15:20:29
2016-03-25 17:33:43,11850,wagon,2007,manual,199,a_klasse,125000,10,other,mercedes_benz,,2016-03-25,0,87399,2016-04-08 13:05:01
2016-04-02 11:12:10,12509,small,2016,manual,47,c_klasse,40000,7,petrol,mercedes_benz,no,2016-04-02,0,7791,2016-04-18 10:06:05
2016-03-17 22:18:49,6286,sedan,2011,manual,83,leon,125000,8,petrol,seat,yes,2016-03-17,0,47392,2016-03-18 21:37:32
2016-03-02 01:54:40,5711,small,1997,manual,112,golf,150000,11,gasoline,volkswagen,no,2016-03-02,0,9340,2016-03-07 12:03:50
2016-03-16 22:58:57,20158,sedan,2012,auto,219,corolla,80000,3,other,toyota,no,2016-03-16,0,15661,2016-04-06 19:04:46
2016-03-02 09:25:19,10941,,2016,auto,64,berlingo,125000,7,,citroen,no,2016-03-02,0,94289,2016-03-23 15:51:57
2016-03-09 17:54:27,11482,other,2000,manual,105,fabia,150000,3,gasoline,skoda,,2016-03-09,0,8535,2016-03-15 01:46:01
2016-03-19 21:12:34,21179,wagon,2004,manual,131,cooper,150000,5,hybrid,mini,no,2016-03-19,0,37759,2016-04-12 18:00:45
2016-04-02 12:13:32,4497,small,2004,manual,138,zafira,150000,2,gasoline,opel,yes,2016-04-02,0,20144,2016-04-24 08:58:08
2016-03-12 05:59:19,5619,,2010,auto,129,andere,150000,9,other,sonstige_autos,yes,2016-03-12,0,64266,2016-04-11 00:24:51
2016-03-23 20:44:15,8046,convertible,1995,manual,51,s60,150000,11,gasoline,volvo,,2016-03-23,0,52069,2016-03-31 10:17:46
2016-03-03 19:44:31,9720,suv,1995,manual,147,a3,150000,5,gasoline,audi,no,2016-03-03,0,86070,2016-03-28 08:50:21
2016-03-31 04:20:15,26266,wagon,2014,manual,78,forfour,10000,11,petrol,smart,no,2016-03-31,0,57419,2016-04-03 09:17:32
2016-03-26 08:41:00,36992,suv,2005,auto,221,,100000,0,petrol,nissan,no,2016-03-26,0,53859,2016-04-14 10:47:34
2016-03-09 03:52:23,23248,bus,2015,manual,61,a_klasse,100000,6,petrol,mercedes_benz,no,2016-03-09,0,29395,2016-03-14 22:32:18
2016-03-24 00:37:35,0,other,2001,auto,196,andere,125000,1,other,sonstige_autos,,2016-03-24,0,25049,2016-04-10 11:04:41
2016-03-18 06:10:32,10627,small,2013,manual,174,a3,150000,10,petrol,audi,no,2016-03-18,0,17287,2016-03-30 07:35:14
2016-04-05 11:00:52,35741,wagon,2013,manual,227,500,5000,4,hybrid,fiat,no,2016-04-05,0,45606,2016-04-20 04:43:50
2016-03-19 11:33:11,13434,sedan,2002,auto,74,3er,90000,10,other,bmw,no,2016-03-19,0,26416,2016-03-28 11:11:24
2016-04-02 15:23:34,7348,small,1999,,173,punto,150000,10,other,fiat,,2016-04-02,0,22180,2016-04-21 02:28:39
2016-03-27 20:43:48,11151,small,2013,auto,168,micra,30000,0,gasoline,nissan,,2016-03-27,0,58343,2016-04-12 11:57:00
2016-03-20 20:53:37,9100,small,2003,manual,159,altea,150000,12,,seat,,2016-03-20,0,8976,2016-03-29 18:11:59
2016-03-26 09:27:11,17781,bus,2016,manual,48,cooper,90000,1,other,mini,no,2016-03-26,0,1133,2016-04-05 05:48:19
2016-03-14 09:03:59,17324,,2001,,217,a_klasse,150000,9,gasoline,mercedes_benz,,2016-03-14,0,11281,2016-03-29 20:00:08
2016-03-01 09:53:39,17688,other,2012,manual,192,astra,150000,6,other,opel,no,2016-03-01,0,61842,2016-03-12 11:30:44
2016-04-07 04:43:07,33142,,2012,manual,125,yaris,60000,12,petrol,toyota,no,2016-04-07,0,15471,2016-04-25 01:05:52
2016-03-03 12:40:06,14270,,2000,manual,167,tucson,80000,3,petrol,hyundai,no,2016-03-03,0,31996,2016-03-08 23:06:06
2016-04-06 06:39:32,9277,other,2005,manual,41,andere,100000,4,,sonstige_autos,no,2016-04-06,0,89604,2016-04-13 06:42:30
2016-03-31 15:47:02,13817,sedan,1997,,231,v40,150000,5,gasoline,volvo,no,2016-03-31,0,64776,2016-04-29 05:07:36
2016-03-28 12:42:55,24291,,2009,auto,66,qashqai,150000,8,gasoline,nissan,no,2016-03-28,0,44593,2016-04-25 18:11:45
2016-03-07 15:37:49,5202,sedan,2002,manual,257,1er,90000,5,petrol,bmw,yes,2016-03-07,0,91969,2016-03-26 21:34:04
2016-03-24 18:11:45,40507,suv,2012,manual,204,fortwo,125000,8,gasoline,smart,no,2016-03-24,0,35288,2016-04-08 05:51:09
2016-03-13 06:05:21,15564,sedan,2001,auto,179,passat,150000,12,lpg,volkswagen,no,2016-03-13,0,96227,2016-03-31 20:13:25
2016-03-11 07:14:03,36267,suv,2003,auto,193,s60,40000,2,petrol,volvo,,2016-03-11,0,62418,2016-04-03 16:46:39
2016-03-22 19:50:26,19928,wagon,2004,auto,162,a6,125000,7,gasoline,audi,no,2016-03-22,0,93513,2016-04-06 14:55:07
2016-04-06 15:16:57,13935,other,2015,manual,60,micra,40000,8,petrol,nissan,no,2016-04-06,0,22566,2016-04-08 11:16:54
2016-04-06 18:53:27,24173,,2015,manual,167,fiesta,20000,6,cng,ford,,2016-04-06,0,52227,2016-04-19 15:03:09
2016-03-04 02:19:50,2553,small,1995,manual,162,3er,150000,4,gasoline,bmw,,2016-03-04,0,51755,2016-03-17 07:13:19
2016-03-19 08:36:09,3677,small,1996,manual,92,micra,150000,9,petrol,nissan,no,2016-03-19,0,30235,2016-04-02 02:28:42
2016-03-07 13:10:41,0,sedan,1999,,65,altea,150000,12,other,seat,no,2016-03-07,0,90459,2016-03-24 10:41:14
2016-03-05 05:14:53,29416,other,2015,,255,corsa,150000,8,gasoline,opel,no,2016-03-05,0,46571,2016-03-28 22:06:33
2016-03-31 23:41:18,12871,,1997,manual,0,5_reihe,100000,7,petrol,peugeot,no,2016-03-31,0,24249,2016-04-02 08:49:24
2016-03-23 08:21:50,1434,small,2008,manual,65,forfour,150000,9,other,smart,yes,2016-03-23,0,60914,2016-04-22 01:05:20
2016-03-19 07:07:59,14933,small,2005,auto,69,cooper,100000,10,gasoline,mini,no,2016-03-19,0,61149,2016-03-29 09:51:06
2016-04-02 06:46:24,12844,small,2000,manual,186,clio,125000,7,electric,renault,no,2016-04-02,0,73140,2016-04-11 16:11:27
2016-04-09 12:53:31,36509,suv,2016,manual,177,,150000,5,gasoline,nissan,no,2016-04-09,0,19972,2016-04-16 12:09:32
2016-03-26 03:52:03,11756,other,2006,manual,97,clio,125000,10,other,renault,,2016-03-26,0,21065,2016-04-23 13:47:43
2016-03-03 18:40:15,22507,other,2016,manual,107,touran,125000,9,gasoline,volkswagen,no,2016-03-03,0,30932,2016-03-15 17:17:28
2016-03-27 06:58:14,18554,sedan,2016,manual,69,andere,150000,9,,sonstige_autos,no,2016-03-27,0,55081,2016-03-30 22:35:57
2016-04-08 07:43:54,25893,,2013,auto,57,c4,70000,11,other,citroen,,2016-04-08,0,29561,2016-05-03 08:46:16
2016-03-07 18:21:48,26275,suv,2004,manual,175,q5,125000,12,gasoline,audi,no,2016-03-07,0,91744,2016-03-24 12:07:31
2016-03-08 22:21:51,10783,other,2007,manual,94,a6,150000,11,petrol,audi,,2016-03-08,0,89999,2016-03-27 04:12:37
2016-03-16 18:46:16,34584,other,2006,auto,175,c3,100000,6,gasoline,citroen,no,2016-03-16,0,17812,2016-04-10 06:11:06
2016-03-29 17:16:39,10290,small,2006,manual,211,octavia,40000,6,,skoda,no,2016-03-29,0,33182,2016-04-04 17:41:14
2016-03-31 16:22:57,15203,sedan,2016,manual,107,,150000,12,petrol,seat,no,2016-03-31,0,53958,2016-04-22 19:57:14
2016-04-04 21:22:13,6085,small,2012,auto,70,c4,150000,5,gasoline,citroen,yes,2016-04-04,0,96952,2016-04-12 05:16:12
2016-04-09 14:43:47,19347,small,2006,auto,95,tucson,100000,4,hybrid,hyundai,no,2016-04-09,0,60009,2016-04-23 00:58:22
2016-03-04 15:07:00,15217,wagon,2001,manual,109,c_klasse,150000,3,gasoline,mercedes_benz,no,2016-03-04,0,22727,2016-03-27 07:23:35
2016-04-03 22:35:01,4290,other,1997,auto,79,forfour,150000,5,cng,smart,yes,2016-04-03,0,8571,2016-04-16 09:31:32
2016-03-10 00:41:04,21682,suv,2012,manual,92,transporter,150000,1,other,volkswagen,no,2016-03-10,0,28056,2016-03-23 08:02:09
2016-03-28 21:57:58,4368,sedan,1997,manual,239,fortwo,125000,1,petrol,smart,yes,2016-03-28,0,39263,2016-04-03 22:07:09
2016-03-10 05:58:31,21274,wagon,2006,,167,a1,150000,10,hybrid,audi,no,2016-03-10,0,63906,2016-03-22 13:08:28
2016-04-08 12:31:04,7429,,2003,manual,128,5er,150000,12,petrol,bmw,no,2016-04-08,0,24912,2016-04-15 00:38:10
2016-03-07 21:43:10,0,wagon,2007,manual,141,berlingo,150000,2,petrol,citroen,,2016-03-07,0,66212,2016-03-14 22:21:05
2016-03-18 17:14:43,8887,wagon,2001,manual,69,micra,150000,5,petrol,nissan,no,2016-03-18,0,83225,2016-04-04 02:48:40
2016-03-30 04:39:50,15407,sedan,2013,manual,171,v70,125000,2,petrol,volvo,no,2016-03-30,0,92987,2016-04-12 12:33:40
2016-04-03 18:56:17,4877,,2000,manual,196,passat,150000,9,petrol,volkswagen,yes,2016-04-03,0,21980,2016-04-24 22:42:11
2016-03-05 19:07:17,11671,wagon,1995,manual,115,v40,125000,6,hybrid,volvo,,2016-03-05,0,6896,2016-03-19 12:36:04
2016-03-12 22:28:48,19911,small,2013,manual,142,s_klasse,150000,4,electric,mercedes_benz,no,2016-03-12,0,72055,2016-04-05 07:30:45
2016-03-19 15:40:48,15947,bus,2013,manual,77,tucson,40000,5,other,hyundai,no,2016-03-19,0,5196,2016-04-13 03:47:20
2016-04-07 19:24:55,9014,small,2016,manual,172,octavia,150000,1,gasoline,skoda,no,2016-04-07,0,19688,2016-04-26 01:53:07
2016-03-05 21:48:57,29890,suv,2003,manual,97,corolla,100000,1,electric,toyota,no,2016-03-05,0,22716,2016-03-10 00:12:05
2016-03-08 06:09:17,5353,sedan,2011,manual,84,a3,125000,3,petrol,audi,yes,2016-03-08,0,94168,2016-04-03 03:59:28
2016-03-28 00:06:14,31071,sedan,2015,auto,181,e_klasse,150000,11,petrol,mercedes_benz,no,2016-03-28,0,38273,2016-04-04 03:26:19
2016-03-31 16:26:24,38081,wagon,2008,auto,234,e_klasse,100000,5,gasoline,mercedes_benz,no,2016-03-31,0,10720,2016-04-28 17:56:06
2016-03-01 06:54:02,8987,wagon,1997,manual,45,forfour,100000,1,gasoline,smart,,2016-03-01,0,15710,2016-03-22 08:08:36
2016-03-22 17:59:57,7282,sedan,1996,,46,twingo,50000,5,gasoline,renault,no,2016-03-22,0,94240,2016-04-07 19:58:05
2016-03-22 15:27:30,15130,,2000,manual,103,focus,80000,5,gasoline,ford,no,2016-03-22,0,24233,2016-03-30 05:27:42
2016-03-24 21:54:31,25334,small,2016,manual,218,vectra,100000,4,electric,opel,no,2016-03-24,0,96207,2016-04-21 13:09:12
2016-03-18 00:45:44,3082,small,2005,manual,128,a_klasse,125000,1,petrol,mercedes_benz,yes,2016-03-18,0,60701,2016-03-30 22:59:44
2016-03-01 04:22:02,19720,wagon,2000,manual,56,a6,60000,8,electric,audi,no,2016-03-01,0,99486,2016-03-18 12:29:03
2016-04-09 22:16:23,9582,convertible,2001,auto,202,andere,60000,0,other,sonstige_autos,yes,2016-04-09,0,70600,2016-04-27 23:51:06
2016-03-28 04:02:18,20901,coupe,2001,manual,179,v40,80000,9,gasoline,volvo,,2016-03-28,0,17476,2016-03-30 12:05:42
2016-03-03 16:26:22,15714,other,2014,manual,52,focus,90000,9,other,ford,,2016-03-03,0,57956,2016-03-07 10:03:30
2016-03-12 09:49:19,15631,sedan,2006,auto,114,i30,150000,6,petrol,hyundai,no,2016-03-12,0,96535,2016-04-05 04:45:35
2016-03-21 07:18:28,22730,coupe,2014,manual,93,qashqai,70000,8,cng,nissan,no,2016-03-21,0,83359,2016-04-19 15:02:50
2016-03-01 23:45:09,3203,small,1999,manual,44,,150000,6,gasoline,skoda,no,2016-03-01,0,43593,2016-03-29 09:14:37
2016-03-16 20:59:50,17989,,2015,auto,93,fortwo,150000,2,other,smart,no,2016-03-16,0,37435,2016-03-25 23:55:55
2016-03-11 18:30:50,8542,other,1995,,68,,125000,12,gasoline,audi,no,2016-03-11,0,31781,2016-03-21 06:54:18
2016-03-09 03:30:59,7423,wagon,1998,manual,55,2_reihe,150000,11,,peugeot,,2016-03-09,0,17560,2016-03-23 15:20:22
2016-04-09 13:00:29,12763,coupe,1996,manual,195,leon,100000,7,other,seat,,2016-04-09,0,16009,2016-05-08 01:49:02
2016-03-28 20:37:33,21154,other,2014,manual,241,3_reihe,150000,12,petrol,peugeot,no,2016-03-28,0,20231,2016-04-19 13:49:20
2016-03-23 02:42:11,16676,sedan,1998,manual,251,corolla,100000,7,gasoline,toyota,no,2016-03-23,0,19566,2016-04-15 15:25:13
2016-03-09 10:59:22,15314,sedan,1995,auto,184,q5,150000,6,gasoline,audi,,2016-03-09,0,73676,2016-04-07 12:49:07
2016-03-25 09:12:34,28600,suv,2005,manual,228,note,90000,8,gasoline,nissan,no,2016-03-25,0,11325,2016-04-09 03:44:21
2016-03-24 10:41:18,10849,sedan,1995,manual,145,ibiza,50000,8,gasoline,seat,no,2016-03-24,0,31511,2016-04-19 06:51:15
2016-03-15 08:33:27,18226,wagon,2005,manual,15256,ibiza,70000,9,petrol,seat,,2016-03-15,0,27670,2016-03-25 02:28:01
2016-03-24 07:34:46,9748,sedan,2002,manual,230,corolla,150000,2,other,toyota,no,2016-03-24,0,98404,2016-03-29 17:30:20
2016-03-16 17:44:05,15114,wagon,2003,manual,226,clubman,100000,9,other,mini,no,2016-03-16,0,34030,2016-04-03 00:33:10
2016-03-11 16:36:07,2795,small,1997,manual,233,3_reihe,150000,1,lpg,mazda,yes,2016-03-11,0,1061,2016-03-29 20:42:01
2016-03-28 15:03:32,19119,sedan,2010,manual,52,c3,150000,4,,citroen,,2016-03-28,0,62606,2016-04-26 15:02:29
2016-04-06 14:01:42,14528,small,2009,manual,87,,80000,5,electric,bmw,no,2016-04-06,0,91297,2016-04-25 14:14:50
2016-03-03 20:02:03,13666,coupe,1999,manual,76,i20,150000,5,gasoline,hyundai,no,2016-03-03,0,87494,2016-03-20 00:50:37
2016-03-12 10:08:18,21785,wagon,2007,,188,transporter,70000,1,lpg,volkswagen,no,2016-03-12,0,40956,2016-03-21 13:05:57
2016-03-20 05:15:05,19760,coupe,2000,manual,121,fiesta,100000,7,gasoline,ford,no,2016-03-20,0,12697,2016-04-15 19:47:28
2016-03-28 00:14:53,2739,,1996,,5655,micra,150000,11,petrol,nissan,yes,2016-03-28,0,99338,2016-04-04 22:18:07
2016-04-03 00:33:59,7168,coupe,2007,manual,85,micra,150000,9,,nissan,,2016-04-03,0,75634,2016-04-25 13:29:29
2016-03-19 13:55:22,5312,sedan,2003,manual,150,andere,150000,10,petrol,sonstige_autos,yes,2016-03-19,0,75882,2016-04-04 17:53:34
2016-03-05 00:34:57,19160,convertible,1998,auto,68,insignia,90000,8,cng,opel,no,2016-03-05,0,39368,2016-03-14 22:14:12
2016-04-08 21:44:35,0,small,2010,manual,206,,150000,2,gasoline,citroen,no,2016-04-08,0,64532,2016-05-04 09:03:14
2016-03-23 09:32:16,16171,other,1997,manual,159,v40,5000,3,gasoline,volvo,no,2016-03-23,0,84257,2016-03-30 16:09:41
2016-03-18 21:56:57,6202,small,2006,manual,55,forfour,150000,12,gasoline,smart,no,2016-03-18,0,29177,2016-04-09 05:42:00
2016-03-06 07:26:16,17993,wagon,2006,auto,51,note,150000,2,petrol,nissan,no,2016-03-06,0,72644,2016-03-18 19:27:51
2016-03-31 19:46:07,12954,other,1998,auto,200,ibiza,100000,3,other,seat,no,2016-03-31,0,63340,2016-04-14 07:09:07
2016-03-13 03:37:55,21496,,2010,manual,153,i20,60000,6,,hyundai,no,2016-03-13,0,19229,2016-03-18 04:15:07
2016-03-12 03:49:32,18707,wagon,2001,manual,203,transporter,90000,1,gasoline,volkswagen,no,2016-03-12,0,58771,2016-03-16 16:16:35
2016-03-15 17:47:18,10183,convertible,2013,,228,touran,30000,9,petrol,volkswagen,yes,2016-03-15,0,11280,2016-04-07 06:12:41
2016-03-26 07:58:16,2481,small,1999,manual,62,ibiza,40000,3,petrol,seat,yes,2016-03-26,0,83306,2016-04-08 11:13:24
2016-04-01 07:51:00,20487,wagon,2006,manual,141,passat,150000,10,gasoline,volkswagen,no,2016-04-01,0,28849,2016-04-18 09:56:46
2016-03-28 01:07:55,20872,other,1996,auto,161,e_klasse,80000,4,gasoline,mercedes_benz,,2016-03-28,0,99778,2016-04-11 10:57:47
2016-03-08 12:03:24,5557,sedan,1996,manual,76,1er,150000,3,petrol,bmw,no,2016-03-08,0,22500,2016-03-20 03:44:13
2016-03-05 03:21:04,19609,small,2011,manual,237,a1,50000,5,gasoline,audi,no,2016-03-05,0,69975,2016-03-10 06:37:08
2016-03-15 12:24:37,14555,sedan,2001,,213,leon,150000,3,gasoline,seat,no,2016-03-15,0,29974,2016-03-23 20:52:51
2016-03-21 10:05:27,16928,other,2007,manual,46,v40,60000,11,petrol,volvo,no,2016-03-21,0,69685,2016-04-15 02:17:17
2016-04-04 17:48:46,4500,small,1995,manual,85,fortwo,150000,0,gasoline,smart,,2016-04-04,0,70859,2016-05-01 02:36:50
2016-04-05 20:54:06,16585,,1998,manual,251,,150000,0,gasoline,seat,no,2016-04-05,0,75089,2016-04-11 00:13:12
2016-03-14 10:46:09,8439,other,2005,auto,174,cooper,100000,1,other,mini,yes,2016-03-14,0,53171,2016-04-03 03:10:44
2016-04-09 10:31:15,17715,small,2012,manual,208,altea,150000,10,electric,seat,no,2016-04-09,0,79588,2016-05-05 17:59:21
2016-03-02 07:38:08,28374,suv,2011,manual,230,andere,60000,8,,sonstige_autos,no,2016-03-02,0,71428,2016-03-16 00:18:53
2016-03-13 06:23:33,16844,,2011,auto,156,3_reihe,5000,7,petrol,peugeot,no,2016-03-13,0,84735,2016-03-24 22:04:41
2016-03-10 01:40:45,35930,other,2006,auto,0,5er,150000,8,hybrid,bmw,no,2016-03-10,0,4339,2016-03-17 00:40:37
2016-03-20 16:09:47,12718,small,2006,manual,60,clubman,125000,8,hybrid,mini,no,2016-03-20,0,97563,2016-04-06 20:59:10
2016-04-05 09:02:50,0,suv,2011,manual,259,,125000,5,,fiat,no,2016-04-05,0,22386,2016-04-23 05:48:05
2016-03-21 01:14:18,4185,wagon,1995,auto,157,v40,150000,8,petrol,volvo,yes,2016-03-21,0,8248,2016-04-15 16:04:51
2016-04-07 20:36:10,9790,wagon,2009,manual,0,transporter,70000,11,gasoline,volkswagen,yes,2016-04-07,0,56426,2016-04-29 12:23:13
2016-03-31 08:49:51,8147,small,2011,manual,232,,150000,8,other,fiat,,2016-03-31,0,30780,2016-04-29 04:08:14
2016-03-04 04:57:50,13526,sedan,2008,auto,84,v40,150000,11,other,volvo,no,2016-03-04,0,61812,2016-03-26 21:07:12
2016-03-25 21:32:25,6829,small,2003,manual,173,,125000,1,petrol,peugeot,no,2016-03-25,0,91211,2016-04-08 20:27:22
2016-03-13 11:19:20,7770,,2001,manual,206,corolla,125000,11,cng,toyota,yes,2016-03-13,0,22026,2016-03-24 15:37:44
2016-03-10 09:08:37,27437,,2015,manual,207,megane,30000,4,other,renault,no,2016-03-10,0,79981,2016-03-30 21:35:34
2016-03-08 16:24:33,36340,other,2012,auto,155,golf,5000,10,petrol,volkswagen,no,2016-03-08,0,29276,2016-03-15 14:15:29
2016-03-21 02:56:12,9911,small,2007,auto,57,,150000,5,gasoline,toyota,no,2016-03-21,0,57302,2016-04-19 06:47:43
2016-03-31 22:50:51,16298,,2007,auto,202,andere,40000,3,other,sonstige_autos,no,2016-03-31,0,66640,2016-04-17 04:59:21
2016-03-03 00:22:53,11580,sedan,1999,manual,102,forfour,80000,7,gasoline,smart,,2016-03-03,0,12631,2016-03-27 08:46:06
2016-03-22 00:41:35,12860,wagon,1995,auto,152,3_reihe,125000,0,lpg,mazda,,2016-03-22,0,79809,2016-03-25 08:08:59
2016-03-13 10:34:14,32601,suv,2004,manual,146,c3,100000,2,gasoline,citroen,no,2016-03-13,0,91003,2016-04-08 13:22:57
2016-03-24 04:59:40,4563,sedan,1996,manual,250,s_klasse,150000,10,gasoline,mercedes_benz,,2016-03-24,0,98114,2016-04-10 09:36:21
2016-03-10 20:29:27,11320,small,1997,manual,0,focus,125000,9,,ford,no,2016-03-10,0,80227,2016-04-05 03:25:51
2016-03-04 23:47:59,23549,wagon,2012,auto,227,qashqai,150000,5,cng,nissan,no,2016-03-04,0,21118,2016-03-08 19:04:22
2016-03-30 09:21:39,7024,,1997,manual,80,clio,90000,12,other,renault,no,2016-03-30,0,57809,2016-04-08 18:33:59
2016-03-30 09:43:37,31438,other,2008,manual,191,scenic,5000,2,electric,renault,no,2016-03-30,0,94080,2016-04-07 16:23:17
2016-03-18 23:03:07,27950,bus,2009,auto,173,megane,50000,1,,renault,,2016-03-18,0,7612,2016-03-26 16:28:47
2016-03-17 18:23:42,22143,other,2013,auto,84,panda,125000,8,petrol,fiat,no,2016-03-17,0,39687,2016-03-31 09:22:16
2016-03-23 23:31:31,13258,sedan,2004,manual,135,5_reihe,60000,2,other,peugeot,no,2016-03-23,0,65793,2016-04-21 22:28:21
2016-03-04 09:41:39,8675,small,2009,auto,107,s60,150000,5,petrol,volvo,no,2016-03-04,0,54418,2016-03-09 04:29:11
2016-03-23 17:38:16,19416,sedan,2800,manual,152,forfour,125000,2,gasoline,smart,no,2016-03-23,0,33203,2016-04-03 00:45:17
2016-03-23 07:45:52,6992,other,2002,manual,208,punto,150000,9,gasoline,fiat,yes,2016-03-23,0,5781,2016-03-30 20:43:07
2016-03-18 05:21:47,22969,wagon,2007,auto,171,zafira,100000,12,gasoline,opel,no,2016-03-18,0,8677,2016-03-19 15:00:36
2016-03-18 09:42:55,25038,suv,2009,manual,73,2_reihe,150000,1,gasoline,mazda,no,2016-03-18,0,38732,2016-04-01 23:43:09
2016-03-10 01:05:26,21807,convertible,2016,manual,48,v40,125000,9,petrol,volvo,no,2016-03-10,0,99475,2016-03-19 07:37:16
2016-03-09 00:07:47,6925,suv,1996,manual,57,mondeo,150000,0,petrol,ford,,2016-03-09,0,56634,2016-04-01 16:00:33
2016-03-02 23:21:21,25981,,2003,manual,106,2_reihe,150000,5,hybrid,peugeot,no,2016-03-02,0,41627,2016-03-22 19:51:36
2016-03-28 06:53:21,9868,other,1999,manual,114,berlingo,150000,2,petrol,citroen,no,2016-03-28,0,78648,2016-04-04 20:07:03
2016-03-15 10:50:20,39267,coupe,2012,auto,179,c3,150000,0,petrol,citroen,no,2016-03-15,0,2345,2016-03-31 20:42:12
2016-03-27 12:58:40,44866,suv,2011,,217,note,10000,12,gasoline,nissan,no,2016-03-27,0,46477,2016-03-29 18:40:24
2016-04-04 23:52:43,35716,wagon,2009,auto,234,mondeo,60000,0,petrol,ford,no,2016-04-04,0,10624,2016-04-26 01:16:46
2016-03-25 14:22:37,28170,,2015,manual,104,zafira,30000,5,gasoline,opel,no,2016-03-25,0,6797,2016-03-31 12:40:30
2016-03-28 09:34:33,8687,suv,2005,manual,74,andere,150000,3,gasoline,sonstige_autos,yes,2016-03-28,0,61757,2016-04-13 06:42:50
2016-03-01 15:07:39,15808,,1996,manual,181,altea,125000,7,gasoline,seat,no,2016-03-01,0,71110,2016-03-30 23:59:38
2016-03-10 06:19:59,25068,convertible,2015,manual,131,berlingo,150000,5,petrol,citroen,no,2016-03-10,0,64365,2016-03-13 15:50:30
2016-03-24 10:37:35,6636,other,2007,manual,150,octavia,90000,12,petrol,skoda,yes,2016-03-24,0,91631,2016-04-12 14:01:15
2016-03-26 05:06:05,29343,coupe,2015,manual,120,corolla,125000,6,gasoline,toyota,no,2016-03-26,0,91378,2016-04-23 23:08:04
2016-03-24 04:16:28,4491,sedan,2015,manual,50,v70,150000,8,other,volvo,,2016-03-24,0,59867,2016-04-17 07:29:10
2016-04-05 07:29:14,55429,coupe,2013,manual,248,cooper,90000,11,electric,mini,no,2016-04-05,0,55834,2016-04-22 20:09:35
2016-03-15 19:34:02,18137,wagon,2011,manual,93,qashqai,125000,9,petrol,nissan,no,2016-03-15,0,58747,2016-03-16 20:58:27
2016-03-08 06:43:31,12609,convertible,2000,manual,118,polo,150000,3,petrol,volkswagen,no,2016-03-08,0,34246,2016-03-27 23:53:50
2016-03-25 03:57:02,25188,,2014,manual,97,cooper,20000,9,gasoline,mini,,2016-03-25,0,75277,2016-03-30 05:22:42
2016-03-28 11:34:02,29468,suv,2011,manual,73,2_reihe,125000,11,gasoline,mazda,no,2016-03-28,0,91816,2016-03-29 11:24:03
2016-03-16 22:15:24,26908,bus,2006,auto,163,andere,125000,12,lpg,sonstige_autos,no,2016-03-16,0,7608,2016-04-07 18:03:32
2016-03-15 05:22:29,19849,wagon,2008,,224,tucson,100000,12,petrol,hyundai,no,2016-03-15,0,53648,2016-03-25 21:55:02
2016-03-27 18:18:38,11086,small,2007,manual,144,avensis,70000,8,petrol,toyota,,2016-03-27,0,10783,2016-04-09 09:17:44
2016-03-05 06:50:09,21882,other,2014,manual,192,3_reihe,125000,12,gasoline,mazda,no,2016-03-05,0,9059,2016-03-25 19:15:34
2016-03-15 12:01:35,17878,other,2013,manual,70,twingo,150000,8,,renault,,2016-03-15,0,73526,2016-04-10 10:13:32
2016-04-09 03:09:28,24535,wagon,2007,auto,129,avensis,90000,2,gasoline,toyota,no,2016-04-09,0,45365,2016-04-20 02:38:06
2016-04-04 02:59:25,4327,small,2006,manual,43,2_reihe,125000,6,other,mazda,no,2016-04-04,0,77960,2016-04-19 03:01:42
2016-03-02 22:07:08,21086,sedan,2009,manual,170,megane,125000,7,gasoline,renault,no,2016-03-02,0,85475,2016-03-31 23:40:15
2016-03-25 04:48:23,7056,coupe,2016,,186,qashqai,150000,1,lpg,nissan,yes,2016-03-25,0,74037,2016-03-29 02:20:52
2016-03-20 18:38:52,50944,convertible,2009,auto,251,octavia,90000,11,gasoline,skoda,,2016-03-20,0,75194,2016-04-01 02:28:56
2016-03-22 00:34:58,30540,,1996,manual,220,s60,150000,7,hybrid,volvo,no,2016-03-22,0,61211,2016-04-12 14:54:42
2016-03-08 17:56:50,9419,other,2002,manual,98,fabia,150000,6,petrol,skoda,no,2016-03-08,0,95946,2016-03-14 14:43:17
2016-03-27 07:03:51,12130,sedan,1997,manual,217,q5,150000,7,gasoline,audi,no,2016-03-27,0,29197,2016-03-30 21:13:46
2016-04-02 15:49:57,11633,small,2016,auto,223,500,125000,0,hybrid,fiat,yes,2016-04-02,0,69558,2016-04-04 18:40:12
2016-04-04 03:47:28,14724,,1998,,203,superb,150000,10,,skoda,no,2016-04-04,0,35008,2016-05-02 20:21:30
2016-03-29 19:09:03,10637,sedan,2004,manual,52,yaris,150000,10,gasoline,toyota,no,2016-03-29,0,61917,2016-04-16 14:18:55
2016-04-04 14:39:22,21802,other,2007,manual,211,500,125000,10,,fiat,,2016-04-04,0,5583,2016-05-03 03:38:40
2016-03-17 08:13:52,8085,convertible,2001,manual,87,qashqai,30000,0,petrol,nissan,yes,2016-03-17,0,2903,2016-04-11 02:26:55
2016-03-10 06:48:19,7570,small,1995,manual,162,yaris,30000,9,lpg,toyota,no,2016-03-10,0,28650,2016-03-14 09:10:37
2016-03-22 23:51:14,24585,bus,2014,auto,134,corolla,80000,12,hybrid,toyota,yes,2016-03-22,0,49997,2016-04-03 03:09:58
2016-03-04 18:03:12,7277,sedan,2007,manual,228,panda,150000,8,gasoline,fiat,yes,2016-03-04,0,28952,2016-03-07 17:24:28
2016-03-12 05:43:08,30172,other,2009,auto,157,,80000,9,,nissan,no,2016-03-12,0,54945,2016-04-04 18:16:14
2016-03-09 08:41:19,9431,,2010,manual,164,zafira,80000,5,other,opel,no,2016-03-09,0,50164,2016-04-03 20:38:34
2016-03-12 14:55:10,29096,other,2014,manual,242,berlingo,20000,7,gasoline,citroen,,2016-03-12,0,89216,2016-04-03 20:35:01
2016-03-25 03:33:55,6630,,2001,manual,74,qashqai,150000,10,petrol,nissan,no,2016-03-25,0,20660,2016-04-09 21:01:40
2016-04-04 05:15:25,21021,other,1999,auto,212,fiesta,150000,9,gasoline,ford,no,2016-04-04,0,9876,2016-04-22 16:41:48
2016-03-02 07:39:31,4209,sedan,1900,,203,clubman,150000,2,gasoline,mini,,2016-03-02,0,67932,2016-03-06 14:02:53
2016-03-28 16:03:34,13714,other,2004,manual,202,andere,60000,10,hybrid,sonstige_autos,,2016-03-28,0,37702,2016-04-25 16:00:27
2016-03-30 17:37:50,9752,sedan,2002,manual,137,cooper,150000,11,,mini,no,2016-03-30,0,8279,2016-04-15 11:54:50
2016-03-21 13:14:08,6143,,2001,manual,0,clubman,100000,0,gasoline,mini,,2016-03-21,0,96288,2016-04-10 03:57:07
2016-03-04 19:38:40,62514,,2014,auto,135,leon,20000,5,hybrid,seat,no,2016-03-04,0,8827,2016-03-06 16:11:27
2016-03-30 13:14:27,19071,,2009,manual,256,7er,125000,6,other,bmw,no,2016-03-30,0,24831,2016-04-05 20:44:22
2016-04-04 20:25:26,31031,,2008,auto,185,2_reihe,70000,5,petrol,mazda,no,2016-04-04,0,23815,2016-04-19 06:22:09
2016-03-08 09:38:39,26046,convertible,2015,manual,162,cooper,100000,6,petrol,mini,no,2016-03-08,0,7681,2016-03-25 18:47:19
2016-03-21 10:27:39,4429,,2002,manual,179,tucson,125000,0,gasoline,hyundai,yes,2016-03-21,0,73136,2016-04-18 19:37:44
2016-03-12 04:04:30,12375,other,2000,manual,234,s60,150000,8,petrol,volvo,,2016-03-12,0,86189,2016-04-03 07:27:46
2016-03-12 17:37:09,3215,small,1995,manual,227,a4,125000,3,,audi,yes,2016-03-12,0,97271,2016-03-20 13:10:54
2016-03-04 13:55:34,8712,suv,1998,manual,54,c_klasse,150000,0,petrol,mercedes_benz,no,2016-03-04,0,96768,2016-03-10 21:29:04
2016-03-31 17:53:58,13601,sedan,2003,manual,112,ka,70000,4,gasoline,ford,,2016-03-31,0,80081,2016-04-05 14:45:29
2016-03-14 22:25:47,6957,wagon,1996,manual,79,,150000,9,other,nissan,no,2016-03-14,0,59700,2016-03-23 12:06:30
2016-04-01 13:21:26,10542,sedan,2005,,85,avensis,90000,2,petrol,toyota,no,2016-04-01,0,44455,2016-04-21 12:24:22
2016-03-18 09:11:31,20813,suv,2005,manual,226,tucson,150000,0,petrol,hyundai,no,2016-03-18,0,37772,2016-03-22 05:28:14
2016-03-01 11:04:03,6125,sedan,2015,manual,89,avensis,150000,9,gasoline,toyota,,2016-03-01,0,61097,2016-03-23 22:00:57
2016-03-14 15:17:44,9747,,1996,manual,44,panda,10000,1,petrol,fiat,no,2016-03-14,0,82109,2016-04-11 02:23:12
2016-03-17 03:44:24,10069,wagon,2009,manual,97,s60,30000,11,gasoline,volvo,yes,2016-03-17,0,85495,2016-03-17 12:21:43
2016-03-31 01:18:13,24579,sedan,2009,auto,202,cooper,20000,6,petrol,mini,no,2016-03-31,0,40111,2016-04-05 12:47:52
2016-03-10 15:12:47,22351,other,2016,manual,236,forfour,100000,9,gasoline,smart,no,2016-03-10,0,60756,2016-04-02 23:37:12
2016-03-30 13:44:44,23463,bus,2008,manual,158,5_reihe,90000,12,gasoline,peugeot,,2016-03-30,0,64140,2016-04-13 15:25:17
2016-03-04 06:38:06,38565,other,2014,auto,136,forfour,100000,8,gasoline,smart,no,2016-03-04,0,25897,2016-03-29 23:28:17
2016-03-08 05:50:58,25967,wagon,2004,auto,62,scenic,70000,12,,renault,no,2016-03-08,0,93267,2016-03-17 00:50:36
2016-03-08 21:58:28,15067,wagon,2000,manual,97,e_klasse,10000,2,petrol,mercedes_benz,,2016-03-08,0,64015,2016-03-14 16:15:42
2016-03-06 11:15:17,30719,coupe,2013,manual,209,ibiza,150000,11,gasoline,seat,no,2016-03-06,0,93354,2016-04-04 14:29:34
2016-03-18 18:18:27,11704,sedan,2000,manual,51,a_klasse,125000,10,electric,mercedes_benz,no,2016-03-18,0,48826,2016-04-16 04:42:36
2016-04-01 18:56:54,27427,suv,1995,auto,75,i20,40000,7,gasoline,hyundai,no,2016-04-01,0,46835,2016-04-16 15:44:09
2016-03-25 04:01:29,16956,other,2011,manual,149,scenic,150000,1,lpg,renault,no,2016-03-25,0,51726,2016-03-27 04:55:22
2016-04-04 20:49:18,14670,,2012,manual,116,6_reihe,70000,3,other,mazda,no,2016-04-04,0,30235,2016-04-26 18:47:27
2016-03-29 16:51:46,22085,small,2016,,255,,100000,11,lpg,hyundai,no,2016-03-29,0,41223,2016-04-22 05:32:56
2016-03-22 09:14:34,19903,bus,2007,manual,249,tucson,150000,11,petrol,hyundai,no,2016-03-22,0,83889,2016-04-08 06:26:56
2016-03-02 01:24:36,21041,other,2015,auto,159,superb,125000,6,other,skoda,no,2016-03-02,0,47146,2016-03-14 09:07:14
2016-03-08 02:07:50,20613,other,2004,manual,92,qashqai,150000,3,hybrid,nissan,no,2016-03-08,0,36887,2016-04-04 19:54:48
2016-04-03 02:17:35,10014,small,2002,auto,57,5_reihe,70000,5,gasoline,peugeot,no,2016-04-03,0,29726,2016-04-14 15:54:56
2016-03-22 20:16:09,18632,sedan,2006,auto,40,i20,150000,6,gasoline,hyundai,no,2016-03-22,0,73836,2016-04-16 09:59:16
2016-03-13 17:14:04,17530,small,1997,auto,210,vectra,150000,11,hybrid,opel,no,2016-03-13,0,30185,2016-03-24 12:29:25
2016-03-06 07:56:01,11627,suv,2003,auto,64,7er,70000,12,gasoline,bmw,,2016-03-06,0,34478,2016-03-13 21:48:47
2016-03-12 02:22:14,25289,sedan,2000,manual,225,7er,70000,12,,bmw,no,2016-03-12,0,20568,2016-03-21 22:25:24
2016-03-02 12:20:19,21371,convertible,2000,manual,212,x_reihe,150000,12,gasoline,bmw,,2016-03-02,0,19434,2016-03-26 18:24:58
2016-03-15 04:10:48,17389,other,2015,manual,94,clubman,30000,11,gasoline,mini,no,2016-03-15,0,71884,2016-03-22 02:54:13
2016-03-30 02:00:40,30241,coupe,2015,auto,70,astra,150000,7,petrol,opel,no,2016-03-30,0,72321,2016-04-08 15:28:04
2016-03-12 12:09:35,29805,coupe,2011,manual,253,5_reihe,150000,3,petrol,peugeot,no,2016-03-12,0,61517,2016-03-23 09:42:09
2016-03-25 22:40:36,17266,sedan,2002,manual,242,3er,125000,4,petrol,bmw,no,2016-03-25,0,38413,2016-04-18 00:04:15
2016-03-12 16:52:19,21828,bus,2011,manual,94,c3,10000,12,petrol,citroen,no,2016-03-12,0,62447,2016-04-02 16:40:50
2016-03-07 17:12:12,16830,other,2000,auto,178,fortwo,150000,2,petrol,smart,no,2016-03-07,0,14009,2016-04-03 17:42:04
2016-03-07 07:07:24,18406,small,2012,manual,252,s60,50000,8,gasoline,volvo,no,2016-03-07,0,65255,2016-04-03 07:39:38
2016-03-12 13:53:13,9622,small,2005,auto,130,c3,150000,10,,citroen,,2016-03-12,0,89411,2016-03-20 14:49:34
2016-04-06 15:47:21,11977,wagon,2009,manual,230,superb,100000,1,gasoline,skoda,,2016-04-06,0,22610,2016-04-17 13:45:55
2016-03-15 09:28:19,12472,small,2007,,154,,150000,12,gasoline,mazda,,2016-03-15,0,58920,2016-03-21 08:18:54
2016-03-17 13:53:17,25151,sedan,2003,auto,158,clubman,80000,12,gasoline,mini,,2016-03-17,0,86642,2016-04-05 20:46:29
2016-03-02 21:34:30,6572,sedan,1996,manual,0,scenic,125000,5,,renault,no,2016-03-02,0,44917,2016-03-12 10:42:55
2016-03-01 19:40:26,43059,suv,2015,manual,156,micra,150000,5,hybrid,nissan,no,2016-03-01,0,26464,2016-03-15 06:00:29
2016-03-13 01:59:33,31188,sedan,2009,auto,196,forfour,50000,5,gasoline,smart,no,2016-03-13,0,53659,2016-03-24 07:04:11
2016-04-01 08:47:43,14874,other,1995,auto,95,c_klasse,80000,4,gasoline,mercedes_benz,no,2016-04-01,0,74532,2016-04-28 09:42:45
2016-03-30 12:35:29,8086,,1996,manual,250,passat,125000,7,gasoline,volkswagen,yes,2016-03-30,0,36238,2016-04-23 15:56:16
2016-03-14 09:53:09,28087,sedan,2000,manual,220,5_reihe,20000,3,hybrid,peugeot,,2016-03-14,0,92422,2016-03-22 02:01:35
2016-03-28 17:30:26,6342,small,2000,manual,143,altea,70000,4,other,seat,no,2016-03-28,0,20551,2016-04-22 13:37:20
2016-03-14 05:37:02,40512,suv,2012,manual,210,scenic,150000,7,hybrid,renault,,2016-03-14,0,27230,2016-03-14 13:37:37
2016-04-04 14:36:10,18035,convertible,2006,manual,56,s60,150000,2,gasoline,volvo,no,2016-04-04,0,32439,2016-04-24 14:44:39
2016-03-30 06:22:03,21325,wagon,2010,manual,148,5_reihe,10000,3,petrol,peugeot,no,2016-03-30,0,75064,2016-04-26 14:02:49
2016-03-22 10:13:07,20961,suv,1998,manual,207,2_reihe,125000,9,gasoline,peugeot,no,2016-03-22,0,29386,2016-03-27 06:02:34
2016-03-29 17:22:49,14881,suv,2004,manual,255,fabia,5000,1,gasoline,skoda,yes,2016-03-29,0,10170,2016-04-07 15:24:23
2016-03-30 10:17:01,9448,suv,1997,auto,176,clio,90000,9,cng,renault,yes,2016-03-30,0,19406,2016-04-12 19:24:06
2016-04-09 22:45:36,47006,convertible,2014,manual,149,micra,50000,5,hybrid,nissan,,2016-04-09,0,5059,2016-04-22 07:18:17
2016-03-05 09:19:38,26784,other,2014,manual,199,1er,150000,10,gasoline,bmw,no,2016-03-05,0,51945,2016-03-24 19:13:28
2016-03-06 14:36:15,20815,bus,2016,manual,60,superb,150000,2,lpg,skoda,no,2016-03-06,0,95533,2016-03-09 15:49:57
2016-03-31 18:17:33,18808,,2005,manual,215,c4,150000,2,petrol,citroen,no,2016-03-31,0,91838,2016-04-21 03:49:38
2016-04-08 19:27:14,19021,other,2001,auto,106,a4,125000,0,gasoline,audi,,2016-04-08,0,34603,2016-04-23 05:35:35
2016-03-15 04:04:52,1818,small,1995,auto,52,andere,100000,2,,sonstige_autos,yes,2016-03-15,0,68726,2016-03-22 04:36:31
2016-03-16 17:07:43,12942,sedan,2011,manual,48,scenic,150000,1,,renault,,2016-03-16,0,91992,2016-04-11 17:37:48
2016-03-23 05:18:52,9604,,2010,manual,230,c4,125000,2,other,citroen,yes,2016-03-23,0,8509,2016-03-23 12:15:33
2016-04-02 13:09:03,28440,sedan,2013,auto,206,c3,150000,8,petrol,citroen,no,2016-04-02,0,17371,2016-04-08 02:23:31
2016-03-20 00:48:26,25483,sedan,2011,auto,45,corolla,150000,11,gasoline,toyota,no,2016-03-20,0,23169,2016-04-07 20:22:06
2016-03-08 14:41:28,14541,sedan,2010,manual,174,touran,150000,2,gasoline,volkswagen,no,2016-03-08,0,97442,2016-03-12 01:22:24
2016-03-04 09:59:16,9848,,1999,manual,243,ka,150000,12,gasoline,ford,no,2016-03-04,0,3260,2016-03-19 05:25:31
2016-03-15 12:46:14,5867,other,1999,auto,212,5er,150000,8,other,bmw,yes,2016-03-15,0,50780,2016-03-25 16:01:44
2016-03-28 15:59:39,6470,coupe,2003,manual,179,megane,150000,3,petrol,renault,yes,2016-03-28,0,1169,2016-03-29 11:18:38
2016-04-09 01:39:12,20931,wagon,2010,manual,148,yaris,90000,7,gasoline,toyota,no,2016-04-09,0,74797,2016-04-12 05:41:55
2016-03-01 07:35:31,17477,suv,2010,manual,62,3_reihe,150000,6,petrol,mazda,,2016-03-01,0,90170,2016-03-05 07:37:01
2016-03-14 19:15:21,24659,bus,2000,auto,158,corolla,100000,9,gasoline,toyota,,2016-03-14,0,19973,2016-03-19 14:43:02
2016-03-29 17:54:29,4345,suv,1996,manual,58,scenic,150000,7,other,renault,no,2016-03-29,0,4087,2016-04-12 13:41:36
2016-04-01 08:50:52,13079,other,1997,manual,179,yaris,70000,3,petrol,toyota,no,2016-04-01,0,43723,2016-04-19 03:41:59
2016-03-25 15:25:26,57756,suv,2014,auto,214,7er,150000,10,gasoline,bmw,no,2016-03-25,0,76476,2016-04-16 23:01:14
2016-03-13 08:31:38,34740,sedan,2012,auto,251,focus,50000,3,petrol,ford,,2016-03-13,0,39173,2016-03-24 12:17:10
2016-03-18 19:38:03,14267,bus,2015,auto,235,fabia,150000,3,petrol,skoda,yes,2016-03-18,0,56768,2016-04-13 06:30:12
2016-03-31 11:25:49,41039,coupe,2000,auto,257,yaris,30000,3,gasoline,toyota,,2016-03-31,0,34633,2016-04-27 17:20:14
2016-04-05 16:49:11,5011,other,1997,manual,85,insignia,150000,8,,opel,no,2016-04-05,0,62929,2016-05-03 18:37:30
2016-04-08 04:32:56,25343,coupe,1996,auto,245,a3,150000,3,gasoline,audi,no,2016-04-08,0,62373,2016-04-10 17:34:44
2016-03-02 06:06:46,30082,other,2013,auto,241,fortwo,150000,6,petrol,smart,,2016-03-02,0,12099,2016-03-10 11:38:33
2016-04-04 12:56:01,21782,suv,2001,manual,204,micra,125000,0,petrol,nissan,no,2016-04-04,0,59735,2016-04-22 12:11:54
2016-03-29 09:06:11,6411,other,2006,manual,53,3_reihe,150000,7,hybrid,peugeot,yes,2016-03-29,0,65662,2016-04-09 06:58:56
2016-04-01 22:44:02,17832,,1997,auto,0,ibiza,90000,2,lpg,seat,,2016-04-01,0,65884,2016-04-26 12:48:19
2016-03-01 15:04:57,12609,sedan,2008,manual,63,2_reihe,150000,10,petrol,mazda,no,2016-03-01,0,41491,2016-03-18 05:45:50
2016-04-08 21:41:27,9200,wagon,2009,manual,119,transporter,150000,8,other,volkswagen,no,2016-04-08,0,39750,2016-04-11 14:22:49
2016-03-03 08:54:39,20160,bus,2003,manual,166,7er,50000,1,other,bmw,no,2016-03-03,0,6507,2016-03-21 22:37:26
2016-03-13 22:44:55,23422,wagon,2011,manual,209,altea,150000,1,gasoline,seat,no,2016-03-13,0,82225,2016-04-10 14:23:27
2016-03-04 05:00:43,11599,wagon,1998,manual,257,ibiza,150000,0,lpg,seat,,2016-03-04,0,25394,2016-03-24 03:35:14
2016-03-16 20:40:41,4863,small,2011,manual,168,5_reihe,40000,4,gasoline,peugeot,,2016-03-16,0,38832,2016-03-18 16:42:17
2016-03-03 16:30:04,35244,sedan,2000,auto,160,avensis,60000,1,,toyota,no,2016-03-03,0,42650,2016-03-30 01:47:03
2016-03-12 22:29:58,23641,bus,2013,manual,148,clubman,125000,7,gasoline,mini,no,2016-03-12,0,58702,2016-03-30 00:42:06
2016-03-22 02:21:46,8977,small,2013,manual,79,octavia,150000,11,gasoline,skoda,no,2016-03-22,0,79328,2016-04-14 08:03:18
2016-03-31 05:41:56,15659,,1998,manual,255,avensis,150000,5,,toyota,no,2016-03-31,0,11662,2016-04-11 01:17:27
2016-03-14 04:03:24,4271,other,1995,manual,92,v40,150000,3,gasoline,volvo,no,2016-03-14,0,60210,2016-03-16 22:23:01
2016-03-12 17:46:58,25994,sedan,2012,auto,105,andere,150000,11,gasoline,sonstige_autos,no,2016-03-12,0,82301,2016-03-25 05:32:50
2016-03-22 05:06:08,7947,small,2002,manual,166,q5,10000,3,other,audi,no,2016-03-22,0,92409,2016-03-22 20:09:31
2016-04-06 09:55:30,8589,sedan,2002,manual,47,superb,150000,7,gasoline,skoda,no,2016-04-06,0,32255,2016-04-07 09:32:50
2016-03-11 21:18:11,8816,suv,1998,manual,251,500,150000,9,gasoline,fiat,yes,2016-03-11,0,65713,2016-03-18 06:33:41
2016-03-09 06:41:01,27182,convertible,2013,manual,250,5_reihe,80000,10,petrol,peugeot,,2016-03-09,0,20728,2016-04-02 16:24:47
2016-03-09 07:58:51,56073,wagon,2016,manual,179,2_reihe,90000,12,,mazda,no,2016-03-09,0,80418,2016-04-03 07:02:46
2016-03-06 11:31:56,14594,convertible,2005,manual,79,avensis,70000,11,lpg,toyota,,2016-03-06,0,70200,2016-03-26 08:47:27
2016-04-02 10:06:09,11665,small,2006,,205,7er,90000,2,gasoline,bmw,no,2016-04-02,0,99580,2016-04-30 10:45:34
2016-03-12 12:39:24,10958,coupe,2004,manual,88,5_reihe,30000,8,gasoline,peugeot,,2016-03-12,0,67821,2016-03-18 06:35:12
2016-03-03 04:28:02,14644,wagon,1997,manual,72,tucson,40000,12,gasoline,hyundai,no,2016-03-03,0,77205,2016-03-26 18:19:57
2016-04-03 05:01:07,20924,convertible,2006,manual,198,tucson,150000,11,,hyundai,no,2016-04-03,0,3913,2016-05-01 14:45:48
2016-03-07 06:09:31,28019,other,2015,manual,243,andere,40000,7,gasoline,sonstige_autos,no,2016-03-07,0,5744,2016-03-13 23:43:23
2016-03-07 02:33:52,14379,convertible,2000,manual,101,e_klasse,150000,7,gasoline,mercedes_benz,no,2016-03-07,0,95983,2016-03-19 03:04:16
2016-04-04 01:29:21,15042,convertible,2005,auto,73,2_reihe,150000,0,,mazda,no,2016-04-04,0,2027,2016-05-02 11:50:36
2016-03-28 12:01:32,20094,sedan,2015,manual,76,focus,80000,8,petrol,ford,no,2016-03-28,0,58003,2016-03-31 18:59:22
2016-04-05 13:33:57,24783,wagon,2016,manual,167,q5,90000,4,,audi,no,2016-04-05,0,36941,2016-04-28 00:42:44
2016-03-13 10:22:58,0,sedan,1996,manual,186,2_reihe,150000,8,lpg,peugeot,no,2016-03-13,0,58788,2016-04-03 03:27:12
2016-03-13 06:03:07,13540,coupe,2006,manual,107,e_klasse,150000,4,petrol,mercedes_benz,,2016-03-13,0,2655,2016-03-28 07:43:50
2016-03-19 00:02:02,7589,,1999,manual,226,a_klasse,50000,10,gasoline,mercedes_benz,yes,2016-03-19,0,84445,2016-04-08 05:58:16
2016-04-04 05:22:14,0,convertible,2003,manual,45,avensis,150000,7,gasoline,toyota,,2016-04-04,0,58142,2016-04-15 14:02:59
2016-03-28 20:01:26,16136,sedan,2013,manual,208,andere,100000,2,other,sonstige_autos,no,2016-03-28,0,48497,2016-04-21 11:29:26
2016-04-06 07:39:37,14769,bus,2006,manual,159,leon,20000,5,cng,seat,no,2016-04-06,0,98959,2016-04-18 00:59:50
2016-03-10 03:57:50,13510,other,1999,manual,215,3_reihe,150000,12,gasoline,mazda,no,2016-03-10,0,86289,2016-03-17 22:29:45
2016-03-12 14:30:14,6251,,1997,,110,3_reihe,150000,11,petrol,mazda,no,2016-03-12,0,18999,2016-04-04 18:04:45
2016-03-31 18:04:21,13200,bus,2002,manual,177,500,150000,0,petrol,fiat,no,2016-03-31,0,80907,2016-04-05 20:35:39
2016-03-30 21:48:00,11868,bus,2001,manual,63,forfour,30000,5,petrol,smart,,2016-03-30,0,87584,2016-04-27 21:42:19
2016-04-09 05:40:01,26763,suv,2002,manual,191,fabia,40000,12,petrol,skoda,no,2016-04-09,0,30536,2016-04-18 08:36:24
2016-03-29 05:59:39,6753,bus,2009,manual,80,andere,125000,11,petrol,sonstige_autos,yes,2016-03-29,0,31213,2016-04-15 20:32:34
2016-03-28 17:45:18,14651,,2012,auto,135,3_reihe,150000,6,petrol,mazda,no,2016-03-28,0,4708,2016-04-06 00:29:12
2016-04-07 05:50:27,40137,convertible,2009,manual,254,insignia,10000,5,petrol,opel,no,2016-04-07,0,36196,2016-04-26 01:29:17
2016-04-07 16:01:29,17797,coupe,1996,manual,228,berlingo,150000,2,gasoline,citroen,,2016-04-07,0,49362,2016-04-28 16:07:38
2016-03-03 16:26:02,23349,coupe,1999,auto,81,q5,80000,7,,audi,no,2016-03-03,0,57523,2016-03-21 18:25:51
2016-04-07 04:12:02,8620,wagon,2001,manual,258,corsa,150000,1,gasoline,opel,yes,2016-04-07,0,97987,2016-04-18 08:04:59
2016-03-29 18:55:29,37831,other,2015,auto,219,c_klasse,50000,10,petrol,mercedes_benz,no,2016-03-29,0,59636,2016-04-27 23:56:22
2016-04-02 00:16:21,19267,coupe,2009,manual,55,panda,125000,0,gasoline,fiat,,2016-04-02,0,92165,2016-04-19 03:13:01
2016-03-13 05:34:29,24513,wagon,2016,manual,122,qashqai,20000,11,petrol,nissan,no,2016-03-13,0,13534,2016-03-24 08:09:42
2016-03-30 02:10:46,5577,other,2005,,90,2_reihe,100000,10,petrol,mazda,yes,2016-03-30,0,19241,2016-03-30 21:26:48
2016-03-17 12:05:53,40417,other,2016,auto,220,qashqai,150000,8,gasoline,nissan,no,2016-03-17,0,91477,2016-04-12 00:21:04
2016-03-09 04:25:41,7480,small,2004,manual,48,v70,70000,3,petrol,volvo,no,2016-03-09,0,79318,2016-03-21 15:56:28
2016-03-25 00:51:03,17269,convertible,2003,manual,224,,150000,12,petrol,smart,no,2016-03-25,0,63166,2016-04-18 22:50:32
2016-03-13 16:02:09,18056,sedan,2010,manual,201,qashqai,150000,6,gasoline,nissan,no,2016-03-13,0,32158,2016-04-11 02:04:09
2016-03-16 04:28:55,11080,other,1996,manual,185,3er,100000,5,cng,bmw,no,2016-03-16,0,43991,2016-03-20 09:59:35
2016-03-04 11:39:25,5402,sedan,1995,manual,159,twingo,150000,11,other,renault,no,2016-03-04,0,95792,2016-03-27 11:27:19
2016-03-24 09:53:35,5137,small,1997,manual,133,5er,150000,8,petrol,bmw,no,2016-03-24,0,89251,2016-04-18 09:04:31
2016-03-07 17:36:52,29094,wagon,2013,auto,86,500,150000,1,gasoline,fiat,,2016-03-07,0,27424,2016-03-29 02:16:52
2016-03-04 17:43:38,9788,other,2016,manual,79,2_reihe,150000,4,,peugeot,yes,2016-03-04,0,64180,2016-03-17 05:10:10
2016-03-06 00:05:21,8744,sedan,2000,manual,233,focus,150000,0,other,ford,no,2016-03-06,0,38616,2016-03-17 21:04:44
2016-04-05 13:49:23,14623,sedan,2001,auto,115,zafira,150000,8,petrol,opel,no,2016-04-05,0,82580,2016-04-29 19:59:31
2016-03-09 17:47:11,13595,other,2002,auto,72,5_reihe,125000,4,petrol,peugeot,,2016-03-09,0,90276,2016-04-03 02:32:46
2016-03-25 04:36:14,5072,small,1996,auto,57,qashqai,150000,3,petrol,nissan,no,2016-03-25,0,76136,2016-04-12 09:14:40
2016-03-09 22:56:37,4200,,2001,auto,119,fiesta,125000,6,,ford,yes,2016-03-09,0,41002,2016-04-04 23:35:20
2016-03-09 22:03:52,19094,small,2009,manual,157,c_klasse,80000,7,hybrid,mercedes_benz,no,2016-03-09,0,66298,2016-03-30 21:35:17
2016-03-18 10:23:55,24546,wagon,1995,auto,255,s_klasse,80000,6,gasoline,mercedes_benz,no,2016-03-18,0,28323,2016-03-20 01:07:29
2016-03-14 06:05:12,9260,small,2011,,154,fabia,150000,4,gasoline,skoda,,2016-03-14,0,52204,2016-03-14 21:16:41
2016-04-01 18:10:38,10590,other,2009,manual,252,octavia,90000,9,cng,skoda,yes,2016-04-01,0,44912,2016-04-04 06:07:21
2016-03-31 03:21:11,0,sedan,2001,manual,128,note,125000,1,gasoline,nissan,no,2016-03-31,0,76818,2016-04-11 16:31:12
2016-04-07 15:11:03,4966,small,2003,manual,65,forfour,150000,6,petrol,smart,,2016-04-07,0,50117,2016-04-16 17:10:20
2016-04-08 23:49:13,18227,coupe,1996,auto,138,andere,100000,1,petrol,sonstige_autos,no,2016-04-08,0,87774,2016-05-08 09:08:20
2016-03-24 16:11:27,5960,sedan,2014,manual,0,tiguan,125000,1,petrol,volkswagen,yes,2016-03-24,0,63912,2016-04-22 14:17:03
2016-03-07 13:39:08,30544,wagon,2010,manual,102,,125000,4,electric,bmw,no,2016-03-07,0,75967,2016-04-02 14:44:01
2016-03-16 19:29:27,18020,,2007,auto,193,corolla,30000,0,electric,toyota,yes,2016-03-16,0,20578,2016-04-03 08:59:46
2016-04-06 10:00:23,15541,,1998,auto,220,1er,80000,1,other,bmw,no,2016-04-06,0,10275,2016-04-21 21:05:40
2016-03-21 10:53:56,6243,sedan,1999,manual,144,c4,100000,12,other,citroen,no,2016-03-21,0,56237,2016-03-28 15:36:14
2016-04-05 09:11:01,7952,small,2005,manual,0,s60,150000,6,petrol,volvo,,2016-04-05,0,18696,2016-04-06 05:16:35
2016-04-02 20:12:55,6001,wagon,1996,manual,40,2_reihe,80000,8,other,mazda,no,2016-04-02,0,34062,2016-04-05 19:53:37
2016-04-01 01:42:59,21606,small,2012,auto,206,5er,125000,6,gasoline,bmw,no,2016-04-01,0,55209,2016-04-07 09:55:40
2016-03-15 19:03:49,12719,,2006,auto,87,e_klasse,150000,9,petrol,mercedes_benz,no,2016-03-15,0,99907,2016-04-09 04:00:13
2016-04-01 09:58:20,28493,convertible,1999,manual,181,a_klasse,10000,3,petrol,mercedes_benz,no,2016-04-01,0,25511,2016-04-05 22:09:40
2016-03-07 14:38:39,17558,small,2015,manual,164,x_reihe,125000,4,hybrid,bmw,no,2016-03-07,0,19284,2016-03-28 06:56:06
2016-03-20 22:24:43,25753,,2014,auto,231,tiguan,125000,3,petrol,volkswagen,no,2016-03-20,0,52069,2016-04-09 10:07:50
2016-03-28 17:23:01,33175,coupe,2015,manual,158,micra,90000,0,gasoline,nissan,no,2016-03-28,0,81341,2016-04-24 23:06:24
2016-03-20 09:19:20,20973,other,2008,auto,75,andere,150000,2,petrol,sonstige_autos,,2016-03-20,0,45452,2016-04-07 17:02:15
2016-03-22 03:02:39,8359,small,2001,auto,77,tucson,150000,8,gasoline,hyundai,no,2016-03-22,0,96754,2016-03-31 18:06:48
2016-03-27 23:06:29,22996,other,2002,manual,201,zafira,90000,5,hybrid,opel,no,2016-03-27,0,53808,2016-04-10 04:43:08
2016-03-15 00:27:38,11047,small,2009,manual,184,fiesta,60000,4,petrol,ford,,2016-03-15,0,41629,2016-04-06 07:05:57
2016-03-12 21:35:29,18610,convertible,2000,manual,120,i20,125000,6,gasoline,hyundai,no,2016-03-12,0,66608,2016-04-08 09:52:25
2016-03-26 06:41:18,10983,small,2012,manual,154,c_klasse,100000,9,gasoline,mercedes_benz,no,2016-03-26,0,73074,2016-04-04 20:58:53
2016-03-21 02:06:43,12982,sedan,2001,manual,67,clio,90000,5,gasoline,renault,no,2016-03-21,0,60711,2016-03-31 21:11:24
2016-03-15 07:33:07,17803,suv,1998,manual,141,a6,150000,1,gasoline,audi,,2016-03-15,0,64976,2016-03-25 12:24:50
2016-03-23 03:34:28,11169,small,1998,auto,0,2_reihe,90000,5,gasoline,mazda,no,2016-03-23,0,88081,2016-04-15 15:08:34
2016-03-23 20:33:35,6207,wagon,1996,manual,46,mondeo,125000,2,petrol,ford,no,2016-03-23,0,22125,2016-04-14 20:19:55
2016-03-02 08:21:13,6128,small,2003,manual,67,2_reihe,150000,6,gasoline,peugeot,no,2016-03-02,0,66645,2016-03-27 22:55:24
2016-03-09 08:56:17,22504,other,1998,auto,146,q5,150000,12,,audi,no,2016-03-09,0,73031,2016-03-28 09:09:40
2016-03-11 20:06:14,12425,wagon,2000,manual,194,andere,100000,12,other,sonstige_autos,no,2016-03-11,0,63361,2016-03-25 02:28:27
2016-03-28 15:27:13,18080,coupe,2007,manual,143,fabia,90000,2,petrol,skoda,,2016-03-28,0,9306,2016-04-27 04:06:27
2016-03-01 13:58:57,5709,small,1995,,132,panda,150000,1,other,fiat,no,2016-03-01,0,10842,2016-03-07 07:11:59
2016-04-04 20:51:42,27437,,2009,manual,256,v40,150000,7,petrol,volvo,no,2016-04-04,0,95317,2016-04-12 02:31:18
2016-03-12 11:48:17,19765,coupe,2007,manual,131,3_reihe,150000,10,other,peugeot,no,2016-03-12,0,33711,2016-03-24 18:20:12
2016-03-23 15:19:20,23362,wagon,2015,,69,e_klasse,90000,8,other,mercedes_benz,no,2016-03-23,0,33863,2016-04-18 07:32:09
2016-03-21 11:36:09,13541,sedan,1998,manual,137,ibiza,100000,3,gasoline,seat,,2016-03-21,0,99112,2016-04-14 23:31:46
2016-03-03 13:40:33,19229,suv,2005,manual,116,6_reihe,150000,9,petrol,mazda,no,2016-03-03,0,60141,2016-03-05 12:34:15
2016-03-19 03:47:35,12158,sedan,1996,manual,120,3_reihe,10000,8,petrol,mazda,,2016-03-19,0,15427,2016-04-11 12:08:52
2016-04-02 14:30:46,15264,sedan,2007,manual,237,v40,150000,9,,volvo,no,2016-04-02,0,51463,2016-05-02 11:53:50
2016-04-07 02:15:10,18831,other,1997,manual,231,micra,90000,8,gasoline,nissan,no,2016-04-07,0,56775,2016-04-17 11:34:59
2016-03-30 17:45:28,0,other,2000,manual,54,qashqai,100000,11,gasoline,nissan,no,2016-03-30,0,71082,2016-04-03 06:08:03
2016-03-10 10:13:31,10293,small,2002,manual,148,astra,10000,8,petrol,opel,no,2016-03-10,0,65267,2016-03-29 16:18:30
2016-04-06 02:41:17,20103,suv,2004,manual,240,c3,125000,1,other,citroen,no,2016-04-06,0,7115,2016-05-05 16:57:16
2016-03-03 18:17:48,5005,sedan,2000,manual,145,scenic,125000,2,gasoline,renault,yes,2016-03-03,0,55483,2016-03-23 12:30:50
2016-03-30 10:04:35,15021,coupe,2000,manual,206,cooper,150000,4,gasoline,mini,,2016-03-30,0,11160,2016-04-07 23:18:25
2016-04-08 02:24:08,30363,other,2015,auto,247,5er,150000,2,cng,bmw,no,2016-04-08,0,14525,2016-04-14 04:23:01
2016-03-04 08:58:01,32006,suv,2011,manual,147,insignia,100000,3,gasoline,opel,no,2016-03-04,0,92142,2016-04-01 19:45:30
2016-03-20 22:25:15,7619,small,1995,manual,70,5_reihe,125000,5,electric,peugeot,no,2016-03-20,0,48716,2016-04-13 09:05:23
2016-03-02 12:26:44,12855,other,2016,manual,149,,150000,7,petrol,mercedes_benz,,2016-03-02,0,38094,2016-03-03 07:25:53
2016-03-24 10:11:02,15806,sedan,2016,manual,168,,150000,0,other,volkswagen,no,2016-03-24,0,91000,2016-04-10 17:33:10
2016-03-15 10:31:23,8883,,2007,manual,126,andere,150000,9,other,sonstige_autos,no,2016-03-15,0,59192,2016-04-12 17:20:37
2016-03-30 07:39:40,28597,suv,1999,manual,222,yaris,40000,5,petrol,toyota,no,2016-03-30,0,17363,2016-04-14 14:59:30
2016-03-22 05:21:46,9528,convertible,2014,auto,93,6_reihe,150000,8,other,mazda,yes,2016-03-22,0,8245,2016-04-02 12:26:47
2016-03-03 02:15:19,14114,small,2015,manual,150,i30,150000,2,gasoline,hyundai,no,2016-03-03,0,38487,2016-03-29 02:14:12
2016-03-27 14:09:01,13654,,2000,manual,93,leon,100000,12,gasoline,seat,no,2016-03-27,0,27660,2016-04-04 02:40:39
2016-03-14 01:51:00,5020,other,2003,auto,186,cooper,150000,9,other,mini,yes,2016-03-14,0,25706,2016-04-08 18:51:49
2016-03-29 09:42:30,7562,other,2005,manual,48,c4,150000,12,petrol,citroen,no,2016-03-29,0,71005,2016-04-20 13:08:00
2016-03-04 09:02:37,9255,sedan,2006,auto,225,c4,90000,0,lpg,citroen,,2016-03-04,0,34531,2016-04-02 02:37:21
2016-03-05 12:47:31,18242,small,2007,auto,222,avensis,80000,7,gasoline,toyota,,2016-03-05,0,95697,2016-03-23 15:38:52
2016-03-01 23:54:51,30977,bus,2014,auto,171,note,100000,2,petrol,nissan,no,2016-03-01,0,54370,2016-03-15 05:58:42
2016-04-07 03:35:06,56536,other,2016,auto,178,andere,50000,4,gasoline,sonstige_autos,no,2016-04-07,0,60595,2016-04-27 09:17:17
2016-04-09 19:36:57,5988,coupe,1995,manual,0,,150000,4,other,renault,no,2016-04-09,0,93286,2016-04-18 23:13:06
2016-03-25 14:36:12,11750,sedan,2009,auto,164,1er,150000,0,gasoline,bmw,,2016-03-25,0,91097,2016-04-03 17:35:48
2016-04-06 09:25:46,16815,small,2010,manual,252,e_klasse,90000,0,,mercedes_benz,,2016-04-06,0,22745,2016-04-23 16:48:40
2016-03-14 18:16:57,18619,wagon,2016,manual,101,golf,150000,5,,volkswagen,no,2016-03-14,0,3738,2016-03-19 04:21:15
2016-03-20 17:24:43,4092,sedan,1995,manual,152,touran,100000,6,gasoline,volkswagen,yes,2016-03-20,0,26308,2016-04-11 17:48:50
2016-03-08 16:05:22,27293,coupe,2006,auto,247,golf,125000,1,other,volkswagen,no,2016-03-08,0,82252,2016-03-29 05:08:39
2016-03-03 22:31:53,47845,convertible,2013,manual,179,a4,20000,4,gasoline,audi,no,2016-03-03,0,95628,2016-03-14 21:54:22
2016-03-18 03:39:39,17931,other,2004,manual,189,astra,150000,6,gasoline,opel,no,2016-03-18,0,99595,2016-04-09 15:16:05
2016-03-03 18:14:17,4443,small,1996,manual,152,s60,150000,5,petrol,volvo,no,2016-03-03,0,66063,2016-03-18 11:39:49
2016-04-06 22:17:32,19522,bus,1999,,217,,100000,11,,smart,,2016-04-06,0,98220,2016-04-15 22:09:24
2016-03-14 23:33:35,16868,wagon,2006,manual,222,mondeo,125000,1,,ford,no,2016-03-14,0,98413,2016-04-13 11:27:00
2016-04-02 15:20:50,12139,coupe,2001,manual,143,punto,150000,9,petrol,fiat,no,2016-04-02,0,72433,2016-04-04 08:00:56
2016-03-22 21:33:51,6369,small,1996,auto,85,c3,150000,2,gasoline,citroen,,2016-03-22,0,30261,2016-04-11 09:00:40
2016-03-14 23:38:23,20089,suv,2001,manual,183,fortwo,90000,7,other,smart,no,2016-03-14,0,67795,2016-03-25 14:06:58
2016-03-24 05:25:40,25764,wagon,2012,manual,174,a1,40000,12,petrol,audi,no,2016-03-24,0,51832,2016-03-30 15:45:51
2016-03-10 02:25:50,5359,small,1999,manual,57,forfour,150000,12,gasoline,smart,,2016-03-10,0,45453,2016-03-30 07:23:23
2016-03-23 02:05:06,20309,sedan,2014,manual,0,2_reihe,90000,4,gasoline,mazda,no,2016-03-23,0,64369,2016-04-02 12:35:40
2016-03-05 10:43:45,15778,small,2001,auto,210,yaris,70000,4,petrol,toyota,no,2016-03-05,0,96916,2016-03-16 23:16:06
2016-04-09 09:30:00,17561,other,2009,manual,168,superb,40000,12,petrol,skoda,,2016-04-09,0,93560,2016-04-19 02:20:22
2016-04-02 18:46:18,12736,suv,1996,manual,171,c3,150000,10,gasoline,citroen,no,2016-04-02,0,55484,2016-04-23 18:16:34
2016-03-17 02:11:42,10075,,2003,auto,104,cooper,125000,11,petrol,mini,no,2016-03-17,0,44235,2016-03-31 16:20:58
2016-03-20 23:47:30,17766,convertible,2001,manual,0,fabia,100000,2,petrol,skoda,no,2016-03-20,0,53555,2016-03-23 15:51:18
2016-03-31 23:10:19,12109,suv,1999,auto,227,3_reihe,150000,1,gasoline,mazda,,2016-03-31,0,60753,2016-04-21 20:36:09
2016-03-18 14:08:38,26538,other,2011,auto,56,500,150000,3,gasoline,fiat,,2016-03-18,0,56088,2016-03-25 03:49:53
2016-03-07 11:23:48,20561,other,2005,auto,46,note,5000,12,petrol,nissan,no,2016-03-07,0,98134,2016-03-25 00:27:55
2016-04-06 07:13:13,10555,small,1999,manual,200,q5,125000,1,gasoline,audi,no,2016-04-06,0,62068,2016-05-02 11:14:38
2016-03-06 06:34:27,13359,small,2004,auto,115,andere,30000,2,petrol,sonstige_autos,no,2016-03-06,0,66214,2016-04-01 10:30:46
2016-04-06 00:56:25,31456,other,2002,auto,103,panda,60000,2,electric,fiat,,2016-04-06,0,96138,2016-04-27 11:10:28
2016-03-04 11:20:53,13234,wagon,2000,auto,90,forfour,90000,7,petrol,smart,no,2016-03-04,0,80689,2016-04-02 22:22:50
2016-03-29 10:35:56,24333,sedan,2010,auto,182,,150000,10,petrol,mazda,no,2016-03-29,0,61876,2016-04-14 22:59:34
2016-03-13 00:07:49,9681,bus,1999,manual,109,forfour,150000,11,gasoline,smart,no,2016-03-13,0,59194,2016-04-04 18:00:24
2016-03-17 12:56:20,6024,other,1996,manual,168,tiguan,150000,8,other,volkswagen,,2016-03-17,0,37332,2016-03-24 23:50:05
2016-03-15 01:50:58,15992,suv,2004,manual,117,ka,70000,1,petrol,ford,no,2016-03-15,0,64772,2016-04-09 15:19:26
2016-03-29 20:53:18,6995,small,2011,manual,95,avensis,150000,11,other,toyota,no,2016-03-29,0,86134,2016-04-01 11:23:34
2016-03-20 21:04:33,19465,sedan,2009,manual,102,6_reihe,90000,2,gasoline,mazda,no,2016-03-20,0,11639,2016-04-08 10:53:12
2016-03-23 02:29:55,11298,small,2011,manual,227,twingo,90000,9,other,renault,,2016-03-23,0,69428,2016-04-21 22:17:58
2016-04-01 01:09:12,11490,wagon,2001,manual,156,3_reihe,150000,8,gasoline,mazda,no,2016-04-01,0,39372,2016-04-03 01:12:33
2016-04-07 07:29:36,14389,,2009,auto,152,a4,100000,12,cng,audi,,2016-04-07,0,52458,2016-04-18 10:05:20
2016-03-06 17:33:17,7231,small,2003,manual,140,ibiza,150000,7,petrol,seat,no,2016-03-06,0,22078,2016-03-31 01:08:10
2016-04-06 10:58:48,20554,wagon,2005,auto,59,2_reihe,150000,0,,peugeot,no,2016-04-06,0,20935,2016-05-01 14:19:19
2016-03-07 08:37:53,10484,wagon,2001,manual,199,c4,150000,10,petrol,citroen,no,2016-03-07,0,36343,2016-03-27 01:17:14
2016-03-22 18:42:07,15018,small,2007,,117,a6,150000,10,gasoline,audi,no,2016-03-22,0,65790,2016-04-04 13:36:34
2016-03-17 06:05:02,8882,wagon,1999,manual,106,6_reihe,5000,8,other,mazda,no,2016-03-17,0,73764,2016-04-03 14:42:28
2016-03-24 16:09:42,13520,small,2004,manual,162,e_klasse,70000,4,gasoline,mercedes_benz,,2016-03-24,0,30369,2016-04-15 14:11:21
2016-04-07 11:03:30,19531,suv,2005,manual,84,avensis,150000,3,gasoline,toyota,,2016-04-07,0,41074,2016-05-04 17:29:27
2016-03-02 00:58:30,23717,bus,2000,manual,193,fortwo,20000,5,gasoline,smart,no,2016-03-02,0,58481,2016-03-07 00:51:55
2016-03-24 04:16:57,14428,other,2009,manual,201,golf,150000,11,lpg,volkswagen,no,2016-03-24,0,23324,2016-04-21 10:52:38
2016-04-06 22:57:29,0,coupe,2013,manual,143,andere,150000,4,gasoline,sonstige_autos,no,2016-04-06,0,90781,2016-05-01 11:41:00
2016-03-25 08:36:23,13242,sedan,2006,manual,67,zafira,150000,9,gasoline,opel,no,2016-03-25,0,57352,2016-03-31 05:43:49
2016-03-26 12:26:51,21874,wagon,2016,manual,224,octavia,125000,0,petrol,skoda,no,2016-03-26,0,21866,2016-03-27 17:37:49
2016-04-06 12:51:34,8495,other,2006,manual,58,berlingo,150000,9,other,citroen,no,2016-04-06,0,62695,2016-04-24 10:39:46
2016-03-02 08:28:45,10279,wagon,1997,manual,46,s60,150000,5,hybrid,volvo,,2016-03-02,0,54376,2016-03-24 04:52:26
2016-03-20 21:50:52,9928,suv,1995,manual,194,forfour,125000,0,other,smart,no,2016-03-20,0,63654,2016-04-19 01:37:31
2016-03-03 06:46:41,22957,suv,2010,manual,239,avensis,30000,5,other,toyota,no,2016-03-03,0,32268,2016-03-04 02:20:56
2016-04-03 21:53:49,18769,convertible,1998,manual,131,twingo,80000,4,petrol,renault,,2016-04-03,0,43669,2016-04-28 16:50:22
2016-03-11 21:37:48,9912,sedan,2004,manual,61,c4,100000,12,,citroen,,2016-03-11,0,4912,2016-04-05 08:57:18
2016-03-20 06:41:19,22426,wagon,2002,auto,121,corsa,150000,9,gasoline,opel,no,2016-03-20,0,73903,2016-04-12 20:22:42
2016-03-24 16:23:26,9834,,2003,manual,60,avensis,150000,2,gasoline,toyota,,2016-03-24,0,62246,2016-04-02 20:58:43
2016-04-03 14:15:30,16007,wagon,2000,manual,182,i30,150000,7,petrol,hyundai,no,2016-04-03,0,22701,2016-04-30 18:50:26
2016-03-14 15:45:41,13156,other,2003,manual,185,2_reihe,20000,6,,mazda,no,2016-03-14,0,80222,2016-03-14 21:46:33
2016-03-02 23:59:26,20014,wagon,2013,,73,qashqai,150000,5,gasoline,nissan,no,2016-03-02,0,73666,2016-03-29 14:26:42
2016-03-17 10:03:04,47417,wagon,2011,manual,169,note,60000,0,,nissan,no,2016-03-17,0,41028,2016-03-24 00:24:10
2016-03-17 18:12:48,6592,small,1996,manual,148,s60,125000,2,,volvo,no,2016-03-17,0,61012,2016-04-13 09:31:41
2016-03-07 22:43:40,20654,small,2013,auto,132,cooper,10000,8,lpg,mini,no,2016-03-07,0,31103,2016-04-06 16:56:10
2016-04-09 10:35:38,17787,wagon,2016,manual,57,avensis,150000,5,petrol,toyota,no,2016-04-09,0,25461,2016-04-19 05:10:58
2016-03-13 04:23:30,12687,other,2007,manual,198,avensis,125000,1,lpg,toyota,no,2016-03-13,0,24179,2016-04-05 15:46:14
2016-03-17 21:47:52,10788,other,2009,,0,panda,150000,4,other,fiat,no,2016-03-17,0,39748,2016-04-09 12:37:17
2016-03-17 15:44:10,7466,sedan,2005,manual,0,astra,150000,7,petrol,opel,no,2016-03-17,0,33889,2016-04-03 01:18:00
2016-03-02 16:08:41,12319,coupe,2008,manual,152,golf,150000,7,,volkswagen,,2016-03-02,0,32578,2016-03-21 16:43:51
2016-03-22 21:16:49,4705,,1995,manual,0,v70,150000,7,other,volvo,no,2016-03-22,0,59097,2016-03-31 05:16:14
2016-03-24 23:25:38,5011,other,2001,manual,73,a4,150000,8,other,audi,,2016-03-24,0,84592,2016-04-10 02:32:25
2016-04-04 06:36:05,23599,coupe,2014,manual,45,c4,80000,12,petrol,citroen,no,2016-04-04,0,44275,2016-04-26 13:51:00
2016-03-19 18:46:19,6237,other,1997,manual,41,5er,125000,10,gasoline,bmw,no,2016-03-19,0,92476,2016-03-24 15:29:14
2016-03-19 13:54:19,26686,,2016,,117,3_reihe,80000,3,gasoline,peugeot,,2016-03-19,0,37290,2016-04-11 00:27:15
2016-03-21 18:42:14,5520,wagon,2016,manual,152,a_klasse,150000,5,other,mercedes_benz,yes,2016-03-21,0,64501,2016-04-10 23:43:35
2016-04-07 13:27:18,22503,wagon,2004,auto,117,a_klasse,40000,0,petrol,mercedes_benz,no,2016-04-07,0,97066,2016-04-28 00:07:37
2016-03-22 05:46:51,4547,small,1995,manual,136,2_reihe,150000,3,gasoline,peugeot,,2016-03-22,0,56791,2016-04-13 11:32:58
2016-04-09 14:46:26,36018,other,1999,auto,254,a1,5000,11,hybrid,audi,no,2016-04-09,0,1406,2016-04-20 12:46:56
2016-03-24 21:23:46,18086,coupe,2010,manual,95,focus,150000,1,petrol,ford,no,2016-03-24,0,39796,2016-03-29 13:50:13
2016-03-22 09:42:01,15643,sedan,2008,auto,88,superb,150000,3,gasoline,skoda,no,2016-03-22,0,32141,2016-04-12 00:50:04
2016-03-31 03:45:11,6261,suv,1995,manual,90,qashqai,30000,12,petrol,nissan,,2016-03-31,0,13577,2016-04-07 11:20:42
2016-03-24 02:43:19,8788,convertible,2009,manual,128,s60,80000,4,gasoline,volvo,yes,2016-03-24,0,88170,2016-04-19 06:56:40
2016-04-04 12:47:54,32895,coupe,2001,auto,240,v70,100000,5,gasoline,volvo,no,2016-04-04,0,92850,2016-04-08 07:48:14
2016-04-04 14:24:02,7011,wagon,2000,auto,154,v70,150000,11,,volvo,yes,2016-04-04,0,40180,2016-04-22 03:43:00
2016-03-21 16:50:58,18994,other,2008,manual,178,5_reihe,10000,4,lpg,peugeot,no,2016-03-21,0,28290,2016-04-20 07:47:36
2016-03-04 19:18:12,18589,other,2007,manual,239,6_reihe,5000,6,other,mazda,no,2016-03-04,0,23222,2016-04-02 07:45:47
2016-03-31 15:42:12,16910,wagon,1995,auto,198,3_reihe,150000,4,gasoline,peugeot,no,2016-03-31,0,30858,2016-04-23 05:35:27
2016-04-07 02:13:19,19474,sedan,2013,manual,114,transporter,70000,8,gasoline,volkswagen,,2016-04-07,0,16246,2016-04-10 22:30:53
2016-03-05 14:19:55,13207,,1998,,209,clubman,70000,11,petrol,mini,no,2016-03-05,0,33750,2016-03-09 07:36:34
2016-03-05 11:50:06,14091,wagon,1999,manual,178,leon,150000,0,electric,seat,no,2016-03-05,0,14043,2016-03-09 04:51:48
2016-03-27 00:47:30,16352,wagon,2012,manual,0,3_reihe,80000,1,electric,peugeot,yes,2016-03-27,0,36038,2016-03-27 06:41:39
2016-04-01 02:52:01,14127,small,1999,manual,245,fortwo,80000,0,gasoline,smart,,2016-04-01,0,66906,2016-04-28 13:34:42
2016-03-29 04:35:46,2667,small,2008,manual,141,ibiza,150000,9,other,seat,yes,2016-03-29,0,70343,2016-04-16 22:27:40
2016-03-19 13:28:52,21501,wagon,2013,manual,142,a1,90000,0,petrol,audi,no,2016-03-19,0,87831,2016-04-18 09:12:41
2016-04-06 11:40:57,22902,other,2012,,167,a4,150000,2,gasoline,audi,no,2016-04-06,0,48487,2016-04-15 02:49:34
2016-03-12 13:28:09,14619,other,1900,auto,172,panda,100000,0,petrol,fiat,no,2016-03-12,0,87034,2016-03-26 07:43:40
2016-03-25 14:10:42,23994,,1995,auto,235,fiesta,150000,2,gasoline,ford,no,2016-03-25,0,75181,2016-03-26 22:41:36
2016-04-04 22:46:57,7810,bus,2004,auto,182,x_reihe,150000,1,gasoline,bmw,,2016-04-04,0,98350,2016-04-08 23:46:38
2016-03-13 03:37:13,15617,bus,2008,auto,68,5_reihe,150000,3,other,peugeot,no,2016-03-13,0,68582,2016-03-27 22:10:48
2016-04-08 21:23:20,16481,,1998,manual,185,fabia,125000,0,gasoline,skoda,no,2016-04-08,0,50265,2016-04-17 12:04:56
2016-03-14 03:11:41,4728,small,2016,manual,156,leon,90000,10,petrol,seat,,2016-03-14,0,78043,2016-03-15 22:41:52
2016-03-09 15:21:32,7334,bus,2005,auto,55,a1,90000,3,petrol,audi,yes,2016-03-09,0,53223,2016-03-30 00:50:52
2016-03-13 22:57:49,21266,suv,1998,manual,160,transporter,30000,6,gasoline,volkswagen,no,2016-03-13,0,58012,2016-04-11 05:50:06
2016-04-01 00:25:35,6529,coupe,2009,manual,168,v40,150000,9,,volvo,yes,2016-04-01,0,68779,2016-04-11 02:40:43
2016-04-03 14:03:40,11783,sedan,1998,auto,62,2_reihe,150000,6,gasoline,peugeot,no,2016-04-03,0,91897,2016-04-12 06:05:10
2016-03-04 09:22:54,14164,sedan,2002,manual,135,golf,90000,5,gasoline,volkswagen,no,2016-03-04,0,30704,2016-03-08 22:50:52
2016-03-24 18:46:40,19977,wagon,2006,manual,139,i20,5000,2,other,hyundai,no,2016-03-24,0,91341,2016-04-01 15:22:18
2016-03-26 22:09:07,14179,small,2009,manual,95,berlingo,20000,8,gasoline,citroen,no,2016-03-26,0,32462,2016-03-30 14:24:52
2016-03-06 20:16:01,2929,wagon,1997,manual,145,tucson,150000,6,petrol,hyundai,yes,2016-03-06,0,87118,2016-03-31 11:32:35
2016-03-02 13:09:14,12014,other,2016,manual,92,yaris,70000,12,petrol,toyota,no,2016-03-02,0,10166,2016-03-08 10:35:49
2016-04-04 23:39:06,10007,coupe,2000,auto,213,punto,150000,10,gasoline,fiat,yes,2016-04-04,0,81250,2016-04-09 10:44:46
2016-03-11 13:44:34,36465,wagon,2012,auto,167,ka,125000,0,gasoline,ford,no,2016-03-11,0,87501,2016-04-08 13:05:38
2016-04-08 03:18:07,19209,bus,2001,manual,235,fabia,90000,7,petrol,skoda,no,2016-04-08,0,22088,2016-04-10 18:41:19
2016-04-03 07:10:40,22603,wagon,2006,auto,78,corolla,150000,8,,toyota,,2016-04-03,0,54989,2016-04-27 01:53:33
2016-03-07 01:06:35,10089,small,2014,manual,76,fortwo,90000,9,petrol,smart,,2016-03-07,0,47155,2016-03-28 17:22:52
2016-03-10 13:32:58,28421,sedan,2013,manual,95,500,60000,0,gasoline,fiat,no,2016-03-10,0,46740,2016-03-19 17:50:23
2016-04-06 17:08:13,11916,coupe,1999,manual,149,tucson,100000,5,other,hyundai,no,2016-04-06,0,94297,2016-04-23 23:01:32
2016-03-29 00:12:49,20732,bus,2011,manual,171,cooper,70000,5,,mini,no,2016-03-29,0,26217,2016-04-05 18:31:38
2016-03-30 09:24:08,17005,,2013,manual,183,forfour,60000,3,petrol,smart,,2016-03-30,0,37425,2016-03-31 15:53:13
2016-04-09 19:50:14,10140,coupe,1999,auto,242,c4,90000,10,gasoline,citroen,,2016-04-09,0,91854,2016-04-18 03:14:00
2016-03-04 09:10:52,19008,wagon,2012,manual,193,v40,150000,1,,volvo,no,2016-03-04,0,93742,2016-03-05 09:08:00
2016-03-27 14:14:51,24074,other,2013,auto,187,6_reihe,150000,9,other,mazda,no,2016-03-27,0,1987,2016-03-30 08:37:14
2016-03-29 13:23:09,2998,,1995,manual,74,6_reihe,150000,7,petrol,mazda,no,2016-03-29,0,58434,2016-03-30 05:13:15
2016-03-14 19:30:30,14690,suv,1998,manual,112,forfour,125000,2,gasoline,smart,,2016-03-14,0,53420,2016-03-20 11:43:33
2016-04-06 20:19:59,7560,sedan,1999,manual,90,polo,150000,7,gasoline,volkswagen,no,2016-04-06,0,3019,2016-04-22 17:11:42
2016-03-20 16:29:04,51242,wagon,2016,auto,113,micra,125000,4,electric,nissan,no,2016-03-20,0,54645,2016-04-15 06:38:11
2016-03-18 16:56:17,14038,coupe,2003,manual,172,tucson,150000,6,petrol,hyundai,no,2016-03-18,0,51937,2016-04-01 11:37:50
2016-03-28 07:28:20,14027,wagon,2006,,128,scenic,90000,1,gasoline,renault,no,2016-03-28,0,20736,2016-04-16 14:15:40
2016-03-02 13:18:00,33807,sedan,2012,manual,230,punto,100000,11,gasoline,fiat,no,2016-03-02,0,17682,2016-03-22 04:35:09
2016-03-01 02:58:00,33146,other,2001,auto,254,s_klasse,80000,7,gasoline,mercedes_benz,no,2016-03-01,0,10373,2016-03-16 10:54:58
2016-04-09 17:53:37,18008,sedan,2008,manual,197,micra,150000,7,gasoline,nissan,no,2016-04-09,0,27023,2016-05-03 11:17:47
2016-03-22 06:10:52,25506,wagon,2012,auto,49,golf,150000,3,petrol,volkswagen,,2016-03-22,0,74152,2016-04-04 18:01:52
2016-04-04 13:14:59,27678,sedan,2002,auto,247,clubman,150000,6,gasoline,mini,no,2016-04-04,0,29079,2016-05-04 02:45:17
2016-03-14 05:27:13,12288,,2008,manual,125,fabia,150000,4,petrol,skoda,no,2016-03-14,0,39284,2016-04-12 23:37:11
2016-03-04 19:05:32,20541,sedan,2013,manual,230,andere,150000,10,petrol,sonstige_autos,,2016-03-04,0,69564,2016-03-14 04:48:20
2016-03-07 13:03:29,41607,other,2016,manual,226,s60,150000,8,electric,volvo,no,2016-03-07,0,59036,2016-03-26 00:24:15
2016-03-28 18:41:13,14326,bus,1995,manual,224,punto,125000,12,gasoline,fiat,no,2016-03-28,0,10283,2016-04-23 19:54:28
2016-04-07 18:57:55,29726,suv,2013,manual,215,a_klasse,125000,3,petrol,mercedes_benz,no,2016-04-07,0,21743,2016-04-23 19:39:35
2016-03-07 07:49:00,14532,sedan,1999,auto,259,touran,150000,4,other,volkswagen,no,2016-03-07,0,31917,2016-03-23 08:39:24
2016-03-05 01:27:19,20275,sedan,2004,manual,151,,30000,3,gasoline,ford,,2016-03-05,0,58112,2016-03-19 23:04:42
2016-03-10 19:36:40,11653,,2007,manual,200,fortwo,90000,9,other,smart,no,2016-03-10,0,74954,2016-04-04 12:23:05
2016-04-02 00:00:24,13665,sedan,2002,manual,254,c4,125000,11,petrol,citroen,no,2016-04-02,0,62583,2016-04-18 10:55:30
2016-03-10 05:59:42,9578,,2011,manual,181,3er,150000,12,petrol,bmw,yes,2016-03-10,0,88364,2016-03-25 22:10:08
2016-04-06 02:46:41,17170,wagon,2003,manual,149,5_reihe,125000,2,,peugeot,no,2016-04-06,0,91189,2016-04-12 20:37:23
2016-04-01 20:24:13,7187,wagon,2008,manual,100,golf,70000,8,petrol,volkswagen,yes,2016-04-01,0,48130,2016-04-22 17:38:14
2016-03-05 11:56:10,15256,wagon,2007,manual,163,octavia,5000,9,,skoda,no,2016-03-05,0,91598,2016-03-17 07:28:49
2016-03-30 16:48:00,14829,small,2009,manual,223,c4,150000,2,gasoline,citroen,,2016-03-30,0,81720,2016-04-26 15:47:31
2016-04-02 12:23:11,52012,convertible,2014,auto,60,clio,20000,4,petrol,renault,no,2016-04-02,0,22606,2016-04-03 10:09:00
2016-03-15 07:54:49,12320,small,2006,manual,123,a3,70000,0,gasoline,audi,no,2016-03-15,0,66164,2016-04-01 05:03:58
2016-03-18 04:24:17,36238,other,2013,auto,126,ibiza,100000,2,gasoline,seat,no,2016-03-18,0,78078,2016-04-12 17:47:38
2016-04-06 10:14:02,11301,other,2002,manual,245,a4,150000,2,,audi,no,2016-04-06,0,39774,2016-04-20 15:41:02
2016-03-11 17:41:50,11956,convertible,1998,manual,40,berlingo,150000,6,hybrid,citroen,no,2016-03-11,0,80850,2016-04-10 01:12:41
2016-03-08 14:28:59,11054,,1999,manual,238,scenic,150000,8,petrol,renault,no,2016-03-08,0,17251,2016-03-09 00:35:47
2016-03-25 10:02:49,15455,bus,1996,manual,131,ibiza,60000,8,,seat,no,2016-03-25,0,15071,2016-04-19 10:42:51
2016-03-11 11:07:36,13070,sedan,2000,manual,153,superb,150000,0,gasoline,skoda,no,2016-03-11,0,86371,2016-03-25 12:20:49
2016-03-16 22:28:06,14878,small,2011,manual,250,andere,150000,9,petrol,sonstige_autos,,2016-03-16,0,21985,2016-03-20 23:22:26
2016-03-15 01:08:27,41393,other,2014,auto,223,500,10000,1,gasoline,fiat,no,2016-03-15,0,81015,2016-03-29 03:21:10
2016-04-04 09:57:22,5043,suv,2001,manual,72,3_reihe,125000,0,petrol,peugeot,,2016-04-04,0,27610,2016-04-12 00:58:57
2016-03-26 22:58:04,28557,bus,2010,auto,68,forfour,5000,3,lpg,smart,no,2016-03-26,0,87439,2016-03-29 00:37:49
2016-04-09 17:37:00,10436,other,1999,auto,96,fortwo,125000,2,petrol,smart,no,2016-04-09,0,49428,2016-04-10 20:56:41
2016-03-23 08:31:22,23952,bus,1995,auto,165,qashqai,5000,11,petrol,nissan,no,2016-03-23,0,22195,2016-04-03 01:01:49
2016-03-17 13:09:08,9613,small,2002,auto,112,andere,125000,1,,sonstige_autos,no,2016-03-17,0,22492,2016-04-14 01:21:32
2016-03-21 09:51:26,8838,other,2001,manual,70,v40,125000,11,petrol,volvo,no,2016-03-21,0,97582,2016-03-22 22:10:35
2016-04-03 05:39:10,22432,other,2013,manual,49,altea,5000,1,gasoline,seat,no,2016-04-03,0,68907,2016-04-24 15:28:36
2016-03-13 09:52:19,4924,coupe,2004,manual,63,v70,150000,7,lpg,volvo,yes,2016-03-13,0,14522,2016-03-30 10:26:05
2016-04-06 23:25:53,7075,small,1997,manual,57,s60,150000,10,hybrid,volvo,no,2016-04-06,0,61730,2016-04-09 01:29:38
2016-03-30 20:31:33,26795,convertible,2002,auto,106,forfour,150000,5,gasoline,smart,no,2016-03-30,0,61450,2016-04-03 03:21:44
2016-03-08 04:24:35,4218,wagon,2003,manual,125,a4,90000,11,other,audi,yes,2016-03-08,0,45570,2016-03-10 17:54:10
2016-04-05 02:44:50,7443,small,2010,manual,121,fortwo,80000,8,other,smart,no,2016-04-05,0,20425,2016-05-02 06:55:54
2016-03-22 10:55:39,41430,bus,2013,manual,212,micra,150000,0,electric,nissan,no,2016-03-22,0,32712,2016-04-09 23:33:17
2016-04-02 13:53:30,8962,small,2013,manual,191,2_reihe,150000,8,petrol,peugeot,,2016-04-02,0,62823,2016-04-04 00:59:34
2016-04-07 20:55:16,17757,suv,1998,auto,168,note,150000,5,petrol,nissan,no,2016-04-07,0,84831,2016-04-14 05:17:29
2016-03-05 02:38:17,30496,,2009,manual,43,zafira,70000,5,hybrid,opel,no,2016-03-05,0,92515,2016-03-22 00:08:07
2016-03-12 11:41:43,14441,,1998,auto,118,fiesta,150000,12,gasoline,ford,no,2016-03-12,0,39617,2016-04-07 08:09:00
2016-04-01 14:27:48,12114,sedan,1999,,193,clubman,80000,10,petrol,mini,no,2016-04-01,0,48116,2016-04-20 14:52:54
2016-03-09 23:49:38,10473,sedan,2015,manual,202,q5,125000,11,gasoline,audi,yes,2016-03-09,0,35194,2016-03-18 04:40:08
2016-03-31 16:27:16,9941,,2008,auto,73,forfour,150000,2,gasoline,smart,,2016-03-31,0,41564,2016-04-25 17:32:05
2016-03-15 01:52:39,20977,other,1997,manual,121,clubman,125000,10,electric,mini,no,2016-03-15,0,11098,2016-04-06 14:05:49
2016-03-29 11:14:37,7616,small,2000,manual,247,superb,150000,5,petrol,skoda,,2016-03-29,0,10860,2016-04-06 23:12:39
2016-03-02 19:21:50,28958,coupe,2016,auto,197,insignia,90000,3,petrol,opel,,2016-03-02,0,47425,2016-03-22 05:26:40
2016-04-09 17:43:06,21829,coupe,2011,manual,84,s_klasse,90000,6,,mercedes_benz,no,2016-04-09,0,74015,2016-04-19 06:30:24
2016-04-05 07:32:44,15504,small,2010,manual,253,5_reihe,100000,10,gasoline,peugeot,no,2016-04-05,0,64199,2016-05-01 16:34:25
2016-03-17 16:32:16,8884,bus,2000,manual,153,forfour,150000,0,,smart,no,2016-03-17,0,69578,2016-03-19 23:21:46
2016-04-04 08:46:41,13483,sedan,1998,auto,228,,150000,4,petrol,seat,,2016-04-04,0,5968,2016-04-09 05:22:31
2016-03-22 19:33:25,15798,,2012,manual,186,avensis,150000,9,gasoline,toyota,no,2016-03-22,0,18292,2016-04-10 18:51:51
2016-03-09 15:45:54,26367,other,2002,auto,142,mondeo,60000,8,,ford,,2016-03-09,0,22231,2016-03-14 10:20:25
2016-03-03 03:44:46,10974,other,2004,manual,122,octavia,150000,0,,skoda,no,2016-03-03,0,66844,2016-03-08 13:53:09
2016-03-20 15:38:36,9455,suv,2006,manual,186,1er,100000,6,petrol,bmw,yes,2016-03-20,0,57092,2016-03-31 07:56:20
2016-03-24 23:56:33,31653,coupe,2012,manual,112,polo,125000,2,,volkswagen,no,2016-03-24,0,52925,2016-03-27 07:54:07
2016-03-17 17:47:14,4698,sedan,1995,manual,83,2_reihe,150000,8,gasoline,peugeot,no,2016-03-17,0,94725,2016-03-31 05:33:55
2016-03-05 21:37:44,19411,,2014,manual,256,qashqai,150000,5,gasoline,nissan,no,2016-03-05,0,39412,2016-04-04 02:16:23
2016-03-23 07:58:09,18954,other,2012,manual,151,leon,150000,6,petrol,seat,no,2016-03-23,0,42029,2016-04-21 19:22:51
2016-03-06 07:24:22,17065,coupe,2001,manual,169,berlingo,125000,2,gasoline,citroen,no,2016-03-06,0,41969,2016-03-11 12:44:42
2016-03-21 10:39:15,8542,sedan,2002,manual,122,,80000,4,other,seat,no,2016-03-21,0,52703,2016-04-13 20:06:31
2016-03-17 23:50:45,7901,wagon,2005,manual,259,scenic,100000,1,other,renault,,2016-03-17,0,23833,2016-04-04 11:59:31
2016-03-19 15:46:47,21766,coupe,2004,manual,224,3_reihe,150000,5,petrol,peugeot,,2016-03-19,0,73893,2016-04-06 09:16:43
2016-03-09 11:25:30,19802,suv,2003,manual,182,andere,150000,10,petrol,sonstige_autos,no,2016-03-09,0,54338,2016-03-18 05:51:25
2016-03-14 21:23:02,3800,sedan,2000,manual,79,fortwo,80000,6,,smart,yes,2016-03-14,0,15995,2016-03-29 21:06:12
2016-03-24 04:40:49,4004,small,1998,auto,146,3_reihe,70000,12,petrol,peugeot,,2016-03-24,0,57610,2016-04-12 12:50:41
2016-03-10 04:01:41,15272,other,2009,manual,88,3_reihe,10000,1,other,peugeot,,2016-03-10,0,35992,2016-03-24 13:35:42
2016-04-05 05:23:45,12060,other,1998,auto,56,e_klasse,100000,9,gasoline,mercedes_benz,no,2016-04-05,0,96375,2016-04-27 03:58:11
2016-03-11 23:08:56,8229,small,2010,manual,174,a3,150000,4,other,audi,no,2016-03-11,0,58049,2016-04-09 00:21:57
2016-03-21 05:34:33,8074,wagon,1999,manual,105,,30000,3,gasoline,nissan,yes,2016-03-21,0,8167,2016-04-12 07:24:33
2016-03-16 02:48:52,17408,wagon,1999,manual,140,7er,150000,9,hybrid,bmw,no,2016-03-16,0,51943,2016-03-29 01:04:54
2016-03-15 02:10:37,11441,sedan,2001,manual,139,2_reihe,150000,12,gasoline,mazda,no,2016-03-15,0,35298,2016-04-08 16:11:18
2016-04-08 13:24:42,17414,small,2014,auto,102,megane,40000,7,petrol,renault,no,2016-04-08,0,27729,2016-05-02 14:53:26
2016-03-16 05:16:14,8785,sedan,2002,manual,104,octavia,60000,6,petrol,skoda,no,2016-03-16,0,8414,2016-04-09 18:01:55
2016-03-05 00:14:43,4814,small,2000,manual,201,e_klasse,125000,11,other,mercedes_benz,no,2016-03-05,0,55907,2016-03-19 22:16:24
2016-03-19 20:19:10,18272,bus,2001,manual,231,q5,60000,5,gasoline,audi,no,2016-03-19,0,93969,2016-04-12 14:13:10
2016-03-17 22:26:44,4384,,1998,manual,55,c3,150000,2,gasoline,citroen,,2016-03-17,0,49962,2016-03-25 23:13:55
2016-04-07 13:50:50,25283,bus,2006,manual,141,mondeo,125000,7,electric,ford,no,2016-04-07,0,50619,2016-05-02 11:23:10
2016-03-08 16:34:13,13459,convertible,2007,manual,195,tucson,125000,5,hybrid,hyundai,yes,2016-03-08,0,56095,2016-03-18 17:17:23
2016-03-10 11:58:01,11732,wagon,2013,manual,110,superb,150000,2,other,skoda,no,2016-03-10,0,22277,2016-04-02 20:05:37
2016-03-25 07:34:29,36963,coupe,2013,manual,229,andere,150000,7,gasoline,sonstige_autos,no,2016-03-25,0,54668,2016-04-17 22:51:47
2016-03-15 21:47:44,17587,wagon,1997,manual,102,fabia,30000,2,gasoline,skoda,no,2016-03-15,0,47967,2016-03-18 01:57:01
2016-03-07 06:52:31,23701,convertible,2000,manual,151,vectra,80000,5,petrol,opel,no,2016-03-07,0,61466,2016-04-03 20:47:16
2016-03-06 20:11:08,8171,coupe,1996,manual,0,a4,60000,4,,audi,yes,2016-03-06,0,55312,2016-03-30 17:51:34
2016-03-10 17:19:48,32140,other,2005,manual,244,a1,30000,6,hybrid,audi,no,2016-03-10,0,5113,2016-04-07 12:26:57
2016-04-08 19:28:47,12286,wagon,1999,manual,171,avensis,70000,0,lpg,toyota,no,2016-04-08,0,14483,2016-04-30 22:16:43
2016-03-02 20:00:45,10035,,2008,manual,245,megane,90000,11,gasoline,renault,yes,2016-03-02,0,62008,2016-03-10 05:19:45
2016-04-03 07:37:49,3402,coupe,2003,manual,76,polo,125000,4,gasoline,volkswagen,yes,2016-04-03,0,22153,2016-04-18 07:00:38
2016-04-06 19:48:00,24588,wagon,2011,auto,127,a_klasse,125000,9,petrol,mercedes_benz,no,2016-04-06,0,94092,2016-04-15 07:42:31
2016-03-31 14:09:56,24208,coupe,2011,manual,100,tiguan,125000,3,,volkswagen,no,2016-03-31,0,4241,2016-04-18 09:06:14
2016-03-06 15:38:16,43503,suv,1997,auto,148,v70,5000,6,gasoline,volvo,,2016-03-06,0,71135,2016-03-20 07:44:03
2016-03-08 03:17:08,23267,sedan,2015,manual,258,passat,40000,9,petrol,volkswagen,no,2016-03-08,0,81461,2016-03-19 19:18:36
2016-03-31 07:53:19,4595,small,2008,manual,97,s60,150000,3,gasoline,volvo,yes,2016-03-31,0,64992,2016-04-20 00:12:37
2016-03-01 09:33:03,12173,other,2005,manual,0,megane,150000,9,gasoline,renault,no,2016-03-01,0,44826,2016-03-01 18:22:24
2016-03-25 04:43:02,20570,sedan,2010,manual,142,megane,5000,5,petrol,renault,no,2016-03-25,0,80041,2016-03-27 12:18:34
2016-03-02 09:54:01,14328,sedan,1997,manual,241,c4,125000,8,gasoline,citroen,,2016-03-02,0,42107,2016-03-07 00:21:49
2016-03-11 12:45:30,4892,small,2009,manual,234,megane,125000,12,gasoline,renault,,2016-03-11,0,10781,2016-04-06 17:35:16
2016-03-07 06:22:37,41884,wagon,2008,auto,73,altea,125000,7,hybrid,seat,no,2016-03-07,0,1230,2016-03-28 13:57:41
2016-03-19 03:50:18,17967,sedan,2004,auto,212,insignia,125000,7,petrol,opel,no,2016-03-19,0,2093,2016-03-19 13:28:48
2016-03-14 23:06:38,12708,wagon,2006,manual,194,avensis,150000,5,other,toyota,no,2016-03-14,0,7546,2016-03-16 15:57:17
2016-04-04 13:32:53,12846,small,2015,manual,81,ibiza,10000,9,petrol,seat,no,2016-04-04,0,27612,2016-04-20 15:09:24
2016-03-10 18:14:07,13076,wagon,2005,manual,56,mondeo,150000,4,hybrid,ford,no,2016-03-10,0,62976,2016-04-05 04:30:41
2016-03-15 17:04:13,11028,small,2004,manual,101,corolla,60000,2,gasoline,toyota,no,2016-03-15,0,8937,2016-04-05 15:41:12
2016-04-05 19:38:23,10672,other,1999,auto,97,twingo,150000,4,petrol,renault,no,2016-04-05,0,50767,2016-04-28 02:33:10
2016-04-06 15:45:00,10236,bus,1995,manual,0,passat,150000,8,petrol,volkswagen,no,2016-04-06,0,40274,2016-05-02 10:47:45
2016-03-03 13:17:49,12878,sedan,2007,manual,124,c_klasse,20000,7,other,mercedes_benz,no,2016-03-03,0,93424,2016-04-01 08:40:13
2016-04-07 12:04:21,4610,small,2001,manual,51,3_reihe,125000,1,petrol,mazda,,2016-04-07,0,20988,2016-04-23 20:59:03
2016-03-31 11:28:00,15292,small,2016,manual,243,passat,150000,10,gasoline,volkswagen,no,2016-03-31,0,81820,2016-04-20 10:04:55
2016-03-17 17:46:12,33315,,2014,manual,243,,150000,4,electric,mini,no,2016-03-17,0,21515,2016-04-08 08:58:48
2016-04-08 21:27:06,16360,sedan,2005,,143,clubman,150000,1,gasoline,mini,no,2016-04-08,0,70866,2016-04-16 11:11:50
2016-03-04 08:30:59,9723,other,2012,manual,212,q5,150000,10,gasoline,audi,yes,2016-03-04,0,48778,2016-03-20 20:19:52
2016-03-25 18:58:19,11727,bus,2011,manual,56,q5,150000,11,other,audi,no,2016-03-25,0,13774,2016-04-20 22:12:19
2016-03-02 14:17:44,5500,other,2001,,211,6_reihe,60000,9,,mazda,,2016-03-02,0,37673,2016-03-20 23:10:20
2016-03-09 22:41:15,23678,suv,2008,auto,88,altea,150000,6,gasoline,seat,no,2016-03-09,0,77923,2016-03-22 23:29:33
2016-03-27 02:52:56,21071,wagon,2004,manual,111,2_reihe,150000,8,gasoline,mazda,no,2016-03-27,0,81188,2016-03-31 01:34:57
2016-03-03 02:02:06,10959,small,2013,manual,234,,125000,11,gasoline,ford,no,2016-03-03,0,46014,2016-03-05 05:23:20
2016-03-24 13:14:49,46727,coupe,2015,manual,75,1er,80000,6,electric,bmw,,2016-03-24,0,33139,2016-03-27 03:04:06
2016-04-09 21:30:17,25953,wagon,1996,auto,220,corolla,70000,10,gasoline,toyota,no,2016-04-09,0,48711,2016-04-16 15:31:11
2016-03-04 12:49:36,26346,suv,2015,manual,218,fortwo,90000,12,other,smart,,2016-03-04,0,63568,2016-03-23 18:01:29
2016-03-11 02:57:58,0,sedan,2006,manual,259,,150000,7,gasoline,mercedes_benz,,2016-03-11,0,13691,2016-03-30 18:15:05
2016-03-18 06:39:41,13494,other,2003,manual,146,500,150000,0,petrol,fiat,no,2016-03-18,0,29031,2016-04-14 03:57:15
2016-03-29 06:55:42,25533,sedan,2013,manual,174,clubman,30000,8,petrol,mini,no,2016-03-29,0,37509,2016-04-11 13:02:14
2016-04-05 12:18:37,17843,other,2000,manual,120,3er,60000,12,gasoline,bmw,no,2016-04-05,0,70452,2016-04-12 12:36:18
2016-03-09 22:54:31,19155,wagon,1998,manual,221,octavia,70000,3,gasoline,skoda,no,2016-03-09,0,47081,2016-04-06 10:35:35
2016-03-29 01:32:10,28832,wagon,2009,auto,124,punto,100000,0,petrol,fiat,no,2016-03-29,0,90421,2016-04-23 21:20:41
2016-03-31 21:17:42,23405,,2013,manual,215,panda,90000,9,,fiat,no,2016-03-31,0,38215,2016-04-09 14:41:54
2016-03-15 18:48:28,37357,sedan,2016,,56,,60000,12,electric,skoda,no,2016-03-15,0,25689,2016-03-27 11:15:03
2016-04-02 03:04:44,16857,bus,2002,manual,242,forfour,125000,2,petrol,smart,,2016-04-02,0,54661,2016-04-08 12:42:35
2016-03-27 04:34:05,7097,small,1997,manual,167,cooper,60000,5,petrol,mini,no,2016-03-27,0,47613,2016-04-08 01:14:00
2016-03-10 04:48:10,7129,wagon,1999,manual,215,v70,125000,8,gasoline,volvo,yes,2016-03-10,0,75172,2016-03-10 15:15:49
2016-03-07 09:31:05,28731,convertible,2006,manual,94,mondeo,80000,1,hybrid,ford,,2016-03-07,0,56383,2016-03-28 18:24:27
2016-03-24 12:57:56,3511,small,2007,manual,110,fortwo,125000,11,gasoline,smart,yes,2016-03-24,0,97549,2016-04-20 08:58:00
2016-03-17 04:55:13,0,sedan,2001,,226,c4,150000,3,gasoline,citroen,no,2016-03-17,0,6134,2016-04-14 22:39:44
2016-03-09 13:06:52,32762,suv,2012,auto,72,tiguan,125000,5,petrol,volkswagen,,2016-03-09,0,67645,2016-03-30 11:16:49
2016-03-09 23:33:26,27216,convertible,2010,manual,0,,125000,10,cng,nissan,no,2016-03-09,0,54882,2016-04-01 03:35:44
2016-03-05 06:38:17,35726,other,2016,auto,211,v40,125000,3,petrol,volvo,,2016-03-05,0,36018,2016-03-10 07:53:52
2016-03-18 20:32:02,14228,wagon,2000,manual,56,note,125000,4,gasoline,nissan,no,2016-03-18,0,62124,2016-03-21 19:19:37
2016-03-13 09:53:21,12306,small,2010,manual,155,c3,30000,4,,citroen,no,2016-03-13,0,44568,2016-04-02 06:58:39
2016-03-08 07:10:10,21520,,2002,auto,251,tucson,150000,9,other,hyundai,no,2016-03-08,0,2878,2016-03-13 09:08:30
2016-03-07 11:37:51,21740,suv,2014,manual,60,superb,125000,4,gasoline,skoda,no,2016-03-07,0,71641,2016-03-13 06:47:42
2016-04-08 15:41:34,12079,small,2012,auto,112,leon,150000,4,other,seat,no,2016-04-08,0,74424,2016-04-20 21:26:24
2016-03-29 20:23:50,21937,convertible,2005,manual,259,v70,90000,10,petrol,volvo,no,2016-03-29,0,97541,2016-04-23 18:03:07
2016-03-25 03:50:14,16859,sedan,2003,manual,115,forfour,40000,5,gasoline,smart,no,2016-03-25,0,65928,2016-04-19 11:37:52
2016-04-09 13:31:10,21337,sedan,2015,manual,245,v70,150000,2,gasoline,volvo,no,2016-04-09,0,35755,2016-04-26 14:28:11
2016-03-05 01:47:34,2507,,1995,manual,42,,150000,11,other,renault,no,2016-03-05,0,15052,2016-03-08 11:14:07
2016-03-01 13:43:51,13247,wagon,2010,manual,226,cooper,150000,10,other,mini,no,2016-03-01,0,36139,2016-03-01 15:39:07
2016-03-06 19:15:36,13142,wagon,2003,auto,106,tiguan,150000,7,other,volkswagen,no,2016-03-06,0,57115,2016-04-01 19:15:44
2016-03-16 18:31:13,10524,sedan,2007,manual,254,megane,150000,7,gasoline,renault,yes,2016-03-16,0,9556,2016-04-03 03:18:44
2016-03-06 21:27:24,16077,wagon,2007,manual,199,i20,150000,2,petrol,hyundai,no,2016-03-06,0,95213,2016-03-31 19:17:52
2016-03-23 02:29:43,10961,small,2006,manual,173,x_reihe,150000,3,gasoline,bmw,no,2016-03-23,0,25577,2016-04-06 04:37:43
2016-03-25 19:19:40,32207,bus,2006,manual,241,tucson,40000,7,gasoline,hyundai,,2016-03-25,0,23602,2016-04-17 08:38:22
2016-03-11 14:30:27,29343,convertible,2010,manual,110,3_reihe,60000,6,gasoline,peugeot,no,2016-03-11,0,57997,2016-04-02 20:36:57
2016-03-31 16:39:11,13732,bus,2004,manual,211,corolla,150000,4,other,toyota,no,2016-03-31,0,33420,2016-04-28 07:12:02
2016-03-23 19:42:55,7958,sedan,2010,manual,182,insignia,125000,8,gasoline,opel,yes,2016-03-23,0,90964,2016-04-15 04:58:05
2016-03-19 01:36:49,11990,other,2000,manual,147,altea,150000,12,gasoline,seat,,2016-03-19,0,56628,2016-04-17 12:16:13
2016-03-04 07:10:25,16763,sedan,1997,auto,133,avensis,150000,1,electric,toyota,no,2016-03-04,0,60615,2016-03-21 04:47:41
2016-03-21 04:33:16,7297,small,2012,manual,86,1er,150000,2,other,bmw,no,2016-03-21,0,5866,2016-03-22 18:01:44
2016-03-23 16:10:24,7031,sedan,2009,manual,247,clubman,150000,7,other,mini,yes,2016-03-23,0,31610,2016-03-26 09:46:25
2016-04-06 10:08:40,16546,other,2012,manual,50,c4,70000,12,gasoline,citroen,no,2016-04-06,0,33461,2016-05-02 10:15:50
2016-03-15 08:40:19,41497,convertible,2013,manual,213,fortwo,30000,1,gasoline,smart,,2016-03-15,0,95023,2016-03-21 02:54:15
2016-04-08 23:18:49,25119,coupe,2011,manual,170,superb,125000,9,petrol,skoda,,2016-04-08,0,22453,2016-04-23 17:03:31
2016-04-05 07:02:14,13959,coupe,2006,manual,50,v40,150000,2,other,volvo,no,2016-04-05,0,96723,2016-04-30 22:46:09
2016-04-02 09:49:10,7164,sedan,2013,manual,135,c_klasse,150000,10,,mercedes_benz,,2016-04-02,0,58777,2016-04-21 04:43:27
2016-04-01 00:58:36,14028,,1997,manual,235,2_reihe,125000,5,gasoline,mazda,,2016-04-01,0,8443,2016-04-16 04:34:01
2016-03-28 22:06:38,7465,sedan,2002,auto,75,v70,150000,4,petrol,volvo,no,2016-03-28,0,69649,2016-04-22 01:02:18
2016-03-08 09:26:04,13689,sedan,2003,manual,201,a3,100000,12,petrol,audi,no,2016-03-08,0,93669,2016-03-31 07:16:53
2016-03-08 09:31:45,6835,sedan,2010,manual,159,i30,30000,0,,hyundai,yes,2016-03-08,0,10373,2016-03-15 08:32:28
2016-03-29 08:52:26,14614,wagon,1995,manual,187,s60,150000,7,gasoline,volvo,,2016-03-29,0,4446,2016-04-23 22:44:07
2016-03-09 06:05:02,14291,,2000,manual,210,avensis,30000,10,gasoline,toyota,yes,2016-03-09,0,86545,2016-03-31 08:45:28
2016-03-15 12:30:25,5647,other,2013,manual,157,note,100000,4,other,nissan,yes,2016-03-15,0,97023,2016-03-22 14:14:53
2016-03-31 03:59:13,14289,other,1996,manual,236,qashqai,100000,12,petrol,nissan,no,2016-03-31,0,66662,2016-04-17 14:59:23
2016-03-18 16:04:53,4896,sedan,2007,manual,157,fortwo,150000,12,lpg,smart,yes,2016-03-18,0,10605,2016-04-13 16:33:41
2016-03-29 06:52:15,6578,small,1999,manual,111,scenic,125000,9,gasoline,renault,no,2016-03-29,0,32407,2016-04-09 11:10:10
2016-03-04 23:52:27,5471,,1998,manual,182,vectra,50000,1,,opel,yes,2016-03-04,0,67326,2016-04-02 09:26:22
2016-04-04 08:29:40,16194,coupe,1998,manual,139,cooper,5000,12,petrol,mini,no,2016-04-04,0,25332,2016-04-10 19:41:13
2016-03-07 12:47:08,26042,other,2006,auto,179,fortwo,150000,3,gasoline,smart,no,2016-03-07,0,55714,2016-03-24 16:34:47
2016-03-19 15:21:28,4897,small,2016,manual,224,a_klasse,125000,6,gasoline,mercedes_benz,yes,2016-03-19,0,91981,2016-04-03 00:03:20
2016-03-13 14:27:14,14677,suv,1999,manual,111,2_reihe,150000,7,gasoline,peugeot,no,2016-03-13,0,52040,2016-03-30 21:13:05
2016-04-04 09:39:19,27722,convertible,2007,manual,160,andere,125000,9,gasoline,sonstige_autos,no,2016-04-04,0,72435,2016-04-09 21:07:41
2016-03-11 05:00:04,8623,small,2004,manual,0,a1,150000,7,gasoline,audi,,2016-03-11,0,39950,2016-03-18 04:20:05
2016-03-07 15:08:23,24095,other,2010,auto,167,tucson,100000,10,petrol,hyundai,no,2016-03-07,0,7151,2016-03-24 03:24:53
2016-03-17 21:38:53,30488,coupe,2012,manual,50,astra,40000,12,hybrid,opel,no,2016-03-17,0,63480,2016-04-10 03:09:59
2016-03-07 12:28:09,21212,bus,2016,manual,70,zafira,80000,11,other,opel,,2016-03-07,0,2334,2016-03-23 21:30:12
2016-03-31 06:30:40,8369,small,2006,manual,174,note,150000,6,petrol,nissan,no,2016-03-31,0,90342,2016-04-08 00:05:30
2016-03-02 16:10:40,13726,wagon,1995,manual,252,,150000,7,petrol,hyundai,no,2016-03-02,0,57012,2016-03-04 07:49:35
2016-03-09 01:24:17,17025,suv,2002,manual,130,clio,100000,10,petrol,renault,no,2016-03-09,0,20023,2016-03-16 15:02:12
2016-03-07 08:31:39,19560,convertible,2016,manual,115,andere,150000,5,petrol,sonstige_autos,no,2016-03-07,0,2192,2016-03-19 13:11:29
2016-03-30 11:39:24,8846,sedan,1997,manual,122,golf,50000,9,petrol,volkswagen,no,2016-03-30,0,37034,2016-04-08 12:40:25
2016-03-07 04:21:10,14941,other,1995,manual,171,clubman,125000,5,gasoline,mini,no,2016-03-07,0,65056,2016-04-02 16:06:47
2016-04-07 12:42:56,48655,suv,2010,manual,220,note,125000,11,hybrid,nissan,no,2016-04-07,0,97024,2016-04-25 16:08:05
2016-03-05 14:34:32,7126,sedan,2007,manual,220,punto,150000,9,petrol,fiat,yes,2016-03-05,0,87535,2016-03-29 08:16:30
2016-03-24 23:34:29,0,sedan,2011,auto,76,insignia,20000,1,,opel,,2016-03-24,0,1966,2016-04-04 23:44:46
2016-03-26 02:56:47,22799,suv,1997,manual,101,a3,50000,11,gasoline,audi,no,2016-03-26,0,40582,2016-03-31 04:31:37
2016-03-02 10:53:50,14818,sedan,1998,manual,258,andere,150000,6,gasoline,sonstige_autos,no,2016-03-02,0,69042,2016-03-18 20:55:57
2016-03-01 01:52:51,5706,small,1998,auto,91,zafira,150000,10,other,opel,no,2016-03-01,0,31291,2016-03-09 18:18:02
2016-03-25 02:46:30,26689,,2011,manual,244,,150000,12,gasoline,mercedes_benz,no,2016-03-25,0,63609,2016-04-09 10:20:32
2016-03-23 12:23:53,8894,small,2007,,112,2_reihe,150000,6,other,mazda,no,2016-03-23,0,26114,2016-04-21 12:03:37
2016-03-31 17:53:49,12720,sedan,1997,auto,139,c4,150000,5,gasoline,citroen,no,2016-03-31,0,65724,2016-04-16 16:16:20
2016-03-23 12:34:39,10286,,2016,auto,93,,150000,4,other,volkswagen,no,2016-03-23,0,35178,2016-04-20 03:41:34
2016-03-14 08:11:25,20107,coupe,2006,auto,183,v70,150000,11,other,volvo,,2016-03-14,0,8013,2016-03-19 18:17:20
2016-04-01 13:10:20,25485,coupe,2002,manual,191,a_klasse,40000,9,petrol,mercedes_benz,,2016-04-01,0,76785,2016-04-23 07:18:23
2016-03-26 01:39:48,17792,suv,2002,manual,157,vectra,150000,3,lpg,opel,no,2016-03-26,0,25095,2016-03-26 02:36:02
2016-03-20 18:22:24,19246,other,2008,auto,49,i20,150000,2,gasoline,hyundai,,2016-03-20,0,64284,2016-04-06 00:33:47
2016-03-01 17:04:24,11348,other,1998,manual,224,cooper,150000,12,gasoline,mini,no,2016-03-01,0,65758,2016-03-07 13:37:04
2016-03-17 09:27:47,27451,sedan,2009,manual,229,panda,150000,6,gasoline,fiat,no,2016-03-17,0,32632,2016-03-18 09:56:52
2016-03-07 10:19:01,23979,wagon,2014,manual,82,andere,30000,9,petrol,sonstige_autos,no,2016-03-07,0,43745,2016-03-13 09:21:03
2016-03-22 08:22:41,25382,,2016,manual,152,a4,125000,5,other,audi,no,2016-03-22,0,68156,2016-04-14 09:22:07
2016-03-04 14:46:55,8526,bus,2014,manual,198,q5,125000,1,,audi,yes,2016-03-04,0,93616,2016-03-21 03:55:45
2016-03-13 04:30:57,20793,,2016,manual,144,3er,60000,5,other,bmw,no,2016-03-13,0,66993,2016-03-16 15:44:50
2016-03-11 17:56:00,23546,convertible,1998,auto,242,6_reihe,150000,12,petrol,mazda,no,2016-03-11,0,24366,2016-04-04 05:02:40
2016-03-16 08:24:32,10276,suv,2010,manual,109,andere,150000,5,gasoline,sonstige_autos,yes,2016-03-16,0,16879,2016-04-08 20:28:15
2016-03-10 15:24:56,17060,other,2006,auto,156,altea,150000,4,petrol,seat,no,2016-03-10,0,50537,2016-04-06 15:50:36
2016-03-12 03:00:09,25333,sedan,2012,,168,c3,150000,2,gasoline,citroen,no,2016-03-12,0,53297,2016-04-09 03:42:41
2016-03-25 00:31:27,56625,convertible,2013,,64,a4,30000,12,hybrid,audi,no,2016-03-25,0,76275,2016-04-13 01:39:24
2016-03-31 02:45:49,81661,convertible,2004,auto,208,note,50000,4,,nissan,no,2016-03-31,0,55052,2016-04-11 05:18:46
2016-03-11 14:36:26,28022,other,2009,manual,182,berlingo,90000,7,electric,citroen,no,2016-03-11,0,34338,2016-03-30 00:21:03
2016-03-23 11:02:52,9223,small,2006,auto,148,panda,150000,9,,fiat,no,2016-03-23,0,36226,2016-03-23 15:23:59
2016-03-07 08:40:55,23942,coupe,2002,auto,191,superb,70000,4,other,skoda,no,2016-03-07,0,60804,2016-03-16 14:25:38
2016-03-14 00:24:57,11312,,2004,manual,158,a_klasse,125000,3,cng,mercedes_benz,no,2016-03-14,0,59040,2016-04-12 06:31:44
2016-03-19 17:20:21,9201,small,2012,manual,65,twingo,150000,10,,renault,no,2016-03-19,0,24764,2016-03-27 12:44:03
2016-03-07 22:21:34,14198,wagon,2009,manual,105,forfour,60000,11,petrol,smart,no,2016-03-07,0,32645,2016-03-23 08:41:59
2016-04-06 21:15:17,3446,other,2002,manual,115,,150000,0,gasoline,smart,yes,2016-04-06,0,44825,2016-04-08 04:30:45
2016-03-07 07:22:40,13119,small,1999,auto,46,forfour,10000,7,gasoline,smart,no,2016-03-07,0,66777,2016-04-03 07:51:32
2016-03-23 09:10:57,9663,sedan,2001,auto,161,a_klasse,100000,5,gasoline,mercedes_benz,yes,2016-03-23,0,90930,2016-03-30 16:15:20
2016-03-23 02:35:48,12366,other,1996,manual,83,,40000,9,petrol,mercedes_benz,,2016-03-23,0,73705,2016-04-01 01:48:23
2016-03-17 22:48:56,25351,coupe,2012,manual,253,a3,125000,6,petrol,audi,no,2016-03-17,0,15971,2016-03-29 11:42:58
2016-03-15 21:44:39,30561,suv,2000,auto,200,punto,60000,7,lpg,fiat,no,2016-03-15,0,99510,2016-03-28 15:24:29
2016-04-01 05:34:13,0,convertible,2008,manual,213,andere,150000,7,gasoline,sonstige_autos,no,2016-04-01,0,24166,2016-04-18 14:35:47
2016-03-19 00:03:02,21095,suv,2005,auto,94,panda,150000,11,other,fiat,no,2016-03-19,0,85314,2016-04-16 08:50:44
2016-03-27 05:00:43,9853,sedan,1999,manual,141,yaris,150000,4,petrol,toyota,no,2016-03-27,0,45575,2016-04-25 13:29:34
2016-04-05 10:10:43,16235,sedan,2004,manual,171,clubman,150000,11,gasoline,mini,no,2016-04-05,0,67417,2016-04-28 21:16:23
2016-03-29 02:59:55,15205,other,2002,manual,107,clubman,50000,12,,mini,no,2016-03-29,0,83311,2016-04-15 10:19:02
2016-04-06 13:18:30,10832,sedan,2011,manual,40,2_reihe,80000,10,,mazda,no,2016-04-06,0,11267,2016-04-19 09:21:16
2016-04-05 03:32:44,19239,,2010,manual,99,punto,60000,6,petrol,fiat,no,2016-04-05,0,61455,2016-04-17 18:30:53
2016-04-05 08:47:46,12836,small,2014,manual,255,punto,70000,5,petrol,fiat,no,2016-04-05,0,83244,2016-04-23 19:20:53
2016-03-25 11:21:08,30728,convertible,2006,auto,113,,70000,0,gasoline,mazda,,2016-03-25,0,42162,2016-04-06 15:19:34
2016-04-01 18:52:00,11658,convertible,2002,manual,153,s_klasse,125000,1,other,mercedes_benz,no,2016-04-01,0,22612,2016-04-15 04:33:53
2016-03-28 17:19:41,22343,sedan,2014,manual,113,panda,40000,9,gasoline,fiat,no,2016-03-28,0,87704,2016-04-13 05:16:58
2016-03-26 14:30:47,10261,sedan,2005,manual,211,c4,150000,12,,citroen,no,2016-03-26,0,47349,2016-04-01 11:06:00
2016-03-06 00:32:35,17975,suv,2001,manual,218,c_klasse,125000,10,other,mercedes_benz,no,2016-03-06,0,94598,2016-03-25 10:18:47
2016-03-30 17:27:47,11603,wagon,2016,auto,83,leon,60000,11,petrol,seat,yes,2016-03-30,0,10699,2016-04-18 07:12:00
2016-03-05 08:05:55,7283,sedan,2001,auto,188,3_reihe,150000,11,gasoline,mazda,yes,2016-03-05,0,84285,2016-03-16 12:00:27
2016-03-05 20:40:28,22540,coupe,2006,manual,178,6_reihe,150000,3,gasoline,mazda,no,2016-03-05,0,61338,2016-03-12 23:15:58
2016-03-29 10:19:47,18931,other,2006,auto,236,ibiza,150000,11,other,seat,,2016-03-29,0,76859,2016-04-06 01:02:07
2016-03-18 13:04:40,5772,sedan,2001,manual,40,passat,125000,10,,volkswagen,,2016-03-18,0,88609,2016-03-26 02:04:20
2016-04-02 15:12:13,21211,suv,2013,manual,125,fortwo,60000,3,other,smart,no,2016-04-02,0,15437,2016-04-09 14:39:28
2016-03-11 15:17:30,28421,suv,2000,auto,177,leon,150000,8,petrol,seat,,2016-03-11,0,77746,2016-03-31 23:44:22
2016-03-20 09:10:52,30351,other,2006,auto,197,500,30000,12,petrol,fiat,no,2016-03-20,0,39680,2016-03-22 14:07:42
2016-03-12 11:03:12,14632,,1999,manual,241,fortwo,150000,4,gasoline,smart,no,2016-03-12,0,16216,2016-03-13 11:42:44
2016-03-02 02:11:13,15293,other,2008,,155,i30,125000,7,petrol,hyundai,no,2016-03-02,0,66227,2016-03-27 01:36:43
2016-04-04 13:25:08,36888,bus,2004,auto,250,scenic,125000,1,gasoline,renault,no,2016-04-04,0,81309,2016-04-23 00:50:43
2016-03-15 01:44:13,0,sedan,2014,auto,72,andere,150000,10,,sonstige_autos,no,2016-03-15,0,26773,2016-04-05 08:39:42
2016-03-25 16:28:20,16537,other,1995,manual,239,golf,50000,12,gasoline,volkswagen,no,2016-03-25,0,80329,2016-04-13 05:48:34
2016-03-21 03:31:48,15834,other,2004,manual,163,zafira,80000,0,gasoline,opel,no,2016-03-21,0,13254,2016-03-26 13:18:24
2016-03-01 14:19:08,35080,small,2013,auto,132,punto,40000,4,electric,fiat,no,2016-03-01,0,68335,2016-03-26 05:50:00
2016-03-05 01:22:07,28142,wagon,2006,manual,173,s60,60000,5,gasoline,volvo,no,2016-03-05,0,38496,2016-03-07 23:35:40
2016-03-29 00:21:39,41528,convertible,2001,manual,220,c4,30000,2,hybrid,citroen,no,2016-03-29,0,98542,2016-04-16 03:58:50
2016-03-11 10:20:47,23229,,2009,manual,137,c3,90000,0,,citroen,no,2016-03-11,0,83288,2016-03-25 23:28:50
2016-03-18 06:50:50,7634,small,2002,,62,s_klasse,150000,10,hybrid,mercedes_benz,,2016-03-18,0,80940,2016-03-29 09:48:15
2016-04-05 06:37:11,8302,small,2006,manual,217,i30,125000,1,other,hyundai,no,2016-04-05,0,71094,2016-05-01 13:50:01
2016-03-31 01:44:09,7957,sedan,2012,manual,89,yaris,100000,10,other,toyota,no,2016-03-31,0,52198,2016-04-19 20:37:21
2016-04-09 08:57:29,6997,,1996,manual,69,a_klasse,150000,10,other,mercedes_benz,no,2016-04-09,0,12707,2016-05-04 14:56:58
2016-03-01 22:40:52,16479,wagon,1999,manual,76,focus,20000,10,gasoline,ford,no,2016-03-01,0,26010,2016-03-04 23:50:49
2016-03-30 09:06:14,14414,sedan,2014,manual,69,andere,150000,12,petrol,sonstige_autos,no,2016-03-30,0,25553,2016-04-20 05:36:55
2016-04-02 11:20:57,21998,convertible,2014,manual,122,andere,20000,12,other,sonstige_autos,no,2016-04-02,0,58659,2016-04-07 12:10:55
2016-03-16 18:29:34,9771,small,1997,manual,155,3er,125000,1,hybrid,bmw,no,2016-03-16,0,94717,2016-04-09 22:03:02
2016-04-02 20:44:27,14350,other,2005,auto,59,a3,150000,2,petrol,audi,no,2016-04-02,0,36198,2016-04-09 03:58:43
2016-03-29 09:15:34,23805,wagon,2008,auto,144,3_reihe,150000,12,gasoline,mazda,no,2016-03-29,0,2137,2016-04-08 17:07:46
2016-03-15 19:12:27,17783,sedan,2002,manual,217,andere,90000,8,gasoline,sonstige_autos,no,2016-03-15,0,33949,2016-03-27 12:30:05
2016-03-26 06:18:31,34406,coupe,2010,,135,focus,150000,4,gasoline,ford,,2016-03-26,0,64375,2016-04-24 17:18:05
2016-04-09 03:57:11,35099,wagon,2006,auto,205,passat,60000,9,gasoline,volkswagen,no,2016-04-09,0,64620,2016-04-20 17:39:35
2016-04-08 23:33:05,10994,other,2000,manual,144,i30,100000,1,gasoline,hyundai,no,2016-04-08,0,89237,2016-04-09 16:55:36
2016-03-12 21:41:00,19227,bus,2012,manual,96,ibiza,150000,7,gasoline,seat,no,2016-03-12,0,6814,2016-04-05 01:04:45
2016-03-30 23:44:33,33575,other,2011,manual,257,avensis,90000,2,,toyota,no,2016-03-30,0,60340,2016-03-31 22:28:03
2016-04-09 12:53:31,36509,suv,2016,manual,177,,150000,5,gasoline,nissan,no,2016-04-09,0,19972,2016-04-16 12:09:32
2016-03-19 13:23:36,16097,wagon,2000,manual,149,3_reihe,150000,8,gasoline,peugeot,no,2016-03-19,0,9096,2016-03-20 10:32:27
2016-03-04 09:03:25,33956,,2016,auto,160,passat,150000,1,gasoline,volkswagen,no,2016-03-04,0,46478,2016-03-25 11:37:52
2016-03-20 17:56:41,11227,sedan,2009,manual,104,3_reihe,90000,7,,peugeot,no,2016-03-20,0,44345,2016-04-02 07:27:44
2016-04-04 01:44:51,10497,suv,1997,manual,127,astra,150000,8,other,opel,no,2016-04-04,0,26235,2016-04-12 18:44:15
2016-04-03 14:06:45,17736,other,1997,auto,191,andere,100000,11,gasoline,sonstige_autos,no,2016-04-03,0,70739,2016-04-15 07:40:21
2016-03-03 08:19:14,46976,suv,2016,auto,49,,150000,10,,volkswagen,no,2016-03-03,0,94406,2016-03-06 03:23:40
2016-04-01 13:25:02,12320,suv,1996,manual,101,astra,150000,7,gasoline,opel,no,2016-04-01,0,66504,2016-04-25 02:29:29
2016-03-08 05:23:38,36576,sedan,2013,manual,245,c3,150000,9,hybrid,citroen,no,2016-03-08,0,65227,2016-03-13 07:41:20
2016-04-09 08:21:26,34276,convertible,2012,manual,98,,60000,9,gasoline,toyota,no,2016-04-09,0,72149,2016-05-04 10:25:40
2016-03-13 13:36:32,29344,wagon,2016,manual,78,3_reihe,80000,11,,peugeot,no,2016-03-13,0,76617,2016-03-26 23:06:15
2016-04-06 08:38:13,22075,,2015,manual,192,fiesta,150000,3,gasoline,ford,no,2016-04-06,0,39316,2016-05-01 01:58:48
2016-03-12 22:15:23,12320,other,2006,manual,156,yaris,150000,10,lpg,toyota,no,2016-03-12,0,5976,2016-03-15 21:19:04
2016-04-02 01:04:38,12383,sedan,1999,manual,166,focus,50000,6,petrol,ford,no,2016-04-02,0,52160,2016-04-08 11:56:03
2016-03-16 02:06:36,9620,sedan,2011,manual,50,andere,150000,9,petrol,sonstige_autos,,2016-03-16,0,51127,2016-03-21 02:28:38
2016-03-22 14:12:15,18137,other,2001,manual,170,mondeo,125000,10,gasoline,ford,no,2016-03-22,0,57958,2016-03-23 11:35:07
2016-03-24 08:49:15,7521,sedan,2016,manual,246,,70000,8,other,toyota,yes,2016-03-24,0,71752,2016-04-17 08:27:34
2016-03-19 16:49:41,4734,sedan,2008,manual,54,superb,150000,0,petrol,skoda,yes,2016-03-19,0,12511,2016-04-06 03:51:41
2016-03-04 11:22:45,10138,convertible,1998,manual,47,c4,125000,5,gasoline,citroen,no,2016-03-04,0,98538,2016-03-12 17:36:02
2016-03-01 08:33:55,15816,,2001,manual,243,3_reihe,150000,1,petrol,mazda,no,2016-03-01,0,11011,2016-03-20 21:30:30
2016-04-06 21:07:48,13901,other,2002,,258,tucson,125000,0,petrol,hyundai,no,2016-04-06,0,91487,2016-04-29 10:12:56
2016-04-03 07:16:36,8982,small,2003,manual,97,s_klasse,50000,2,gasoline,mercedes_benz,no,2016-04-03,0,67005,2016-04-10 09:14:15
2016-04-04 22:52:02,6859,coupe,1995,manual,131,i20,150000,3,,hyundai,no,2016-04-04,0,15101,2016-04-11 05:36:18
2016-03-19 09:07:16,15024,sedan,2006,auto,162,touran,125000,2,hybrid,volkswagen,yes,2016-03-19,0,7121,2016-03-19 23:38:13
2016-03-17 23:42:46,4729,small,2001,manual,112,corolla,150000,2,other,toyota,no,2016-03-17,0,33697,2016-03-28 05:42:05
2016-03-23 05:33:07,3696,,1995,manual,111,corolla,150000,9,gasoline,toyota,,2016-03-23,0,42633,2016-04-14 03:17:41
2016-03-07 13:30:58,10524,small,2010,manual,95,leon,150000,2,gasoline,seat,no,2016-03-07,0,64755,2016-03-23 04:44:16
2016-03-17 19:11:56,23790,,2015,manual,167,transporter,125000,7,petrol,volkswagen,,2016-03-17,0,27148,2016-03-19 19:30:50
2016-03-18 07:40:09,5195,small,2002,manual,236,,150000,8,gasoline,mercedes_benz,yes,2016-03-18,0,48859,2016-03-20 10:44:12
2016-04-03 20:49:49,16447,sedan,2005,manual,234,golf,150000,6,petrol,volkswagen,no,2016-04-03,0,82078,2016-04-23 12:57:26
2016-04-03 05:25:15,17493,coupe,2009,manual,0,cooper,150000,8,petrol,mini,no,2016-04-03,0,14450,2016-04-13 11:06:48
2016-03-10 10:52:57,11398,other,2010,auto,71,tucson,150000,8,other,hyundai,no,2016-03-10,0,15679,2016-04-08 21:53:25
2016-03-22 17:35:45,25133,wagon,2012,auto,40,berlingo,150000,0,gasoline,citroen,,2016-03-22,0,7943,2016-04-05 15:22:50
2016-03-31 00:18:39,27199,suv,2005,manual,102,v70,40000,2,lpg,volvo,no,2016-03-31,0,19159,2016-04-04 13:42:43
2016-03-17 00:21:25,20991,suv,2016,auto,75,zafira,150000,5,other,opel,,2016-03-17,0,30657,2016-03-30 18:09:59
2016-03-19 05:21:14,23768,,1999,auto,192,i30,100000,10,gasoline,hyundai,no,2016-03-19,0,68215,2016-04-05 10:57:12
2016-04-07 03:55:14,14270,sedan,2005,manual,123,v70,125000,12,petrol,volvo,no,2016-04-07,0,19959,2016-04-12 22:58:05
2016-03-04 00:20:02,16201,wagon,2003,manual,137,,60000,9,petrol,hyundai,,2016-03-04,0,89954,2016-03-22 15:01:37
2016-03-15 10:39:12,4424,small,2012,manual,166,note,125000,8,petrol,nissan,,2016-03-15,0,41400,2016-03-27 13:59:10
2016-03-01 08:28:08,16537,wagon,2009,manual,138,ibiza,150000,5,petrol,seat,,2016-03-01,0,24976,2016-03-07 03:53:07
2016-03-28 08:52:41,11056,small,2005,manual,0,touran,100000,0,petrol,volkswagen,,2016-03-28,0,92729,2016-04-14 14:18:52
2016-03-09 09:54:18,35681,suv,2016,manual,79,,150000,7,gasoline,renault,no,2016-03-09,0,6550,2016-03-30 10:11:02
2016-03-17 05:25:47,10921,other,2016,,202,s_klasse,150000,12,gasoline,mercedes_benz,yes,2016-03-17,0,18673,2016-03-26 12:37:01
2016-03-22 00:10:01,44244,suv,2008,,194,insignia,80000,10,gasoline,opel,no,2016-03-22,0,82220,2016-04-16 07:45:34
2016-04-06 15:12:01,6200,small,2007,manual,142,polo,80000,6,other,volkswagen,no,2016-04-06,0,20904,2016-04-29 21:58:31
2016-03-11 12:21:54,18080,wagon,2007,manual,158,note,30000,5,petrol,nissan,,2016-03-11,0,31638,2016-03-26 09:47:37
2016-03-13 18:01:51,9949,small,2005,manual,168,fiesta,150000,1,gasoline,ford,,2016-03-13,0,59242,2016-03-16 06:44:49
2016-04-01 05:15:28,7817,small,1998,manual,160,superb,150000,3,gasoline,skoda,,2016-04-01,0,92226,2016-04-21 02:15:05
2016-04-07 11:07:43,8470,small,2012,manual,120,zafira,30000,7,petrol,opel,no,2016-04-07,0,32871,2016-04-14 02:04:00
2016-03-24 19:27:09,18235,sedan,2013,manual,220,clubman,150000,8,petrol,mini,no,2016-03-24,0,90425,2016-03-26 02:31:08
2016-03-21 11:34:19,29707,sedan,2007,auto,226,twingo,60000,6,gasoline,renault,no,2016-03-21,0,58566,2016-04-11 09:29:54
2016-03-17 17:52:42,10934,other,2011,auto,258,andere,70000,7,petrol,sonstige_autos,,2016-03-17,0,11983,2016-04-04 19:41:56
2016-03-23 00:27:00,29805,wagon,2014,manual,108,octavia,30000,8,gasoline,skoda,no,2016-03-23,0,27100,2016-03-27 12:05:21
2016-03-12 23:52:39,25669,,1997,manual,184,fortwo,90000,5,gasoline,smart,,2016-03-12,0,54194,2016-04-11 11:38:02
2016-04-07 22:28:37,18802,sedan,2011,manual,139,3_reihe,150000,1,gasoline,mazda,no,2016-04-07,0,11562,2016-04-08 18:13:45
2016-03-19 06:26:50,13838,coupe,2000,manual,46,,10000,11,petrol,mercedes_benz,no,2016-03-19,0,71411,2016-03-23 12:56:45
2016-03-14 21:26:11,30820,wagon,2004,auto,196,i20,90000,7,gasoline,hyundai,no,2016-03-14,0,57394,2016-03-19 17:53:47
2016-04-09 20:12:23,10454,small,2007,manual,150,c4,100000,2,gasoline,citroen,no,2016-04-09,0,35078,2016-05-01 11:47:36
2016-04-02 00:15:59,31203,wagon,2016,manual,153,ibiza,80000,8,gasoline,seat,no,2016-04-02,0,43494,2016-04-06 23:46:59
2016-03-16 09:25:49,4715,small,1999,manual,100,5_reihe,100000,2,petrol,peugeot,no,2016-03-16,0,47411,2016-03-28 13:02:49
2016-03-11 21:15:28,14640,other,1999,auto,119,,20000,2,other,renault,,2016-03-11,0,36990,2016-03-12 13:51:17
2016-03-26 16:41:45,26779,other,2004,manual,241,i30,50000,0,gasoline,hyundai,no,2016-03-26,0,29357,2016-04-16 04:13:43
2016-04-01 21:19:53,6405,bus,1998,manual,77,fiesta,150000,8,gasoline,ford,,2016-04-01,0,3841,2016-04-27 02:25:35
2016-03-19 20:56:24,18196,convertible,1997,manual,258,ibiza,70000,10,petrol,seat,no,2016-03-19,0,27300,2016-04-05 09:03:03
2016-03-15 23:15:31,10328,small,2000,auto,142,,150000,4,,citroen,no,2016-03-15,0,85639,2016-04-09 09:45:10
2016-03-07 08:54:07,6944,sedan,2010,auto,150,astra,80000,0,,opel,yes,2016-03-07,0,42313,2016-03-14 22:43:36
2016-03-18 06:17:02,10410,sedan,1998,auto,100,tucson,150000,8,petrol,hyundai,no,2016-03-18,0,57184,2016-04-11 05:28:35
2016-03-30 19:29:52,2819,small,1998,manual,219,c3,90000,10,other,citroen,yes,2016-03-30,0,86830,2016-04-07 04:30:52
2016-04-09 22:25:49,18715,sedan,2013,,120,fortwo,150000,9,gasoline,smart,no,2016-04-09,0,50276,2016-04-14 10:28:45
2016-03-14 16:06:03,8370,small,1996,manual,248,x_reihe,90000,11,gasoline,bmw,no,2016-03-14,0,29392,2016-03-14 19:11:48
2016-03-05 21:47:07,15217,sedan,2002,manual,212,clio,125000,8,petrol,renault,no,2016-03-05,0,69760,2016-04-01 09:50:28
2016-04-02 09:02:23,6926,small,2014,auto,0,micra,20000,11,other,nissan,yes,2016-04-02,0,66764,2016-04-07 10:01:22
2016-03-21 18:46:11,18727,coupe,2001,auto,42,s_klasse,70000,6,petrol,mercedes_benz,no,2016-03-21,0,78178,2016-04-18 00:30:46
2016-03-26 01:35:06,5097,other,1997,manual,60,cooper,150000,8,other,mini,no,2016-03-26,0,75767,2016-04-21 06:42:43
2016-03-06 16:30:59,27149,wagon,2011,manual,231,2_reihe,50000,11,petrol,mazda,no,2016-03-06,0,97475,2016-03-24 11:31:25
2016-03-13 18:32:09,18426,small,2009,manual,187,s60,150000,3,electric,volvo,no,2016-03-13,0,74533,2016-03-24 21:53:14
2016-04-05 22:32:56,33992,suv,1999,auto,145,v70,80000,10,gasoline,volvo,no,2016-04-05,0,47513,2016-04-12 19:43:38
2016-03-17 01:57:25,0,wagon,2007,auto,249,mondeo,150000,5,,ford,no,2016-03-17,0,94064,2016-03-24 18:14:56
2016-03-14 14:10:15,12235,other,2004,manual,88,andere,125000,12,petrol,sonstige_autos,no,2016-03-14,0,6169,2016-04-09 04:59:34
2016-03-22 07:24:41,3172,sedan,1995,,115,i30,90000,0,lpg,hyundai,yes,2016-03-22,0,9264,2016-03-28 09:39:43
2016-03-26 20:09:10,14383,other,2008,manual,242,,150000,5,petrol,audi,no,2016-03-26,0,81572,2016-04-21 22:38:29
2016-04-08 05:37:51,23030,convertible,2013,auto,234,forfour,70000,2,gasoline,smart,yes,2016-04-08,0,48907,2016-04-28 15:02:31
2016-03-23 05:23:03,15981,other,2012,manual,80,,150000,10,gasoline,volvo,no,2016-03-23,0,99670,2016-04-11 18:25:59
2016-03-01 21:05:20,28726,coupe,2014,manual,199,note,150000,12,gasoline,nissan,no,2016-03-01,0,79353,2016-03-07 09:02:28
2016-03-02 15:50:44,20243,sedan,1999,auto,206,yaris,150000,9,gasoline,toyota,no,2016-03-02,0,72905,2016-03-15 10:58:18
2016-04-08 18:00:35,47998,other,2015,auto,197,ibiza,60000,11,gasoline,seat,no,2016-04-08,0,76056,2016-04-26 14:41:55
2016-03-26 09:05:39,11517,other,2005,manual,218,corsa,150000,1,other,opel,no,2016-03-26,0,25874,2016-03-28 16:41:16
2016-03-04 04:40:24,15485,small,2012,auto,208,5er,150000,5,petrol,bmw,no,2016-03-04,0,60960,2016-04-02 02:08:18
2016-03-11 09:15:26,13581,wagon,1997,manual,181,passat,125000,6,gasoline,volkswagen,no,2016-03-11,0,16725,2016-03-30 02:57:13
2016-04-09 07:30:34,21841,suv,2004,,0,superb,150000,12,petrol,skoda,no,2016-04-09,0,44108,2016-05-08 13:40:42
2016-03-19 01:42:12,12126,small,2009,manual,142,i30,90000,11,petrol,hyundai,no,2016-03-19,0,25954,2016-04-16 12:15:07
2016-03-11 17:11:18,9423,sedan,1997,manual,156,forfour,125000,5,petrol,smart,no,2016-03-11,0,81727,2016-03-26 05:13:24
2016-03-25 05:42:15,17900,other,2000,auto,138,a_klasse,150000,2,gasoline,mercedes_benz,,2016-03-25,0,32609,2016-04-13 07:46:54
2016-03-05 03:30:32,23396,convertible,2015,manual,113,clio,150000,2,petrol,renault,,2016-03-05,0,26310,2016-03-10 03:55:07
2016-03-01 21:46:13,19172,sedan,1996,auto,140,v40,80000,1,gasoline,volvo,,2016-03-01,0,10422,2016-03-21 21:28:06
2016-03-21 00:27:47,8395,convertible,2006,manual,66,v40,100000,6,gasoline,volvo,yes,2016-03-21,0,62318,2016-04-14 10:34:50
2016-03-04 13:01:12,2468,small,1998,manual,75,s_klasse,10000,6,,mercedes_benz,yes,2016-03-04,0,85610,2016-03-27 09:46:41
2016-03-02 23:30:06,9880,sedan,2004,manual,49,,70000,9,,peugeot,no,2016-03-02,0,32805,2016-03-20 04:46:58
2016-04-09 01:39:13,8751,sedan,1999,manual,160,micra,125000,10,petrol,nissan,no,2016-04-09,0,68744,2016-04-18 10:54:51
2016-03-15 03:52:37,16255,small,2016,manual,106,micra,150000,9,hybrid,nissan,no,2016-03-15,0,60681,2016-04-09 22:33:27
2016-03-09 18:13:59,20830,other,2014,manual,97,corsa,90000,5,petrol,opel,,2016-03-09,0,23887,2016-03-28 22:33:07
2016-03-04 06:46:10,27276,coupe,2008,manual,194,,150000,4,gasoline,citroen,,2016-03-04,0,38291,2016-03-10 06:03:45
2016-03-03 02:29:08,17251,sedan,2004,manual,154,superb,100000,4,gasoline,skoda,no,2016-03-03,0,14713,2016-03-11 06:52:01
2016-03-07 13:04:07,13525,sedan,2002,manual,173,altea,10000,0,petrol,seat,no,2016-03-07,0,54903,2016-03-24 11:17:12
2016-03-13 17:36:05,10393,small,1999,manual,204,andere,20000,0,petrol,sonstige_autos,no,2016-03-13,0,87146,2016-03-21 08:06:32
2016-03-28 09:47:07,25434,convertible,2003,manual,213,altea,60000,9,other,seat,,2016-03-28,0,50699,2016-04-06 20:22:12
2016-03-26 23:49:07,18592,other,2012,manual,179,,150000,12,gasoline,fiat,no,2016-03-26,0,8195,2016-04-13 06:59:12
2016-03-23 03:09:45,36139,wagon,2016,auto,257,x_reihe,125000,9,petrol,bmw,,2016-03-23,0,43005,2016-04-19 06:21:27
2016-04-05 14:37:14,10962,sedan,2000,manual,98,panda,125000,0,gasoline,fiat,no,2016-04-05,0,66572,2016-04-07 18:44:48
2016-03-28 02:53:20,15329,suv,2000,manual,234,tiguan,125000,3,other,volkswagen,no,2016-03-28,0,68310,2016-04-04 18:34:48
2016-03-31 21:51:28,21993,other,2003,manual,155,fabia,50000,6,gasoline,skoda,no,2016-03-31,0,46215,2016-04-08 18:15:16
2016-03-19 11:53:20,32294,sedan,1999,manual,200,note,10000,5,hybrid,nissan,,2016-03-19,0,7614,2016-04-02 13:38:31
2016-04-04 08:04:23,9806,other,1996,manual,146,c_klasse,90000,2,gasoline,mercedes_benz,no,2016-04-04,0,94594,2016-05-03 23:36:08
2016-03-05 21:32:02,13876,,1996,manual,233,s_klasse,30000,8,gasoline,mercedes_benz,no,2016-03-05,0,88593,2016-03-29 20:00:36
2016-03-14 00:08:07,15043,sedan,2013,manual,41,tucson,125000,1,gasoline,hyundai,no,2016-03-14,0,48861,2016-04-06 14:51:42
2016-03-06 10:02:54,6809,,2003,manual,248,andere,125000,1,gasoline,sonstige_autos,yes,2016-03-06,0,84593,2016-03-23 19:15:02
2016-03-15 22:28:56,21059,sedan,2014,manual,132,a_klasse,100000,12,gasoline,mercedes_benz,no,2016-03-15,0,71738,2016-04-13 08:57:56
2016-03-02 08:37:18,0,wagon,1996,manual,53,andere,125000,12,gasoline,sonstige_autos,no,2016-03-02,0,48356,2016-03-21 04:53:32
2016-03-20 23:39:45,8897,small,1998,manual,133,5_reihe,30000,12,gasoline,peugeot,no,2016-03-20,0,28116,2016-03-27 04:47:12
2016-03-31 11:52:10,9624,small,1999,auto,94,3_reihe,80000,11,petrol,mazda,no,2016-03-31,0,13092,2016-04-15 12:21:38
2016-03-21 16:32:44,5885,small,2000,manual,134,s60,150000,3,petrol,volvo,,2016-03-21,0,59927,2016-04-07 01:01:21
2016-03-18 06:37:25,45247,other,2008,auto,110,polo,150000,2,electric,volkswagen,no,2016-03-18,0,68167,2016-04-10 21:20:05
2016-03-10 08:18:55,4807,small,2013,manual,116,e_klasse,80000,3,petrol,mercedes_benz,yes,2016-03-10,0,77694,2016-03-10 16:32:23
2016-03-12 02:35:07,12001,wagon,1997,manual,206,micra,150000,6,,nissan,,2016-03-12,0,19704,2016-03-28 00:31:35
2016-03-21 00:24:12,31931,sedan,2011,auto,228,v70,150000,1,gasoline,volvo,no,2016-03-21,0,85063,2016-03-24 04:20:43
2016-04-09 15:00:00,23862,wagon,2010,manual,176,focus,150000,8,gasoline,ford,no,2016-04-09,0,93375,2016-04-19 05:33:07
2016-03-15 22:16:29,8241,sedan,2002,manual,87,fabia,100000,1,petrol,skoda,no,2016-03-15,0,74926,2016-03-22 13:34:27
2016-03-17 19:15:35,19817,sedan,2016,manual,0,megane,100000,9,gasoline,renault,no,2016-03-17,0,17536,2016-03-31 11:34:36
2016-03-29 08:28:59,5606,other,2012,manual,131,ka,150000,4,other,ford,yes,2016-03-29,0,72117,2016-04-09 12:56:22
2016-03-19 16:54:46,11613,,2011,manual,146,vectra,70000,6,petrol,opel,no,2016-03-19,0,74404,2016-03-22 10:34:47
2016-04-08 13:54:17,21481,suv,2006,auto,64,avensis,125000,10,,toyota,no,2016-04-08,0,50104,2016-05-03 21:09:51
2016-03-04 14:54:04,21505,other,2016,manual,55,6_reihe,70000,3,petrol,mazda,no,2016-03-04,0,84318,2016-03-25 23:46:23
2016-03-19 00:07:19,7249,coupe,1997,,60,clubman,150000,2,lpg,mini,no,2016-03-19,0,53498,2016-03-26 13:14:42
2016-04-03 07:39:56,16545,wagon,2003,manual,216,octavia,150000,12,petrol,skoda,no,2016-04-03,0,12865,2016-04-18 23:22:06
2016-03-29 13:41:12,20413,other,2000,auto,247,twingo,150000,0,petrol,renault,,2016-03-29,0,38800,2016-04-23 03:39:17
2016-03-14 21:01:51,32996,,2012,auto,197,5_reihe,150000,9,petrol,peugeot,no,2016-03-14,0,12881,2016-03-29 06:20:22
2016-03-03 13:23:43,11480,small,2016,manual,100,5er,150000,8,petrol,bmw,no,2016-03-03,0,80231,2016-03-15 22:27:15
2016-03-06 06:38:46,5315,convertible,1999,manual,57,zafira,100000,7,gasoline,opel,yes,2016-03-06,0,85953,2016-03-21 17:11:01
2016-03-24 19:15:03,10396,other,2010,auto,165,forfour,150000,9,gasoline,smart,yes,2016-03-24,0,36956,2016-04-17 13:44:48
2016-04-03 00:36:36,8725,sedan,1997,auto,45,6_reihe,100000,9,gasoline,mazda,no,2016-04-03,0,95436,2016-04-09 19:51:47
2016-04-03 19:18:55,9610,other,2011,manual,52,a_klasse,150000,12,other,mercedes_benz,no,2016-04-03,0,83763,2016-04-14 08:44:13
2016-04-04 13:11:12,16400,other,2011,,235,c_klasse,100000,5,other,mercedes_benz,no,2016-04-04,0,19384,2016-04-13 22:33:46
2016-03-17 07:50:21,9504,small,2001,manual,165,superb,90000,6,gasoline,skoda,no,2016-03-17,0,43813,2016-03-24 18:50:46
2016-04-06 14:26:37,23471,wagon,2009,manual,230,insignia,70000,4,petrol,opel,no,2016-04-06,0,92304,2016-04-15 00:25:19
2016-03-04 00:39:10,5740,,1999,manual,202,panda,70000,9,other,fiat,,2016-03-04,0,40128,2016-03-22 01:11:54
2016-04-04 20:40:22,13528,sedan,2000,manual,76,,150000,4,,smart,no,2016-04-04,0,41435,2016-05-02 15:24:06
2016-04-03 17:32:57,41300,other,2003,auto,215,clio,20000,12,gasoline,renault,no,2016-04-03,0,97641,2016-04-29 20:44:11
2016-03-29 08:11:08,22509,sedan,2005,manual,201,octavia,20000,5,petrol,skoda,,2016-03-29,0,68581,2016-04-23 02:59:22
2016-03-15 22:15:31,13088,other,2000,manual,125,a6,70000,9,other,audi,no,2016-03-15,0,51089,2016-03-19 01:42:54
2016-04-09 06:55:44,33520,other,2014,auto,199,c3,125000,7,gasoline,citroen,no,2016-04-09,0,68647,2016-04-11 18:24:29
2016-03-30 15:00:47,4921,,2001,manual,134,a4,150000,2,other,audi,no,2016-03-30,0,43733,2016-04-26 00:24:33
2016-03-20 01:29:28,18838,small,2014,auto,104,i30,150000,10,gasoline,hyundai,no,2016-03-20,0,13083,2016-03-21 06:11:46
2016-03-31 06:30:53,27503,suv,2002,auto,172,berlingo,150000,9,,citroen,no,2016-03-31,0,78966,2016-04-24 05:30:47
2016-03-01 14:56:42,26364,sedan,2012,manual,212,500,125000,11,gasoline,fiat,no,2016-03-01,0,11072,2016-03-13 07:26:44
2016-04-05 04:20:31,56853,coupe,2016,auto,210,tucson,30000,0,,hyundai,no,2016-04-05,0,95889,2016-04-09 06:03:15
2016-03-19 09:56:30,19883,wagon,2009,manual,111,7er,60000,3,petrol,bmw,no,2016-03-19,0,78518,2016-03-31 13:26:45
2016-03-22 12:32:08,6305,,2008,manual,151,5_reihe,150000,7,petrol,peugeot,yes,2016-03-22,0,50489,2016-04-06 01:22:42
2016-04-01 21:15:21,3037,sedan,1995,manual,166,v40,150000,2,other,volvo,,2016-04-01,0,99724,2016-04-19 11:33:56
2016-03-11 20:44:18,18187,coupe,2000,manual,165,octavia,70000,7,petrol,skoda,no,2016-03-11,0,73513,2016-03-28 15:18:20
2016-03-21 16:50:19,8210,coupe,1999,manual,48,v40,150000,4,petrol,volvo,no,2016-03-21,0,12807,2016-04-18 03:21:06
2016-03-20 19:20:58,6008,sedan,2009,manual,219,cooper,150000,3,gasoline,mini,yes,2016-03-20,0,6475,2016-04-06 14:05:32
2016-03-03 02:38:27,18529,suv,2012,manual,88,altea,150000,6,other,seat,no,2016-03-03,0,76675,2016-03-28 20:35:35
2016-03-30 18:37:07,33332,suv,2016,manual,200,superb,150000,11,gasoline,skoda,no,2016-03-30,0,76831,2016-04-03 10:50:12
2016-03-03 02:23:00,23190,suv,2013,manual,79,ibiza,150000,1,petrol,seat,no,2016-03-03,0,79883,2016-03-06 04:03:02
2016-03-21 07:42:10,5065,wagon,2003,manual,178,scenic,125000,9,,renault,yes,2016-03-21,0,71354,2016-04-02 21:50:41
2016-03-07 01:56:02,17660,sedan,2016,manual,169,andere,150000,2,other,sonstige_autos,no,2016-03-07,0,3687,2016-03-09 12:17:35
2016-03-02 17:20:38,17290,,2003,manual,141,berlingo,150000,7,other,citroen,no,2016-03-02,0,23541,2016-03-31 17:58:15
2016-03-19 13:31:28,6016,wagon,1996,manual,69,avensis,125000,8,petrol,toyota,no,2016-03-19,0,21102,2016-04-07 20:37:21
2016-04-02 04:35:52,9371,small,1996,manual,246,v40,80000,8,gasoline,volvo,no,2016-04-02,0,21095,2016-04-24 07:06:16
2016-03-03 00:13:17,35806,suv,2006,auto,253,e_klasse,150000,7,petrol,mercedes_benz,no,2016-03-03,0,19242,2016-03-15 15:44:57
2016-03-09 04:45:27,16487,other,2016,manual,258,c4,70000,4,other,citroen,no,2016-03-09,0,63065,2016-03-18 12:54:58
2016-04-07 04:03:24,5449,small,2003,,254,c3,100000,2,petrol,citroen,,2016-04-07,0,75699,2016-04-09 12:06:38
2016-03-11 10:48:12,17650,sedan,2007,manual,76,focus,125000,6,gasoline,ford,no,2016-03-11,0,38278,2016-03-19 22:34:07
2016-03-14 00:45:48,13121,small,2011,manual,229,e_klasse,60000,2,petrol,mercedes_benz,no,2016-03-14,0,88525,2016-04-11 01:17:57
2016-03-27 13:46:02,5117,wagon,1999,manual,131,tucson,80000,4,gasoline,hyundai,yes,2016-03-27,0,15703,2016-04-07 17:52:32
2016-04-01 15:03:58,0,sedan,1996,auto,56,megane,70000,7,petrol,renault,,2016-04-01,0,68890,2016-04-27 14:04:34
2016-04-03 04:21:33,38693,coupe,2015,auto,136,ibiza,125000,11,petrol,seat,no,2016-04-03,0,70367,2016-04-29 06:59:23
2016-04-06 15:22:07,6769,small,1997,manual,88,v70,50000,5,petrol,volvo,no,2016-04-06,0,88803,2016-05-03 03:48:50
2016-03-06 20:42:53,10916,,1997,auto,71,fabia,90000,8,petrol,skoda,no,2016-03-06,0,21313,2016-04-04 07:21:15
2016-03-20 00:27:43,28292,coupe,1996,auto,216,punto,100000,1,petrol,fiat,no,2016-03-20,0,88190,2016-04-13 19:46:56
2016-03-14 05:08:47,23538,sedan,2016,manual,106,touran,100000,3,,volkswagen,,2016-03-14,0,16058,2016-04-10 00:38:09
2016-03-23 07:35:26,22978,small,2010,auto,116,vectra,50000,2,gasoline,opel,no,2016-03-23,0,59435,2016-03-30 21:44:38
2016-03-16 09:47:46,35185,suv,2015,manual,111,punto,30000,5,cng,fiat,no,2016-03-16,0,42570,2016-04-14 17:03:06
2016-03-31 17:49:38,8761,sedan,2008,manual,63,c3,150000,11,gasoline,citroen,no,2016-03-31,0,3792,2016-04-04 18:29:06
2016-03-21 14:53:56,36696,other,2012,manual,176,note,125000,11,hybrid,nissan,no,2016-03-21,0,22001,2016-03-24 00:54:23
2016-03-11 06:02:59,12539,,2009,manual,158,forfour,125000,12,other,smart,no,2016-03-11,0,53647,2016-04-01 14:49:32
2016-03-27 13:14:08,26214,sedan,2000,auto,135,cooper,100000,12,hybrid,mini,no,2016-03-27,0,51901,2016-04-15 14:46:26
2016-03-17 05:12:56,13672,sedan,2007,manual,101,forfour,70000,1,,smart,no,2016-03-17,0,91240,2016-03-29 04:22:17
2016-03-13 11:45:36,9791,small,2008,manual,161,fabia,125000,10,petrol,skoda,no,2016-03-13,0,43870,2016-03-17 16:14:49
2016-03-06 09:43:46,13357,small,2002,auto,146,corolla,50000,1,other,toyota,no,2016-03-06,0,17484,2016-04-04 06:34:05
2016-03-01 01:34:46,32534,suv,1997,manual,198,fabia,80000,5,hybrid,skoda,,2016-03-01,0,55237,2016-03-12 16:36:38
2016-04-01 19:54:39,6578,small,2013,manual,106,clio,20000,5,gasoline,renault,yes,2016-04-01,0,99682,2016-04-03 00:54:22
2016-03-23 04:54:46,8737,other,2005,manual,60,astra,125000,5,gasoline,opel,no,2016-03-23,0,19836,2016-04-13 16:44:04
2016-03-29 05:14:54,4843,small,1998,manual,78,ka,150000,9,gasoline,ford,no,2016-03-29,0,52906,2016-04-24 22:13:10
2016-03-10 20:38:21,26201,suv,2004,auto,59,q5,50000,7,cng,audi,no,2016-03-10,0,88796,2016-03-15 16:15:25
2016-03-23 00:08:35,44521,,1999,auto,214,s60,125000,12,gasoline,volvo,no,2016-03-23,0,16221,2016-04-06 09:28:44
2016-04-06 10:45:08,17760,,2014,manual,44,,150000,5,,fiat,no,2016-04-06,0,75252,2016-04-11 04:30:59
2016-03-06 17:12:15,22566,sedan,1995,auto,216,5er,60000,10,gasoline,bmw,no,2016-03-06,0,50355,2016-03-08 01:04:39
2016-03-15 10:52:42,6838,bus,2000,manual,241,scenic,150000,8,petrol,renault,yes,2016-03-15,0,81509,2016-04-05 14:47:22
2016-03-18 01:45:55,9144,small,2014,manual,162,c3,150000,10,other,citroen,no,2016-03-18,0,22183,2016-04-08 04:25:30
2016-03-07 06:55:47,13137,other,2014,manual,0,a_klasse,100000,9,other,mercedes_benz,no,2016-03-07,0,86959,2016-03-08 22:57:25
2016-03-22 14:44:59,11944,small,2001,auto,233,clubman,150000,7,petrol,mini,no,2016-03-22,0,40081,2016-04-18 04:49:58
2016-04-03 06:01:23,8406,other,2015,manual,214,superb,150000,1,petrol,skoda,yes,2016-04-03,0,5318,2016-04-08 03:29:33
2016-04-04 23:55:06,16456,coupe,2009,auto,83,fortwo,5000,11,gasoline,smart,yes,2016-04-04,0,86099,2016-05-01 10:38:57
2016-03-08 17:17:18,7867,sedan,1998,manual,137,v40,150000,3,gasoline,volvo,no,2016-03-08,0,64359,2016-03-16 20:37:16
2016-03-02 20:03:47,12834,sedan,1996,manual,136,5_reihe,40000,8,petrol,peugeot,no,2016-03-02,0,12413,2016-03-12 16:29:34
2016-03-10 20:02:42,25869,wagon,2012,manual,166,clubman,90000,9,petrol,mini,no,2016-03-10,0,35177,2016-04-03 16:43:09
2016-03-17 01:22:06,17707,sedan,2004,auto,112,6_reihe,70000,4,petrol,mazda,no,2016-03-17,0,75295,2016-04-06 16:50:33
2016-03-15 00:46:32,16526,small,2013,manual,251,octavia,30000,6,petrol,skoda,,2016-03-15,0,86689,2016-03-15 10:42:51
2016-03-27 13:44:22,44331,suv,2007,auto,119,3_reihe,100000,9,gasoline,peugeot,no,2016-03-27,0,91348,2016-04-11 14:06:51
2016-03-12 18:05:01,3553,other,1995,manual,40,a3,70000,2,gasoline,audi,yes,2016-03-12,0,38982,2016-03-31 22:44:48
2016-03-14 05:55:30,25896,bus,2015,auto,0,corsa,150000,5,petrol,opel,no,2016-03-14,0,58047,2016-04-09 22:48:46
2016-03-18 19:55:02,17936,sedan,2010,,234,3_reihe,150000,4,other,peugeot,,2016-03-18,0,8515,2016-03-21 22:41:18
2016-04-05 08:50:33,11345,coupe,1999,manual,162,cooper,150000,5,petrol,mini,no,2016-04-05,0,57362,2016-04-11 22:41:12
2016-03-13 11:01:32,23327,coupe,2011,manual,258,c_klasse,150000,11,cng,mercedes_benz,no,2016-03-13,0,47704,2016-03-22 11:39:04
2016-03-28 11:07:37,36253,bus,2016,manual,226,transporter,150000,10,gasoline,volkswagen,no,2016-03-28,0,52752,2016-04-11 19:51:38
2016-03-21 06:56:07,25237,other,2015,manual,235,punto,150000,7,,fiat,,2016-03-21,0,11990,2016-03-23 04:34:50
2016-03-06 04:00:36,26677,bus,2003,manual,245,corolla,90000,8,petrol,toyota,no,2016-03-06,0,8404,2016-03-19 02:37:17
2016-04-06 22:20:18,8791,sedan,2006,manual,110,note,150000,12,other,nissan,,2016-04-06,0,16202,2016-05-02 04:24:55
2016-03-23 00:31:32,15172,wagon,1998,auto,60,andere,90000,1,gasoline,sonstige_autos,,2016-03-23,0,16401,2016-03-29 18:59:54
2016-03-11 13:45:26,12357,wagon,2003,manual,122,forfour,150000,6,gasoline,smart,,2016-03-11,0,71804,2016-04-04 07:38:27
2016-03-04 00:24:47,2161,wagon,1995,manual,45,ibiza,125000,5,gasoline,seat,yes,2016-03-04,0,60008,2016-03-04 05:03:13
2016-03-21 22:31:30,5412,other,1995,manual,62,5er,150000,8,gasoline,bmw,,2016-03-21,0,30770,2016-04-17 18:55:03
2016-03-29 19:38:59,9237,bus,1995,manual,169,tucson,150000,2,petrol,hyundai,no,2016-03-29,0,54302,2016-04-04 10:32:47
2016-03-09 00:07:23,14151,small,2015,manual,204,1er,150000,1,,bmw,no,2016-03-09,0,44502,2016-03-30 12:59:41
2016-04-02 19:52:20,8609,,2016,manual,121,,125000,5,,volkswagen,yes,2016-04-02,0,93373,2016-04-18 12:40:38
2016-03-25 10:18:55,11368,other,1996,auto,96,2_reihe,150000,10,gasoline,peugeot,no,2016-03-25,0,11828,2016-04-11 05:37:47
2016-03-24 20:36:53,12222,suv,1999,manual,233,vectra,150000,10,petrol,opel,no,2016-03-24,0,40255,2016-04-23 03:11:10
2016-03-01 14:19:52,18453,coupe,2002,manual,177,avensis,150000,6,gasoline,toyota,no,2016-03-01,0,87217,2016-03-27 14:01:53
2016-03-06 10:15:47,24294,convertible,1995,auto,92,insignia,10000,6,gasoline,opel,no,2016-03-06,0,35454,2016-03-13 00:34:43
2016-04-06 06:00:03,13373,sedan,2000,manual,157,6_reihe,150000,5,gasoline,mazda,no,2016-04-06,0,67850,2016-04-16 21:24:52
2016-03-30 23:57:28,14335,wagon,2012,manual,248,micra,150000,8,other,nissan,no,2016-03-30,0,76124,2016-04-21 11:41:43
2016-04-09 07:44:44,10720,small,2008,auto,245,1er,80000,3,other,bmw,no,2016-04-09,0,93959,2016-04-30 00:25:56
2016-03-24 13:27:39,6238,wagon,1996,manual,168,,90000,3,gasoline,sonstige_autos,yes,2016-03-24,0,18193,2016-04-11 04:41:20
2016-03-16 05:04:52,31031,sedan,2016,auto,254,v70,100000,8,lpg,volvo,no,2016-03-16,0,45645,2016-03-21 20:15:19
2016-03-18 21:04:39,4442,small,2008,manual,149,clubman,150000,3,petrol,mini,yes,2016-03-18,0,48493,2016-04-17 03:07:52
2016-03-20 13:55:18,50015,coupe,2006,manual,99,clubman,10000,8,electric,mini,,2016-03-20,0,14074,2016-03-29 18:39:49
2016-04-08 00:46:45,28333,wagon,2005,auto,195,c4,90000,0,petrol,citroen,,2016-04-08,0,21145,2016-04-12 10:23:37
2016-03-24 14:02:22,7656,suv,2000,manual,191,a6,150000,2,petrol,audi,yes,2016-03-24,0,27758,2016-03-29 17:27:30
2016-03-08 18:54:31,8705,small,2012,manual,158,leon,150000,5,other,seat,no,2016-03-08,0,54812,2016-03-13 12:49:22
2016-04-02 20:23:26,16088,sedan,1999,manual,225,octavia,80000,2,gasoline,skoda,no,2016-04-02,0,50665,2016-05-02 01:08:56
2016-03-20 05:10:47,27204,convertible,2009,manual,98,micra,90000,6,gasoline,nissan,no,2016-03-20,0,8595,2016-03-20 10:25:34
2016-04-06 07:20:25,30722,convertible,2016,manual,130,octavia,60000,2,petrol,skoda,,2016-04-06,0,54748,2016-04-19 23:03:09
2016-04-09 03:00:54,63042,,2006,auto,184,megane,80000,12,hybrid,renault,no,2016-04-09,0,34740,2016-05-05 01:52:53
2016-03-19 14:37:18,8831,small,2005,auto,95,1er,150000,2,petrol,bmw,no,2016-03-19,0,78211,2016-03-25 17:01:57
2016-03-12 06:12:39,5400,small,2004,manual,122,ibiza,100000,9,petrol,seat,,2016-03-12,0,88996,2016-03-25 06:12:13
2016-03-26 04:46:16,17792,other,2005,manual,132,e_klasse,90000,2,petrol,mercedes_benz,no,2016-03-26,0,66756,2016-03-26 17:58:08
2016-03-12 11:24:35,19943,coupe,2012,manual,254,2_reihe,150000,0,other,peugeot,no,2016-03-12,0,94831,2016-03-12 20:46:00
2016-03-15 01:59:24,4735,small,1998,manual,102,octavia,125000,8,other,skoda,no,2016-03-15,0,68228,2016-03-23 18:30:31
2016-03-02 01:42:04,16932,coupe,2001,manual,236,v40,150000,11,lpg,volvo,,2016-03-02,0,11399,2016-03-26 05:03:30
2016-03-10 07:54:43,6200,other,2001,manual,253,,150000,0,lpg,mazda,yes,2016-03-10,0,82232,2016-03-10 13:51:04
2016-03-12 03:39:09,32510,wagon,2006,auto,188,corsa,100000,2,gasoline,opel,no,2016-03-12,0,98272,2016-03-25 01:06:47
2016-04-01 19:51:34,15915,sedan,2002,auto,177,6_reihe,125000,12,petrol,mazda,no,2016-04-01,0,51919,2016-04-15 16:37:14
2016-03-21 22:09:32,14403,other,2009,manual,142,avensis,80000,0,petrol,toyota,no,2016-03-21,0,94587,2016-03-28 07:28:46
2016-04-09 11:41:30,2731,sedan,1998,manual,67,3er,100000,6,gasoline,bmw,,2016-04-09,0,30595,2016-04-24 17:46:03
2016-04-01 15:48:34,8066,other,1995,auto,102,twingo,30000,4,gasoline,renault,yes,2016-04-01,0,85375,2016-04-28 01:18:28
2016-03-28 14:59:28,9874,bus,2013,manual,146,clubman,80000,9,,mini,,2016-03-28,0,55524,2016-04-09 00:43:56
2016-04-09 21:40:39,30986,wagon,2010,manual,213,mondeo,100000,6,gasoline,ford,,2016-04-09,0,26199,2016-05-08 09:52:38
2016-03-20 22:09:52,24795,other,2014,manual,162,mondeo,150000,0,gasoline,ford,,2016-03-20,0,74525,2016-04-14 05:46:55
2016-03-22 17:29:26,54798,coupe,2008,auto,225,clubman,100000,0,,mini,no,2016-03-22,0,83247,2016-04-11 02:49:28
2016-04-01 16:26:35,14307,bus,1997,manual,194,note,80000,12,lpg,nissan,no,2016-04-01,0,24265,2016-04-25 18:43:22
2016-03-01 22:52:39,10196,sedan,1997,auto,100,c4,125000,7,gasoline,citroen,no,2016-03-01,0,43280,2016-03-09 08:51:58
2016-03-06 21:02:57,9866,small,2001,,134,i30,150000,0,petrol,hyundai,no,2016-03-06,0,18458,2016-04-01 12:44:30
2016-03-18 06:56:32,21280,sedan,1995,manual,172,fiesta,40000,11,hybrid,ford,no,2016-03-18,0,6405,2016-04-16 01:01:27
2016-03-27 23:33:20,9755,convertible,2007,,207,megane,125000,5,other,renault,yes,2016-03-27,0,4236,2016-04-12 10:25:07
2016-04-01 20:12:01,49379,suv,2010,auto,240,a4,150000,2,,audi,no,2016-04-01,0,95878,2016-04-29 05:57:41
2016-03-17 01:10:37,11073,small,1999,auto,214,3er,150000,1,petrol,bmw,no,2016-03-17,0,54987,2016-04-10 08:39:22
2016-03-03 12:34:45,11495,suv,1996,manual,202,leon,150000,8,,seat,no,2016-03-03,0,95257,2016-03-07 18:13:43
2016-03-25 10:15:09,8959,wagon,2002,manual,131,a_klasse,150000,0,petrol,mercedes_benz,no,2016-03-25,0,68869,2016-04-22 06:18:49
2016-03-16 13:11:58,14028,wagon,1997,manual,241,note,90000,12,lpg,nissan,,2016-03-16,0,26415,2016-03-25 14:49:54
2016-03-05 08:17:54,23596,convertible,2011,manual,183,note,100000,10,petrol,nissan,no,2016-03-05,0,55476,2016-03-11 10:41:45
2016-03-18 02:44:45,5285,other,1999,manual,201,cooper,150000,9,gasoline,mini,yes,2016-03-18,0,67666,2016-03-20 04:43:09
2016-03-05 10:25:11,27514,other,2012,auto,162,corsa,80000,5,petrol,opel,no,2016-03-05,0,9506,2016-03-31 06:34:26
2016-03-02 04:46:53,31941,bus,2011,auto,91,ibiza,125000,7,gasoline,seat,no,2016-03-02,0,70781,2016-03-17 06:58:28
2016-03-16 11:42:09,7680,,1996,manual,118,altea,150000,11,gasoline,seat,,2016-03-16,0,24473,2016-03-20 21:11:27
2016-03-25 11:06:41,9204,suv,1997,manual,94,altea,150000,2,lpg,seat,no,2016-03-25,0,86740,2016-04-19 20:17:24
2016-03-07 09:57:41,6669,sedan,1999,manual,0,6_reihe,90000,11,gasoline,mazda,,2016-03-07,0,69626,2016-03-14 11:02:16
2016-03-28 04:27:37,7550,small,1996,manual,192,corsa,20000,6,lpg,opel,,2016-03-28,0,87038,2016-04-09 05:37:35
2016-04-02 12:14:08,9048,sedan,2000,auto,190,,90000,3,petrol,volvo,yes,2016-04-02,0,94216,2016-04-14 12:04:59
2016-03-29 04:08:44,10774,wagon,2006,auto,136,clubman,5000,9,lpg,mini,yes,2016-03-29,0,54283,2016-04-20 15:31:56
2016-03-11 05:05:15,25987,suv,2007,auto,155,vectra,150000,8,,opel,no,2016-03-11,0,48471,2016-03-21 00:09:27
2016-04-08 01:15:42,2199,wagon,1995,manual,70,a6,150000,3,gasoline,audi,,2016-04-08,0,87101,2016-04-23 05:03:35
2016-03-14 11:04:40,16113,,2003,auto,59,v70,150000,4,,volvo,no,2016-03-14,0,94626,2016-03-31 13:35:38
2016-04-02 22:40:26,17415,other,2012,manual,166,vectra,150000,5,gasoline,opel,no,2016-04-02,0,28967,2016-04-25 09:43:16
2016-03-27 17:54:47,4580,small,1996,auto,60,2_reihe,60000,12,other,mazda,no,2016-03-27,0,14945,2016-04-22 17:49:57
2016-03-09 13:40:18,5711,small,2013,auto,181,v40,150000,8,petrol,volvo,yes,2016-03-09,0,82151,2016-03-11 12:34:37
2016-03-18 09:19:10,19745,other,2015,manual,88,a6,60000,0,lpg,audi,no,2016-03-18,0,3046,2016-03-26 10:53:23
2016-03-12 22:57:28,3219,small,1996,manual,245,insignia,150000,10,petrol,opel,yes,2016-03-12,0,49463,2016-03-13 15:44:06
2016-03-21 10:35:00,14255,wagon,2006,manual,212,forfour,150000,12,other,smart,,2016-03-21,0,1010,2016-03-29 20:48:07
2016-03-29 16:35:06,0,wagon,2010,auto,76,qashqai,100000,10,gasoline,nissan,no,2016-03-29,0,5787,2016-04-26 09:48:45
2016-04-02 04:59:53,8760,,2003,manual,246,punto,125000,4,,fiat,no,2016-04-02,0,77076,2016-04-07 14:12:38
2016-03-30 15:00:08,19470,,2005,manual,256,fabia,20000,12,gasoline,skoda,no,2016-03-30,0,53405,2016-04-23 12:30:15
2016-04-06 10:32:48,34414,convertible,2012,manual,259,leon,10000,5,petrol,seat,no,2016-04-06,0,9346,2016-04-18 22:52:38
2016-03-09 13:29:58,19562,wagon,1999,manual,143,2_reihe,5000,0,electric,mazda,,2016-03-09,0,8782,2016-03-31 11:33:59
2016-03-29 13:43:29,8765,sedan,2007,manual,0,golf,125000,8,petrol,volkswagen,no,2016-03-29,0,90644,2016-04-13 16:55:26
2016-03-27 15:52:40,9979,other,2014,manual,133,micra,100000,11,gasoline,nissan,yes,2016-03-27,0,87797,2016-03-30 14:44:10
2016-03-15 05:10:27,24784,bus,2005,manual,150,a1,80000,12,gasoline,audi,no,2016-03-15,0,82670,2016-03-23 17:03:35
2016-03-14 20:50:24,22288,sedan,1997,manual,252,qashqai,100000,2,electric,nissan,no,2016-03-14,0,42304,2016-03-31 06:07:39
2016-03-11 10:24:26,11725,small,2008,manual,158,fortwo,40000,0,gasoline,smart,no,2016-03-11,0,2330,2016-03-28 21:32:06
2016-03-29 02:36:32,7502,other,1995,manual,155,i30,150000,4,gasoline,hyundai,no,2016-03-29,0,33760,2016-04-20 11:53:33
2016-03-09 14:54:51,18516,coupe,1996,,139,x_reihe,70000,11,other,bmw,no,2016-03-09,0,59294,2016-03-26 06:59:37
2016-03-04 15:59:18,3826,small,1996,manual,71,touran,100000,5,other,volkswagen,no,2016-03-04,0,71271,2016-03-11 13:25:54
2016-03-29 13:35:48,26027,sedan,2002,manual,226,fortwo,10000,12,gasoline,smart,no,2016-03-29,0,29105,2016-04-20 00:23:55
2016-03-18 03:10:59,14675,small,2007,manual,108,altea,150000,10,,seat,,2016-03-18,0,18733,2016-03-26 11:36:02
2016-03-08 06:52:17,9309,wagon,2003,manual,230,3_reihe,40000,4,gasoline,mazda,yes,2016-03-08,0,61638,2016-04-01 12:30:47
2016-03-06 08:56:01,20341,bus,2000,manual,259,fiesta,90000,4,gasoline,ford,no,2016-03-06,0,55415,2016-03-11 12:37:48
2016-03-04 02:22:02,25526,convertible,2002,manual,238,fabia,90000,8,petrol,skoda,no,2016-03-04,0,42251,2016-04-01 11:50:20
2016-03-10 11:24:54,20549,convertible,2008,manual,232,c_klasse,100000,8,cng,mercedes_benz,,2016-03-10,0,66397,2016-03-25 13:48:54
2016-03-18 23:41:22,11417,sedan,2016,manual,133,micra,60000,8,gasoline,nissan,yes,2016-03-18,0,97302,2016-03-27 05:04:13
2016-04-01 06:03:58,11434,small,2010,manual,238,a_klasse,150000,8,petrol,mercedes_benz,,2016-04-01,0,54671,2016-04-18 12:42:00
2016-03-17 05:20:08,7363,other,2002,manual,42,fortwo,150000,3,gasoline,smart,no,2016-03-17,0,67330,2016-04-14 11:41:02
2016-03-18 00:16:34,13699,other,2016,,0,fiesta,5000,10,hybrid,ford,yes,2016-03-18,0,10930,2016-04-09 15:54:52
2016-04-02 09:00:20,20563,sedan,2016,manual,242,insignia,100000,12,petrol,opel,no,2016-04-02,0,98500,2016-04-25 08:37:40
2016-03-09 11:38:05,17407,other,2008,manual,231,clio,150000,5,petrol,renault,no,2016-03-09,0,35336,2016-04-02 21:46:38
2016-03-16 09:57:41,12845,wagon,1995,manual,71,,20000,5,gasoline,mercedes_benz,no,2016-03-16,0,63448,2016-03-22 01:22:58
2016-03-02 05:14:30,27149,,2014,manual,166,forfour,100000,4,petrol,smart,no,2016-03-02,0,56382,2016-03-21 12:20:40
2016-03-04 06:32:40,0,wagon,2013,manual,188,500,150000,12,petrol,fiat,no,2016-03-04,0,92460,2016-04-01 18:28:08
2016-03-23 05:39:11,16967,small,1996,auto,204,corolla,125000,6,electric,toyota,no,2016-03-23,0,99512,2016-04-12 15:25:15
2016-03-14 01:00:34,2677,small,2004,manual,68,transporter,80000,4,petrol,volkswagen,yes,2016-03-14,0,22637,2016-04-01 14:45:27
2016-03-28 11:10:49,20124,convertible,2009,manual,223,1er,150000,10,other,bmw,no,2016-03-28,0,61747,2016-04-21 19:50:41
2016-04-03 13:33:55,6532,coupe,2006,auto,85,c3,150000,8,,citroen,yes,2016-04-03,0,20687,2016-05-01 20:13:05
2016-03-28 21:42:20,10378,wagon,1999,manual,121,focus,40000,2,petrol,ford,no,2016-03-28,0,66241,2016-04-09 10:18:55
2016-03-11 08:51:58,25300,sedan,2009,auto,113,2_reihe,150000,6,gasoline,mazda,no,2016-03-11,0,5786,2016-04-03 19:17:54
2016-03-10 04:06:00,12394,sedan,1998,auto,137,corolla,100000,5,,toyota,no,2016-03-10,0,71439,2016-04-03 06:11:38
2016-03-10 17:12:10,18505,,1999,manual,113,v70,5000,11,petrol,volvo,,2016-03-10,0,32212,2016-03-24 07:16:52
2016-03-05 12:04:31,28272,,2004,manual,230,1er,125000,8,hybrid,bmw,no,2016-03-05,0,97703,2016-03-17 19:40:19
2016-03-09 07:27:44,22761,,2009,auto,108,zafira,150000,11,petrol,opel,no,2016-03-09,0,81001,2016-03-19 05:07:57
2016-03-18 13:44:07,2864,sedan,1996,manual,60,a6,70000,3,petrol,audi,,2016-03-18,0,79664,2016-04-02 08:45:39
2016-03-30 17:48:25,31962,suv,2001,auto,212,2_reihe,100000,9,other,peugeot,,2016-03-30,0,67120,2016-04-16 18:10:47
2016-03-23 10:46:29,32134,other,2012,auto,193,fortwo,150000,3,petrol,smart,no,2016-03-23,0,83092,2016-04-13 21:56:00
2016-03-25 03:08:48,6027,wagon,1995,manual,203,5_reihe,5000,7,,peugeot,,2016-03-25,0,56032,2016-03-27 15:39:44
2016-03-13 15:52:10,8658,small,1998,manual,240,astra,150000,1,gasoline,opel,no,2016-03-13,0,55282,2016-04-11 09:02:16
2016-03-04 05:40:18,5215,coupe,1997,manual,101,a4,125000,0,gasoline,audi,,2016-03-04,0,46675,2016-03-30 12:03:20
2016-03-20 08:23:29,17391,small,2014,auto,65,clio,125000,8,gasoline,renault,no,2016-03-20,0,63250,2016-04-08 04:02:39
2016-03-07 18:28:45,15878,wagon,2013,manual,220,altea,150000,5,other,seat,,2016-03-07,0,44064,2016-03-12 08:59:11
2016-03-14 07:18:39,28925,coupe,2006,manual,218,mondeo,90000,1,gasoline,ford,,2016-03-14,0,57400,2016-04-09 03:51:10
2016-03-22 15:21:45,5061,small,1996,auto,143,6_reihe,125000,7,petrol,mazda,no,2016-03-22,0,17514,2016-04-08 22:00:01
2016-03-26 10:55:42,17106,wagon,2002,manual,228,micra,150000,6,petrol,nissan,,2016-03-26,0,77692,2016-04-11 13:39:51
2016-03-21 16:39:09,23429,sedan,2006,auto,59,2_reihe,150000,0,electric,mazda,no,2016-03-21,0,56833,2016-03-31 21:03:38
2016-04-01 23:36:55,4321,sedan,1996,manual,66,andere,150000,5,gasoline,sonstige_autos,,2016-04-01,0,40765,2016-04-10 01:29:57
2016-03-21 08:36:28,28575,suv,2008,auto,144,twingo,150000,12,petrol,renault,no,2016-03-21,0,15741,2016-04-08 08:28:13
2016-03-20 00:32:16,0,wagon,2012,manual,103,twingo,150000,11,,renault,no,2016-03-20,0,33380,2016-04-05 23:45:47
2016-03-11 08:55:22,10548,other,2002,manual,222,superb,150000,10,petrol,skoda,no,2016-03-11,0,90261,2016-04-06 07:35:31
2016-03-13 04:41:43,5263,other,1996,manual,215,corsa,60000,11,petrol,opel,yes,2016-03-13,0,65290,2016-03-20 02:48:41
2016-03-25 23:36:55,8002,,2008,manual,120,clubman,150000,5,petrol,mini,no,2016-03-25,0,70842,2016-04-02 07:11:09
2016-03-07 02:32:06,18947,other,2016,manual,52,note,150000,3,gasoline,nissan,no,2016-03-07,0,58857,2016-03-24 03:34:58
2016-03-01 08:04:26,27013,coupe,2012,manual,228,v40,150000,5,gasoline,volvo,no,2016-03-01,0,73576,2016-03-21 09:24:31
2016-03-23 13:46:52,8830,wagon,2012,auto,48,c_klasse,80000,0,petrol,mercedes_benz,,2016-03-23,0,91154,2016-04-05 15:10:52
2016-03-25 15:26:47,16746,wagon,2001,manual,156,c3,125000,7,gasoline,citroen,no,2016-03-25,0,44017,2016-04-10 19:54:03
2016-03-13 05:54:43,8651,coupe,2012,manual,40,fabia,60000,7,gasoline,skoda,yes,2016-03-13,0,33703,2016-03-27 14:10:32
2016-03-16 13:23:36,8797,sedan,1999,manual,80,a4,150000,0,gasoline,audi,no,2016-03-16,0,52573,2016-04-09 05:36:25
2016-03-26 10:00:54,28816,other,2012,auto,63,fortwo,100000,10,gasoline,smart,no,2016-03-26,0,89141,2016-04-11 22:19:08
2016-04-01 01:05:22,9216,other,1996,manual,140,andere,90000,0,petrol,sonstige_autos,,2016-04-01,0,7495,2016-04-30 17:28:37
2016-03-08 14:11:55,8453,small,1997,manual,187,touran,80000,9,petrol,volkswagen,no,2016-03-08,0,49442,2016-03-12 10:44:27
2016-03-11 07:23:21,23086,sedan,2008,manual,252,clubman,150000,3,gasoline,mini,no,2016-03-11,0,92060,2016-03-21 04:59:47
2016-04-09 06:12:42,4527,coupe,2003,manual,102,2_reihe,100000,4,petrol,peugeot,,2016-04-09,0,10576,2016-04-29 20:08:40
2016-03-07 06:26:54,20933,wagon,2003,manual,253,corolla,100000,12,petrol,toyota,no,2016-03-07,0,9933,2016-03-09 11:55:09
2016-03-29 23:22:21,26849,wagon,2002,auto,246,fiesta,70000,6,petrol,ford,,2016-03-29,0,89504,2016-04-07 16:27:31
2016-03-19 00:06:10,25573,suv,2013,manual,111,fabia,150000,3,petrol,skoda,no,2016-03-19,0,52180,2016-04-06 04:21:29
2016-04-04 21:10:34,13586,other,2002,manual,175,500,150000,0,petrol,fiat,,2016-04-04,0,43577,2016-04-15 04:10:15
2016-03-22 04:56:48,18411,,2014,auto,52,punto,150000,2,,fiat,no,2016-03-22,0,3558,2016-03-22 19:35:33
2016-04-07 01:40:34,0,sedan,2002,manual,206,fiesta,90000,11,cng,ford,no,2016-04-07,0,50008,2016-05-05 17:37:56
2016-03-15 03:36:01,20627,,2013,manual,136,3_reihe,150000,3,gasoline,mazda,no,2016-03-15,0,35972,2016-03-18 01:14:01
2016-04-05 04:59:50,15311,bus,1997,manual,167,corsa,125000,4,gasoline,opel,no,2016-04-05,0,7513,2016-04-18 00:23:05
2016-04-08 13:14:19,10943,other,1997,auto,83,5_reihe,30000,10,other,peugeot,no,2016-04-08,0,99018,2016-04-28 00:50:43
2016-04-01 11:05:04,13708,small,2007,manual,231,fiesta,150000,7,gasoline,ford,no,2016-04-01,0,47300,2016-04-28 12:32:27
2016-03-18 07:16:22,27710,coupe,2010,manual,156,passat,150000,5,electric,volkswagen,no,2016-03-18,0,55491,2016-04-08 01:31:13
2016-03-14 00:01:56,38760,other,2010,manual,169,,60000,7,electric,nissan,no,2016-03-14,0,9751,2016-03-29 10:14:37
2016-03-07 06:41:16,9700,sedan,1996,manual,0,c4,150000,10,petrol,citroen,no,2016-03-07,0,52345,2016-03-10 18:49:33
2016-03-06 21:27:49,33960,coupe,2011,auto,142,clubman,60000,1,petrol,mini,no,2016-03-06,0,15856,2016-03-13 10:32:04
2016-04-04 16:54:47,8505,small,2006,manual,104,clubman,150000,8,,mini,no,2016-04-04,0,45671,2016-04-27 00:35:30
2016-03-14 14:14:05,26969,other,2008,auto,214,mondeo,5000,10,other,ford,no,2016-03-14,0,55969,2016-03-20 10:24:02
2016-04-05 23:58:48,25694,sedan,2016,manual,255,note,125000,2,,nissan,no,2016-04-05,0,79780,2016-04-07 21:08:47
2016-03-28 13:08:43,19916,wagon,2014,manual,244,berlingo,150000,11,petrol,citroen,,2016-03-28,0,32073,2016-04-08 08:10:41
2016-03-09 06:08:11,25587,wagon,2012,auto,50,fortwo,100000,0,gasoline,smart,no,2016-03-09,0,16065,2016-03-23 08:13:41
2016-03-11 19:48:20,7915,bus,1999,manual,120,polo,150000,2,petrol,volkswagen,no,2016-03-11,0,27523,2016-04-09 22:10:16
2016-03-04 22:44:21,31282,bus,1998,manual,228,v70,5000,7,hybrid,volvo,no,2016-03-04,0,19591,2016-04-03 11:04:58
2016-03-17 06:20:14,21165,wagon,2003,manual,220,andere,125000,1,gasoline,sonstige_autos,no,2016-03-17,0,50157,2016-04-08 17:26:51
2016-03-03 00:36:14,7902,wagon,1999,auto,194,s60,150000,10,gasoline,volvo,yes,2016-03-03,0,35971,2016-03-23 16:25:28
2016-03-04 18:02:25,11155,other,1999,manual,148,ibiza,150000,0,gasoline,seat,no,2016-03-04,0,28134,2016-03-09 00:37:43
2016-03-24 06:13:15,14884,wagon,2007,,66,corolla,100000,9,other,toyota,no,2016-03-24,0,48371,2016-04-19 17:34:55
2016-03-13 18:32:32,10818,other,1998,manual,169,fabia,150000,5,petrol,skoda,no,2016-03-13,0,87043,2016-03-17 18:00:32
2016-03-22 02:47:52,35058,suv,2005,manual,141,ka,60000,2,,ford,no,2016-03-22,0,73529,2016-04-10 23:17:57
2016-04-07 11:07:43,13976,other,2002,manual,101,forfour,40000,9,gasoline,smart,no,2016-04-07,0,61581,2016-04-07 23:01:28
2016-04-09 12:36:20,39217,coupe,2016,auto,58,altea,125000,3,gasoline,seat,no,2016-04-09,0,74740,2016-05-01 21:14:03
2016-03-27 20:20:23,20804,wagon,1996,auto,145,q5,90000,12,gasoline,audi,no,2016-03-27,0,93655,2016-03-30 01:42:34
2016-04-04 02:01:44,6363,sedan,2001,manual,243,clubman,30000,0,petrol,mini,yes,2016-04-04,0,74869,2016-04-28 20:34:00
2016-03-28 17:05:46,28667,other,1999,auto,150,megane,20000,6,gasoline,renault,no,2016-03-28,0,32975,2016-04-08 02:32:20
2016-03-31 07:48:17,14615,small,2003,,0,berlingo,50000,0,gasoline,citroen,no,2016-03-31,0,40145,2016-04-26 01:51:22
2016-03-22 09:59:57,34486,suv,2006,auto,174,c3,150000,10,petrol,citroen,no,2016-03-22,0,12510,2016-04-05 17:13:36
2016-03-16 14:03:09,17401,sedan,2014,manual,199,s60,150000,3,gasoline,volvo,no,2016-03-16,0,87964,2016-03-24 07:05:34
2016-03-04 13:39:22,6724,small,2004,manual,227,a6,70000,6,other,audi,no,2016-03-04,0,71182,2016-03-28 02:17:35
2016-04-07 03:11:45,10321,,1999,auto,113,a6,90000,4,gasoline,audi,no,2016-04-07,0,91372,2016-04-18 07:34:02
2016-03-24 01:18:08,37430,wagon,2002,auto,257,500,60000,1,gasoline,fiat,no,2016-03-24,0,29211,2016-04-17 22:31:37
2016-03-12 14:44:39,4612,bus,1999,manual,210,tucson,125000,4,petrol,hyundai,yes,2016-03-12,0,52199,2016-04-02 08:15:48
2016-03-01 16:30:58,25050,wagon,2015,manual,190,,150000,2,gasoline,ford,,2016-03-01,0,51838,2016-03-20 11:10:59
2016-04-08 18:50:57,46747,other,2010,manual,250,3_reihe,60000,4,electric,mazda,,2016-04-08,0,4799,2016-04-09 06:29:08
2016-03-13 15:09:33,9596,small,2005,manual,157,v40,125000,1,,volvo,no,2016-03-13,0,69324,2016-04-09 23:11:58
2016-03-08 10:33:06,5595,sedan,2003,manual,109,6_reihe,150000,3,gasoline,mazda,yes,2016-03-08,0,84209,2016-03-18 13:44:13
2016-03-18 17:27:10,26289,suv,2001,manual,224,mondeo,125000,8,gasoline,ford,no,2016-03-18,0,81855,2016-04-04 21:54:58
2016-03-09 06:13:16,14573,convertible,1999,manual,182,x_reihe,70000,3,petrol,bmw,no,2016-03-09,0,94557,2016-04-07 10:56:37
2016-03-10 23:40:13,13765,sedan,2001,manual,187,ibiza,90000,5,gasoline,seat,no,2016-03-10,0,83130,2016-03-25 11:28:33
2016-04-09 07:30:57,61001,suv,2005,auto,226,clubman,90000,12,hybrid,mini,no,2016-04-09,0,73586,2016-05-03 21:34:58
2016-03-26 03:53:12,4332,small,1999,auto,252,v40,90000,10,gasoline,volvo,yes,2016-03-26,0,13197,2016-04-19 18:00:27
2016-03-29 06:01:14,14823,sedan,2006,manual,139,polo,150000,7,gasoline,volkswagen,,2016-03-29,0,45429,2016-04-27 20:31:16
2016-03-10 22:34:56,15738,convertible,1999,manual,52,q5,80000,9,gasoline,audi,no,2016-03-10,0,63998,2016-03-21 19:29:00
2016-03-16 21:17:18,2733,,2002,manual,40,5er,90000,3,other,bmw,yes,2016-03-16,0,40493,2016-04-03 17:31:29
2016-03-30 04:21:02,14820,wagon,2004,manual,163,2_reihe,150000,1,petrol,mazda,no,2016-03-30,0,39686,2016-04-06 05:16:33
2016-04-02 02:11:19,16961,convertible,2003,manual,76,astra,125000,7,gasoline,opel,no,2016-04-02,0,46296,2016-04-25 03:04:58
2016-03-09 08:36:22,31516,bus,2014,auto,173,i20,150000,11,gasoline,hyundai,no,2016-03-09,0,1103,2016-04-04 16:18:06
2016-04-06 17:38:00,28894,convertible,2011,,142,altea,125000,5,,seat,,2016-04-06,0,71618,2016-04-13 07:26:11
2016-03-02 15:56:03,18062,,2000,,57,v40,80000,1,gasoline,volvo,no,2016-03-02,0,56350,2016-03-03 13:09:40
2016-03-24 21:26:15,15713,other,2006,manual,107,punto,100000,2,gasoline,fiat,,2016-03-24,0,35539,2016-04-04 09:32:05
2016-03-30 12:03:28,15176,sedan,2000,,168,,100000,5,,hyundai,no,2016-03-30,0,69003,2016-04-21 20:57:12
2016-03-09 06:58:12,5801,small,2004,auto,208,,150000,4,gasoline,mercedes_benz,yes,2016-03-09,0,21700,2016-03-20 13:19:27
2016-03-28 05:18:59,51420,,2014,auto,243,cooper,150000,1,petrol,mini,no,2016-03-28,0,21878,2016-03-30 14:39:02
2016-03-31 15:36:13,17515,convertible,2009,manual,206,e_klasse,125000,10,other,mercedes_benz,no,2016-03-31,0,79428,2016-04-30 08:20:08
2016-03-04 17:44:26,24831,convertible,2011,manual,167,astra,100000,3,gasoline,opel,no,2016-03-04,0,63570,2016-03-26 10:47:54
2016-04-04 09:45:40,10035,small,2010,manual,99,,90000,11,gasoline,fiat,no,2016-04-04,0,5584,2016-04-29 21:15:43
2016-03-12 23:19:33,20162,convertible,2004,manual,151,tucson,150000,10,petrol,hyundai,no,2016-03-12,0,86486,2016-04-02 05:19:55
2016-03-08 07:30:14,12912,wagon,2002,manual,205,a_klasse,90000,12,cng,mercedes_benz,no,2016-03-08,0,52258,2016-03-26 05:01:28
2016-04-04 05:32:11,18351,wagon,2006,manual,105,q5,150000,3,gasoline,audi,no,2016-04-04,0,49105,2016-04-14 15:03:16
2016-03-09 07:02:23,9108,wagon,1996,manual,78,focus,50000,12,petrol,ford,no,2016-03-09,0,18581,2016-04-06 01:34:42
2016-03-28 10:46:33,38065,other,2013,auto,212,5_reihe,125000,11,gasoline,peugeot,no,2016-03-28,0,50356,2016-03-30 03:29:47
2016-04-08 20:09:13,6883,suv,1999,manual,136,tucson,90000,4,petrol,hyundai,yes,2016-04-08,0,23169,2016-04-24 16:37:46
2016-04-09 23:47:35,9861,wagon,1999,manual,0,s60,70000,3,other,volvo,,2016-04-09,0,80836,2016-05-09 10:59:27
2016-04-08 08:38:24,18758,other,2015,manual,159,note,125000,1,petrol,nissan,no,2016-04-08,0,9026,2016-04-10 20:12:43
2016-03-26 03:18:25,14702,wagon,2015,,191,yaris,150000,0,hybrid,toyota,yes,2016-03-26,0,47421,2016-04-08 21:19:07
2016-03-24 09:57:12,34379,other,2010,manual,234,c3,150000,6,hybrid,citroen,no,2016-03-24,0,22081,2016-04-19 18:18:14
2016-03-01 04:23:34,0,,2011,manual,54,s60,150000,5,hybrid,volvo,no,2016-03-01,0,90663,2016-03-19 10:28:01
2016-03-11 07:23:08,31657,suv,2012,manual,161,i20,80000,10,petrol,hyundai,,2016-03-11,0,11546,2016-03-30 22:00:52
2016-03-12 16:06:50,37635,,2006,auto,199,a3,100000,8,lpg,audi,no,2016-03-12,0,79540,2016-03-22 20:50:54
2016-03-15 06:28:20,23410,wagon,2013,manual,119,5er,50000,12,petrol,bmw,no,2016-03-15,0,17381,2016-03-16 17:06:57
2016-03-20 00:38:42,37634,other,2008,auto,186,a4,100000,1,,audi,no,2016-03-20,0,13174,2016-03-29 08:14:42
2016-04-04 00:49:29,22311,other,2008,manual,190,,60000,5,,ford,no,2016-04-04,0,14279,2016-04-29 01:11:49
2016-03-12 15:41:20,34103,suv,2013,auto,178,x_reihe,150000,1,other,bmw,,2016-03-12,0,74573,2016-03-20 23:22:36
2016-03-21 20:46:52,13697,,2007,auto,47,tiguan,125000,1,,volkswagen,no,2016-03-21,0,22806,2016-03-22 01:01:11
2016-03-13 08:39:17,4317,small,2015,,131,yaris,50000,1,other,toyota,yes,2016-03-13,0,82668,2016-03-13 13:09:47
2016-03-28 18:31:12,12436,other,1999,manual,153,megane,30000,1,,renault,no,2016-03-28,0,5500,2016-04-20 14:25:44
2016-03-06 20:47:19,22857,,2008,manual,183,focus,30000,6,,ford,no,2016-03-06,0,49989,2016-03-19 06:12:44
2016-03-08 18:23:07,21789,suv,1996,auto,230,scenic,150000,3,petrol,renault,,2016-03-08,0,3975,2016-03-15 07:12:17
2016-03-01 03:16:34,6100,,2003,auto,159,fiesta,125000,3,other,ford,yes,2016-03-01,0,86691,2016-03-28 00:18:25
2016-04-03 09:59:05,27892,wagon,2011,auto,174,avensis,90000,6,petrol,toyota,no,2016-04-03,0,76652,2016-04-04 04:23:17
2016-04-02 08:24:58,15793,other,1999,manual,113,tucson,40000,5,gasoline,hyundai,no,2016-04-02,0,27345,2016-04-12 16:19:24
2016-03-02 08:56:56,16695,suv,1997,auto,182,3_reihe,150000,0,other,peugeot,no,2016-03-02,0,13480,2016-03-06 08:57:11
2016-03-12 18:56:53,25532,,2009,auto,169,vectra,125000,3,other,opel,no,2016-03-12,0,96183,2016-03-15 19:27:25
2016-04-07 00:58:32,6961,wagon,2000,auto,124,fortwo,150000,4,petrol,smart,yes,2016-04-07,0,8188,2016-04-22 21:17:17
2016-04-09 20:26:57,26330,coupe,2009,manual,258,superb,100000,4,petrol,skoda,no,2016-04-09,0,32371,2016-05-07 14:50:34
2016-03-25 14:31:57,12098,other,2016,auto,210,,100000,11,petrol,mercedes_benz,yes,2016-03-25,0,49316,2016-04-15 23:00:45
2016-04-06 03:28:02,24150,wagon,2007,manual,45,,125000,7,electric,hyundai,,2016-04-06,0,29522,2016-05-02 22:23:09
2016-03-10 06:12:42,14862,other,1999,manual,247,3er,150000,11,hybrid,bmw,no,2016-03-10,0,84110,2016-04-07 18:39:21
2016-03-02 08:14:08,8310,sedan,1997,manual,109,a_klasse,150000,4,gasoline,mercedes_benz,no,2016-03-02,0,6782,2016-03-16 14:09:24
2016-03-30 17:42:54,27584,sedan,2016,auto,207,punto,125000,4,petrol,fiat,no,2016-03-30,0,88414,2016-04-24 22:13:09
2016-03-26 11:41:19,14870,other,2014,manual,112,ka,125000,7,,ford,no,2016-03-26,0,8924,2016-04-13 16:11:39
2016-03-11 06:40:22,36197,suv,2014,manual,51,clubman,40000,2,petrol,mini,no,2016-03-11,0,96854,2016-04-09 03:58:58
2016-03-29 22:01:03,26088,coupe,1995,auto,198,scenic,125000,3,gasoline,renault,no,2016-03-29,0,5285,2016-04-15 00:57:17
2016-03-17 23:57:40,17769,small,2010,auto,95,5_reihe,150000,6,gasoline,peugeot,no,2016-03-17,0,45510,2016-03-29 05:07:48
2016-03-11 02:00:14,22148,coupe,2008,manual,203,clubman,70000,4,other,mini,no,2016-03-11,0,96685,2016-03-27 00:27:13
2016-03-18 20:32:46,11093,small,2007,manual,249,3_reihe,125000,4,petrol,mazda,no,2016-03-18,0,35551,2016-04-11 06:43:02
2016-03-12 23:01:39,0,other,2014,manual,202,octavia,150000,12,other,skoda,no,2016-03-12,0,36229,2016-03-23 02:24:02
2016-03-02 07:39:02,3772,small,2004,,202,500,150000,5,lpg,fiat,yes,2016-03-02,0,52228,2016-03-31 23:02:36
2016-03-05 06:01:19,34040,convertible,2007,manual,229,corsa,80000,10,hybrid,opel,no,2016-03-05,0,51761,2016-03-15 21:18:08
2016-03-30 12:46:03,15135,sedan,2009,manual,125,megane,100000,10,gasoline,renault,no,2016-03-30,0,68438,2016-04-05 11:05:03
2016-04-07 16:28:26,13601,small,2016,manual,83,mondeo,100000,1,petrol,ford,no,2016-04-07,0,35580,2016-04-09 18:09:02
2016-03-26 21:17:52,10624,wagon,1999,auto,47,fortwo,150000,5,petrol,smart,no,2016-03-26,0,3750,2016-04-15 07:47:23
2016-03-22 08:18:36,9728,bus,2004,manual,204,vectra,150000,12,gasoline,opel,yes,2016-03-22,0,57243,2016-04-03 06:50:01
2016-04-08 06:30:21,7388,other,1995,auto,68,andere,150000,2,,sonstige_autos,no,2016-04-08,0,62978,2016-04-13 06:40:33
2016-03-30 14:38:35,30128,suv,2013,manual,224,cooper,100000,3,other,mini,no,2016-03-30,0,23204,2016-04-04 17:53:59
2016-03-22 04:44:02,29757,,2009,manual,118,micra,150000,9,electric,nissan,no,2016-03-22,0,17297,2016-04-17 14:04:37
2016-03-17 17:40:25,14352,coupe,2000,manual,83,tiguan,30000,4,gasoline,volkswagen,no,2016-03-17,0,81307,2016-04-15 16:19:23
2016-04-02 09:45:52,12731,wagon,2002,manual,125,clubman,125000,5,petrol,mini,no,2016-04-02,0,59087,2016-04-25 08:12:35
2016-03-10 12:48:54,0,other,2010,manual,188,c4,150000,7,petrol,citroen,,2016-03-10,0,31556,2016-04-07 19:15:54
2016-03-24 09:16:18,6412,other,1995,manual,144,megane,125000,0,other,renault,,2016-03-24,0,7304,2016-04-08 13:49:50
2016-03-19 10:57:17,28549,sedan,2012,auto,88,octavia,90000,9,gasoline,skoda,no,2016-03-19,0,86284,2016-04-17 22:54:00
2016-03-17 22:09:02,17854,,2013,manual,179,3er,150000,7,gasoline,bmw,no,2016-03-17,0,86771,2016-03-17 22:12:01
2016-03-13 01:22:34,17264,small,2013,auto,150,v40,40000,2,petrol,volvo,no,2016-03-13,0,36938,2016-03-22 14:14:55
2016-03-01 17:28:31,16020,,2003,manual,114,c3,150000,12,petrol,citroen,no,2016-03-01,0,6932,2016-03-23 02:50:14
2016-04-03 04:58:06,27835,,1998,manual,236,,10000,3,hybrid,peugeot,,2016-04-03,0,46582,2016-04-09 19:37:02
2016-03-26 19:42:46,20573,bus,2016,manual,57,i20,150000,7,petrol,hyundai,no,2016-03-26,0,58894,2016-04-12 06:12:43
2016-03-16 08:19:50,10939,small,2016,manual,198,3_reihe,150000,11,petrol,peugeot,no,2016-03-16,0,88351,2016-03-26 13:20:40
2016-03-10 04:08:21,26698,wagon,2009,manual,246,i20,70000,5,petrol,hyundai,no,2016-03-10,0,65893,2016-04-03 07:10:48
2016-03-27 11:06:24,18187,small,2015,auto,40,2_reihe,100000,12,gasoline,peugeot,no,2016-03-27,0,42566,2016-04-22 08:12:47
2016-04-01 16:10:53,8462,sedan,1998,manual,75,s60,90000,9,petrol,volvo,no,2016-04-01,0,60329,2016-04-18 09:13:19
2016-04-09 10:10:54,23224,convertible,2009,manual,117,a_klasse,150000,1,gasoline,mercedes_benz,no,2016-04-09,0,81790,2016-04-28 21:12:51
2016-03-28 02:00:13,15855,other,2011,manual,119,7er,125000,4,petrol,bmw,no,2016-03-28,0,33441,2016-04-07 20:10:52
2016-03-28 22:10:40,8753,small,1996,manual,165,,60000,9,gasoline,volkswagen,,2016-03-28,0,18948,2016-04-07 14:07:06
2016-03-14 15:37:20,25608,coupe,2006,manual,235,5_reihe,150000,8,petrol,peugeot,no,2016-03-14,0,48060,2016-03-28 13:36:43
2016-03-31 15:19:06,90000,small,1999,manual,100,3_reihe,30000,6,gasoline,peugeot,,2016-03-31,0,15451,2016-04-29 11:09:41
2016-04-03 00:28:02,1960,small,2005,manual,100,octavia,150000,7,lpg,skoda,yes,2016-04-03,0,50429,2016-04-23 15:53:31
2016-03-06 00:56:04,7357,sedan,1999,auto,198,qashqai,150000,8,gasoline,nissan,,2016-03-06,0,30035,2016-03-29 10:38:02
2016-03-13 18:23:06,18890,other,2016,manual,187,note,100000,12,other,nissan,no,2016-03-13,0,26703,2016-03-24 14:19:42
2016-03-03 16:21:00,0,wagon,1996,manual,233,ibiza,150000,11,petrol,seat,yes,2016-03-03,0,78218,2016-03-28 05:19:04
2016-03-13 12:51:43,13802,wagon,2002,auto,121,a6,90000,2,,audi,no,2016-03-13,0,8404,2016-04-09 16:44:52
2016-03-09 09:22:14,2189,small,1995,manual,157,fabia,150000,12,gasoline,skoda,yes,2016-03-09,0,64668,2016-03-16 13:38:15
2016-03-13 19:55:16,11115,other,2012,manual,43,leon,125000,0,cng,seat,no,2016-03-13,0,53508,2016-04-03 14:22:44
2016-04-02 08:26:54,18366,,2012,manual,118,punto,20000,7,other,fiat,no,2016-04-02,0,8280,2016-04-17 19:29:28
2016-03-17 09:28:33,2716,wagon,2003,manual,0,clio,150000,2,other,renault,yes,2016-03-17,0,71148,2016-03-29 17:40:56
2016-03-05 04:16:35,29083,bus,2010,auto,114,fortwo,20000,6,other,smart,no,2016-03-05,0,31217,2016-03-24 09:20:34
2016-03-28 03:30:18,4357,sedan,2010,manual,132,octavia,125000,4,other,skoda,yes,2016-03-28,0,25651,2016-04-06 11:30:18
2016-03-31 23:09:42,52041,suv,2013,auto,233,500,20000,6,,fiat,no,2016-03-31,0,90539,2016-04-18 17:44:08
2016-03-31 16:15:57,15472,suv,2010,auto,159,punto,125000,12,other,fiat,yes,2016-03-31,0,53293,2016-04-23 18:34:04
2016-03-04 01:12:00,9623,sedan,2007,manual,92,v40,125000,10,petrol,volvo,no,2016-03-04,0,31771,2016-03-14 03:15:17
2016-03-13 21:08:28,24484,other,2000,auto,247,leon,150000,12,gasoline,seat,no,2016-03-13,0,96330,2016-03-25 03:12:32
2016-04-08 06:24:19,5101,small,1800,manual,137,e_klasse,150000,3,cng,mercedes_benz,no,2016-04-08,0,29838,2016-04-20 13:44:55
2016-04-04 13:03:50,18762,wagon,2015,manual,135,scenic,150000,1,cng,renault,no,2016-04-04,0,53994,2016-04-09 04:08:11
2016-03-08 06:59:35,12702,small,2016,manual,181,v40,50000,5,other,volvo,no,2016-03-08,0,92276,2016-03-30 06:46:07
2016-03-31 11:50:24,29645,convertible,2000,manual,226,e_klasse,90000,6,gasoline,mercedes_benz,,2016-03-31,0,13307,2016-04-03 12:04:27
2016-03-01 02:18:29,10037,small,1999,auto,156,cooper,80000,10,petrol,mini,no,2016-03-01,0,32198,2016-03-02 10:31:02
2016-03-06 22:20:48,12371,sedan,2009,manual,57,2_reihe,150000,4,gasoline,peugeot,no,2016-03-06,0,88168,2016-03-10 15:31:22
2016-03-21 11:41:29,22120,sedan,2007,manual,88,c_klasse,150000,4,hybrid,mercedes_benz,no,2016-03-21,0,89761,2016-03-31 08:06:54
2016-04-08 12:13:28,10282,sedan,2005,manual,143,corsa,150000,8,other,opel,no,2016-04-08,0,88682,2016-04-16 01:13:37
2016-03-04 03:09:35,9117,small,2011,manual,78,v70,150000,0,gasoline,volvo,no,2016-03-04,0,42881,2016-03-09 05:29:53
2016-03-01 03:34:48,20037,small,1998,auto,259,andere,90000,6,gasoline,sonstige_autos,no,2016-03-01,0,26983,2016-03-19 02:53:22
2016-03-23 00:42:38,44340,convertible,2015,auto,49,andere,100000,1,gasoline,sonstige_autos,no,2016-03-23,0,6464,2016-04-06 16:22:30
2016-03-15 17:28:15,8958,convertible,1995,manual,133,leon,150000,11,gasoline,seat,no,2016-03-15,0,1917,2016-03-21 02:16:55
2016-03-06 11:44:55,3966,sedan,2000,manual,117,v40,150000,6,,volvo,yes,2016-03-06,0,26543,2016-03-16 10:33:50
2016-04-08 09:07:29,27082,wagon,2016,manual,153,cooper,125000,8,petrol,mini,,2016-04-08,0,46569,2016-04-21 19:17:44
2016-03-17 22:21:01,3666,other,1996,manual,101,clubman,150000,0,gasoline,mini,,2016-03-17,0,14909,2016-04-07 11:16:52
2016-04-03 18:40:20,5266,small,2004,manual,93,2_reihe,150000,3,other,peugeot,no,2016-04-03,0,7454,2016-04-21 05:18:55
2016-04-05 15:53:53,8788,,2002,manual,62,3_reihe,150000,1,gasoline,peugeot,no,2016-04-05,0,58484,2016-04-30 06:02:03
2016-03-31 18:34:27,16629,small,2011,auto,231,500,150000,11,petrol,fiat,no,2016-03-31,0,31382,2016-04-28 19:08:04
2016-03-02 13:29:38,1877,suv,1995,manual,63,2_reihe,150000,9,lpg,peugeot,,2016-03-02,0,59273,2016-03-31 11:23:36
2016-03-26 02:47:59,40929,sedan,2010,auto,201,fiesta,100000,1,gasoline,ford,no,2016-03-26,0,88315,2016-04-06 20:18:08
2016-03-19 12:40:08,17154,wagon,2002,auto,44,andere,150000,9,gasoline,sonstige_autos,no,2016-03-19,0,70524,2016-04-03 10:46:18
2016-03-21 02:26:32,5337,wagon,2002,manual,180,a4,60000,5,other,audi,,2016-03-21,0,84909,2016-04-02 06:20:33
2016-04-04 19:49:11,14179,suv,1995,auto,56,3_reihe,125000,4,gasoline,peugeot,no,2016-04-04,0,73771,2016-04-07 03:56:54
2016-04-02 07:50:40,15731,small,2016,manual,105,i20,50000,8,gasoline,hyundai,no,2016-04-02,0,21678,2016-04-30 07:39:12
2016-04-08 21:20:04,19939,other,2012,manual,232,fortwo,90000,6,petrol,smart,,2016-04-08,0,96988,2016-04-11 04:53:18
2016-03-08 10:57:24,16025,sedan,2012,,211,a6,125000,3,petrol,audi,no,2016-03-08,0,38423,2016-03-24 01:05:40
2016-04-08 08:48:54,25098,convertible,2014,,186,s_klasse,150000,3,petrol,mercedes_benz,no,2016-04-08,0,42962,2016-04-11 16:27:50
2016-03-21 12:26:55,15985,wagon,1999,manual,223,q5,100000,8,lpg,audi,no,2016-03-21,0,94023,2016-03-27 18:56:52
2016-03-18 01:17:00,15136,small,2013,manual,217,tiguan,125000,3,gasoline,volkswagen,,2016-03-18,0,87143,2016-03-28 22:32:44
2016-03-15 12:27:28,5308,small,2013,manual,142,1er,10000,4,petrol,bmw,yes,2016-03-15,0,45932,2016-03-20 03:57:34
2016-03-09 17:09:11,22887,other,2014,manual,187,,70000,10,petrol,fiat,no,2016-03-09,0,39890,2016-03-10 19:52:47
2016-03-02 02:15:13,0,coupe,2001,manual,98,,150000,4,gasoline,ford,,2016-03-02,0,61764,2016-03-05 08:23:44
2016-03-08 11:10:18,0,wagon,2014,manual,59,leon,150000,2,other,seat,no,2016-03-08,0,55063,2016-03-14 11:46:00
2016-03-17 17:54:14,11934,other,2001,manual,64,passat,80000,0,petrol,volkswagen,no,2016-03-17,0,53344,2016-04-04 00:03:01
2016-03-28 02:35:08,27641,sedan,2008,manual,101,500,100000,7,hybrid,fiat,no,2016-03-28,0,55114,2016-04-13 02:43:07
2016-03-04 07:46:27,36857,coupe,2011,auto,207,berlingo,150000,5,petrol,citroen,no,2016-03-04,0,20314,2016-03-12 03:34:24
2016-03-30 00:55:11,8283,,2012,manual,137,clubman,150000,10,other,mini,,2016-03-30,0,19991,2016-04-24 23:22:03
2016-03-27 01:37:22,11475,wagon,1996,manual,0,corsa,90000,4,petrol,opel,,2016-03-27,0,80542,2016-03-28 04:56:51
2016-04-03 17:38:27,10299,small,2009,manual,240,fortwo,125000,9,petrol,smart,no,2016-04-03,0,34070,2016-04-12 10:02:16
2016-03-13 08:56:09,13307,small,2013,manual,250,vectra,150000,8,other,opel,no,2016-03-13,0,45301,2016-03-16 16:24:19
2016-03-14 12:43:56,29779,other,2008,auto,206,,150000,6,gasoline,fiat,no,2016-03-14,0,4472,2016-03-24 23:39:41
2016-04-06 08:10:34,10744,small,1997,manual,163,astra,40000,4,hybrid,opel,no,2016-04-06,0,14158,2016-04-23 18:08:52
2016-03-29 01:33:57,22064,wagon,2015,manual,241,a3,150000,8,,audi,no,2016-03-29,0,4429,2016-04-21 00:41:57
2016-03-16 08:23:06,6330,wagon,1996,auto,59,fortwo,150000,6,other,smart,no,2016-03-16,0,31067,2016-03-21 03:25:23
2016-03-31 16:35:08,20545,other,2011,manual,227,5er,100000,10,lpg,bmw,no,2016-03-31,0,74392,2016-04-13 19:09:27
2016-04-03 06:50:18,5883,small,2003,manual,110,v70,150000,10,petrol,volvo,no,2016-04-03,0,7796,2016-04-18 17:36:39
2016-04-08 03:01:59,5207,other,2009,manual,106,berlingo,150000,2,petrol,citroen,,2016-04-08,0,76198,2016-05-01 06:46:42
2016-03-16 14:19:02,10631,small,1995,auto,179,fabia,150000,4,hybrid,skoda,,2016-03-16,0,57912,2016-04-13 07:15:58
2016-03-10 08:34:06,13719,sedan,2005,auto,159,tucson,150000,0,gasoline,hyundai,no,2016-03-10,0,21849,2016-03-12 10:28:51
2016-03-25 18:22:33,7186,coupe,2003,manual,88,7er,80000,0,gasoline,bmw,yes,2016-03-25,0,61150,2016-04-23 17:30:12
2016-03-02 23:33:53,22082,bus,2003,manual,174,5er,100000,12,petrol,bmw,no,2016-03-02,0,66182,2016-03-18 05:48:45
2016-04-02 13:59:57,12133,small,2002,auto,115,panda,90000,3,gasoline,fiat,no,2016-04-02,0,95988,2016-04-08 10:26:12
2016-03-12 13:43:51,24085,convertible,1998,manual,252,altea,150000,5,gasoline,seat,no,2016-03-12,0,72281,2016-03-30 10:45:59
2016-04-04 04:49:57,21939,wagon,2003,auto,162,punto,100000,12,petrol,fiat,no,2016-04-04,0,76421,2016-05-02 13:31:56
2016-03-23 06:33:07,19416,coupe,2006,manual,248,note,100000,5,other,nissan,no,2016-03-23,0,93939,2016-04-19 01:29:15
2016-03-09 12:34:15,19070,sedan,2013,auto,148,micra,150000,2,other,nissan,no,2016-03-09,0,95578,2016-03-30 13:13:09
2016-04-01 04:13:23,19857,sedan,2011,manual,163,panda,150000,6,gasoline,fiat,,2016-04-01,0,80673,2016-04-22 11:15:35
2016-04-05 16:41:11,19700,coupe,2013,manual,231,tucson,125000,8,petrol,hyundai,no,2016-04-05,0,1048,2016-04-19 01:10:23
2016-03-05 20:36:44,17014,wagon,1998,manual,177,fiesta,150000,11,hybrid,ford,,2016-03-05,0,20884,2016-03-16 02:42:58
2016-03-29 14:54:04,24960,sedan,2012,manual,77,2_reihe,80000,0,gasoline,mazda,no,2016-03-29,0,9468,2016-03-31 18:12:24
2016-04-04 03:52:01,8678,wagon,2013,manual,160,astra,150000,7,petrol,opel,yes,2016-04-04,0,71513,2016-04-29 01:22:24
2016-03-08 04:13:08,11643,small,2007,manual,0,1er,10000,3,petrol,bmw,no,2016-03-08,0,87788,2016-03-16 05:19:45
2016-03-25 09:33:01,10070,small,2009,manual,145,zafira,125000,2,petrol,opel,no,2016-03-25,0,7848,2016-04-22 22:16:32
2016-03-31 12:52:36,14348,,2002,auto,163,,150000,10,petrol,seat,no,2016-03-31,0,3534,2016-04-28 04:23:15
2016-03-15 21:35:20,9957,sedan,1997,manual,185,andere,80000,10,lpg,sonstige_autos,no,2016-03-15,0,69654,2016-03-30 06:51:41
2016-03-06 13:37:44,32767,convertible,2013,manual,226,2_reihe,150000,4,gasoline,mazda,,2016-03-06,0,6678,2016-03-28 10:36:09
2016-03-01 05:26:19,13127,suv,2000,manual,71,andere,125000,1,gasoline,sonstige_autos,no,2016-03-01,0,40601,2016-03-29 16:38:36
2016-04-07 10:08:21,0,bus,2010,manual,240,cooper,150000,3,,mini,no,2016-04-07,0,83453,2016-04-12 09:02:34
2016-03-06 00:56:09,11666,other,2003,auto,40,megane,100000,11,petrol,renault,no,2016-03-06,0,33375,2016-03-18 01:11:21
2016-03-29 20:37:50,22917,other,2010,auto,62,a3,5000,11,other,audi,no,2016-03-29,0,34594,2016-04-04 12:13:51
2016-03-13 13:36:32,29344,wagon,2016,manual,78,3_reihe,80000,11,,peugeot,no,2016-03-13,0,76617,2016-03-26 23:06:15
2016-03-20 06:52:35,10306,,1998,auto,202,mondeo,125000,1,gasoline,ford,yes,2016-03-20,0,43917,2016-04-04 03:56:36
2016-03-04 20:15:56,9163,suv,1998,manual,70,passat,150000,9,petrol,volkswagen,no,2016-03-04,0,48186,2016-03-27 09:02:59
2016-03-13 20:05:55,18284,sedan,1998,manual,120,zafira,50000,9,electric,opel,no,2016-03-13,0,42031,2016-03-13 23:01:07
2016-03-02 03:25:32,12123,sedan,1998,manual,250,s_klasse,60000,0,cng,mercedes_benz,no,2016-03-02,0,25950,2016-03-30 09:01:50
2016-04-06 07:24:11,26150,,2008,manual,158,fabia,125000,1,,skoda,no,2016-04-06,0,11942,2016-04-23 18:45:34
2016-03-12 18:08:20,10269,sedan,2004,manual,82,punto,125000,0,petrol,fiat,no,2016-03-12,0,22242,2016-03-19 13:54:23
2016-03-21 23:18:56,15204,suv,1998,auto,129,5_reihe,150000,1,gasoline,peugeot,no,2016-03-21,0,63214,2016-03-22 03:26:30
2016-03-05 15:13:01,8728,small,2014,manual,42,andere,150000,2,petrol,sonstige_autos,,2016-03-05,0,36610,2016-03-30 08:17:27
2016-03-20 07:33:34,11311,convertible,1998,manual,73,500,90000,3,petrol,fiat,,2016-03-20,0,34276,2016-03-27 01:03:27
2016-03-15 06:48:32,9600,sedan,1996,manual,176,,150000,0,gasoline,peugeot,no,2016-03-15,0,15967,2016-03-19 11:11:57
2016-03-03 10:52:40,16908,wagon,2006,manual,41,s60,60000,4,petrol,volvo,no,2016-03-03,0,47900,2016-03-27 23:48:50
2016-04-05 22:55:11,17902,wagon,2004,,117,avensis,90000,6,,toyota,,2016-04-05,0,72788,2016-05-02 11:47:24
2016-03-05 23:41:24,26713,,2010,auto,64,3_reihe,150000,1,petrol,mazda,no,2016-03-05,0,77809,2016-03-12 21:45:43
2016-03-30 03:12:53,9420,wagon,2013,manual,189,c3,30000,11,petrol,citroen,yes,2016-03-30,0,13209,2016-04-28 18:32:24
2016-04-03 22:20:50,16939,convertible,1999,manual,59,fabia,10000,12,gasoline,skoda,no,2016-04-03,0,17346,2016-04-07 00:50:18
2016-03-11 08:33:21,20262,wagon,1997,auto,75,yaris,50000,11,gasoline,toyota,no,2016-03-11,0,97011,2016-03-13 04:37:35
2016-03-29 10:37:29,17179,coupe,2011,manual,89,forfour,150000,5,gasoline,smart,no,2016-03-29,0,25237,2016-04-19 11:11:32
2016-03-24 17:40:28,23034,wagon,1997,auto,259,x_reihe,20000,1,other,bmw,no,2016-03-24,0,88727,2016-03-28 00:45:36
2016-03-13 16:45:23,19787,wagon,1999,manual,201,3_reihe,30000,0,,peugeot,,2016-03-13,0,87113,2016-04-12 15:09:40
2016-03-15 00:09:07,11998,coupe,2012,,62,a4,150000,6,petrol,audi,yes,2016-03-15,0,96228,2016-03-25 12:07:41
2016-03-12 19:29:00,21687,other,2006,auto,73,polo,30000,10,other,volkswagen,no,2016-03-12,0,61479,2016-04-08 14:16:26
2016-03-27 02:37:43,11691,other,1996,manual,232,andere,100000,0,petrol,sonstige_autos,no,2016-03-27,0,55076,2016-04-15 07:34:44
2016-03-14 09:47:09,6514,wagon,1995,manual,160,andere,150000,2,other,sonstige_autos,,2016-03-14,0,70367,2016-04-06 05:37:01
2016-03-11 22:57:37,19926,wagon,2005,manual,119,megane,20000,6,,renault,,2016-03-11,0,48196,2016-03-24 02:44:21
2016-03-22 04:12:21,18341,coupe,2007,manual,0,v40,150000,8,gasoline,volvo,,2016-03-22,0,94422,2016-04-17 19:43:08
2016-03-07 13:42:27,44619,coupe,1995,auto,174,andere,30000,7,hybrid,sonstige_autos,no,2016-03-07,0,11686,2016-03-24 21:07:49
2016-03-08 01:22:23,11843,small,2009,manual,162,forfour,150000,2,gasoline,smart,no,2016-03-08,0,51886,2016-03-15 19:08:48
2016-03-03 10:21:11,27589,wagon,2001,auto,177,forfour,150000,9,gasoline,smart,no,2016-03-03,0,66972,2016-03-11 06:06:44
2016-03-25 07:11:26,7634,,2006,manual,172,forfour,150000,11,cng,smart,yes,2016-03-25,0,20326,2016-04-21 01:22:42
2016-03-07 14:43:02,28839,suv,1998,auto,119,note,90000,8,gasoline,nissan,no,2016-03-07,0,31287,2016-03-24 12:16:02
2016-04-05 21:08:10,48284,suv,2013,auto,126,clubman,150000,9,gasoline,mini,no,2016-04-05,0,92922,2016-04-20 13:39:32
2016-03-23 15:02:04,8649,small,2004,,169,500,20000,6,other,fiat,no,2016-03-23,0,82757,2016-04-19 03:47:03
2016-03-01 03:13:30,18204,suv,2010,,75,corolla,150000,7,lpg,toyota,,2016-03-01,0,88009,2016-03-15 17:03:26
2016-03-06 04:37:43,6796,,1998,manual,93,a_klasse,5000,0,other,mercedes_benz,no,2016-03-06,0,27057,2016-03-27 11:50:27
2016-03-23 10:10:57,14847,bus,1995,manual,210,x_reihe,150000,6,,bmw,,2016-03-23,0,55051,2016-04-06 18:35:08
2016-03-25 01:39:28,29026,convertible,2004,manual,193,6_reihe,150000,9,gasoline,mazda,no,2016-03-25,0,98291,2016-04-20 03:22:08
2016-03-22 02:44:29,17909,suv,1996,manual,214,3_reihe,150000,12,gasoline,peugeot,no,2016-03-22,0,79184,2016-04-02 14:00:45
2016-03-12 19:55:37,23121,other,2007,manual,171,3er,100000,9,gasoline,bmw,no,2016-03-12,0,15324,2016-03-15 00:14:47
2016-03-29 15:30:30,28868,sedan,2015,manual,40,passat,90000,9,electric,volkswagen,,2016-03-29,0,94734,2016-04-08 22:32:24
2016-03-19 05:49:15,6099,sedan,1997,manual,90,mondeo,90000,7,,ford,no,2016-03-19,0,93177,2016-03-26 17:57:33
2016-04-07 01:47:08,36714,suv,2003,auto,233,,100000,0,gasoline,peugeot,no,2016-04-07,0,3633,2016-04-17 12:39:43
2016-03-11 11:27:19,11938,other,1996,manual,103,polo,90000,8,gasoline,volkswagen,,2016-03-11,0,31550,2016-03-24 20:00:17
2016-04-04 08:53:55,28550,suv,2000,manual,191,megane,20000,1,gasoline,renault,no,2016-04-04,0,28851,2016-04-14 17:21:37
2016-03-08 05:14:45,23177,,2013,auto,55,clubman,60000,8,,mini,no,2016-03-08,0,72157,2016-03-15 22:05:25
2016-03-29 06:24:28,14992,sedan,1995,manual,227,astra,100000,0,hybrid,opel,,2016-03-29,0,74316,2016-04-14 21:36:17
2016-03-19 17:47:44,10625,wagon,2003,manual,110,fabia,90000,3,other,skoda,,2016-03-19,0,12241,2016-03-31 03:26:24
2016-03-15 19:52:08,28353,,2005,manual,198,ka,40000,11,petrol,ford,,2016-03-15,0,53897,2016-04-04 00:43:27
2016-04-02 20:48:02,10785,sedan,2003,manual,147,a1,70000,2,other,audi,no,2016-04-02,0,4565,2016-04-08 08:49:25
2016-03-05 09:24:40,24116,sedan,2008,manual,0,2_reihe,5000,3,gasoline,mazda,no,2016-03-05,0,31939,2016-03-12 12:41:02
2016-03-30 05:51:07,16785,bus,2006,manual,227,c4,150000,3,petrol,citroen,no,2016-03-30,0,8775,2016-04-12 20:12:16
2016-04-03 16:55:54,22465,,2005,manual,180,cooper,150000,5,gasoline,mini,no,2016-04-03,0,73223,2016-04-18 15:07:13
2016-03-31 21:09:33,33282,other,2006,manual,159,focus,30000,2,hybrid,ford,no,2016-03-31,0,96023,2016-04-24 13:40:17
2016-03-06 14:15:30,13299,bus,2010,manual,0,a1,150000,0,,audi,yes,2016-03-06,0,95910,2016-03-17 07:33:50
2016-03-18 09:31:42,14027,sedan,2001,manual,252,s60,150000,9,gasoline,volvo,,2016-03-18,0,15002,2016-03-24 19:56:31
2016-03-02 20:16:37,4912,other,2001,manual,144,cooper,125000,3,petrol,mini,yes,2016-03-02,0,4620,2016-03-22 14:14:55
2016-04-01 23:23:21,12902,sedan,2008,auto,241,5_reihe,150000,4,gasoline,peugeot,yes,2016-04-01,0,69492,2016-04-27 03:41:14
2016-03-02 15:12:01,21459,sedan,2003,auto,112,note,100000,5,gasoline,nissan,no,2016-03-02,0,12257,2016-03-06 17:18:33
2016-03-06 10:06:28,20650,wagon,2007,manual,166,superb,125000,10,,skoda,no,2016-03-06,0,52336,2016-03-12 09:05:55
2016-03-13 16:55:19,22462,suv,2012,manual,181,a3,125000,3,,audi,no,2016-03-13,0,48553,2016-03-24 02:52:19
2016-03-17 00:44:09,11247,sedan,1997,auto,0,superb,150000,5,other,skoda,no,2016-03-17,0,49513,2016-03-29 00:35:36
2016-03-19 01:34:43,19227,sedan,2009,manual,196,c3,20000,2,petrol,citroen,no,2016-03-19,0,20984,2016-03-27 00:32:12
2016-04-05 11:16:53,20228,convertible,2007,manual,191,micra,150000,11,petrol,nissan,no,2016-04-05,0,29559,2016-04-25 14:43:31
2016-03-22 01:45:03,32477,,2013,manual,178,c_klasse,100000,1,gasoline,mercedes_benz,no,2016-03-22,0,23559,2016-04-01 06:30:41
2016-03-21 04:03:22,7734,bus,2005,manual,180,6_reihe,150000,11,petrol,mazda,yes,2016-03-21,0,16029,2016-03-22 03:41:53
2016-03-08 13:03:35,31290,sedan,2012,auto,92,3er,150000,8,electric,bmw,no,2016-03-08,0,41190,2016-03-21 04:42:29
2016-03-28 07:45:30,17696,other,2001,manual,0,i30,20000,8,petrol,hyundai,no,2016-03-28,0,35496,2016-04-18 04:08:11
2016-03-13 08:04:26,22508,sedan,1997,auto,257,c3,150000,12,gasoline,citroen,no,2016-03-13,0,7806,2016-04-03 22:55:59
2016-04-05 13:02:47,13279,sedan,2013,manual,54,3_reihe,150000,0,gasoline,mazda,no,2016-04-05,0,66403,2016-04-09 04:51:26
2016-04-05 13:22:54,16334,other,2004,manual,212,a3,150000,8,petrol,audi,,2016-04-05,0,52645,2016-04-27 06:36:06
2016-03-30 05:39:00,5671,small,1999,manual,107,tucson,150000,12,hybrid,hyundai,no,2016-03-30,0,84961,2016-04-28 18:36:11
2016-03-08 13:18:33,52315,suv,2011,manual,215,focus,150000,11,electric,ford,no,2016-03-08,0,12764,2016-04-02 21:25:20
2016-03-27 19:06:27,25510,,2013,auto,117,a3,10000,7,petrol,audi,,2016-03-27,0,76930,2016-04-09 07:00:42
2016-03-10 09:03:11,6075,sedan,2008,auto,0,insignia,150000,0,petrol,opel,yes,2016-03-10,0,18020,2016-03-28 03:45:50
2016-03-31 10:16:25,3902,coupe,2001,manual,88,fortwo,125000,2,other,smart,yes,2016-03-31,0,15829,2016-04-19 21:37:39
2016-03-28 01:27:28,10008,small,2016,manual,168,clubman,60000,11,other,mini,,2016-03-28,0,37867,2016-04-23 21:48:18
2016-04-09 08:22:29,35117,suv,2012,auto,212,altea,125000,7,other,seat,no,2016-04-09,0,60446,2016-04-29 16:47:03
2016-03-26 00:59:21,12463,small,2008,manual,53,yaris,150000,8,electric,toyota,no,2016-03-26,0,73673,2016-04-10 18:06:13
2016-03-11 01:29:31,13848,convertible,1999,manual,142,octavia,90000,3,other,skoda,no,2016-03-11,0,92650,2016-03-21 00:22:05
2016-03-13 21:59:10,21578,other,2014,manual,224,a4,150000,7,petrol,audi,no,2016-03-13,0,72679,2016-04-10 17:14:19
2016-03-11 14:12:59,11419,,1997,auto,209,zafira,150000,7,other,opel,no,2016-03-11,0,60878,2016-04-06 03:52:50
2016-03-11 03:54:20,8020,suv,2011,manual,48,x_reihe,150000,2,gasoline,bmw,,2016-03-11,0,80309,2016-03-21 16:33:31
2016-03-07 06:38:27,8501,sedan,2003,manual,0,fiesta,150000,2,petrol,ford,no,2016-03-07,0,45728,2016-03-15 23:41:21
2016-04-04 23:33:54,6869,small,2002,,174,fortwo,150000,3,petrol,smart,no,2016-04-04,0,81487,2016-04-28 08:24:35
2016-03-23 04:00:31,24907,sedan,2012,auto,210,fortwo,100000,5,other,smart,no,2016-03-23,0,70971,2016-04-21 07:06:23
2016-03-20 05:38:58,13527,small,2003,manual,202,golf,125000,6,gasoline,volkswagen,no,2016-03-20,0,48181,2016-04-08 23:39:05
2016-03-11 03:22:57,25126,sedan,2009,auto,73,i20,90000,4,gasoline,hyundai,,2016-03-11,0,1568,2016-04-05 22:25:13
2016-03-25 03:23:20,8503,,2000,manual,67,c3,150000,6,petrol,citroen,,2016-03-25,0,8266,2016-03-26 09:11:09
2016-03-06 00:55:41,21633,suv,1998,manual,249,500,150000,6,petrol,fiat,,2016-03-06,0,5600,2016-04-02 17:59:43
2016-03-02 14:31:58,16773,other,2013,manual,125,altea,60000,7,other,seat,,2016-03-02,0,85102,2016-03-03 18:24:11
2016-04-09 21:10:20,16724,convertible,2000,manual,201,micra,150000,10,,nissan,no,2016-04-09,0,6176,2016-04-29 17:41:22
2016-04-05 09:38:04,5301,sedan,2014,manual,259,cooper,150000,2,other,mini,,2016-04-05,0,69959,2016-04-18 07:29:46
2016-04-09 02:10:24,16108,other,2001,manual,174,6_reihe,80000,2,gasoline,mazda,no,2016-04-09,0,77463,2016-04-09 07:58:57
2016-03-02 04:49:13,8908,small,2003,manual,118,polo,80000,3,gasoline,volkswagen,no,2016-03-02,0,32619,2016-03-22 15:20:56
2016-03-21 14:55:57,19195,other,2003,auto,190,5_reihe,150000,11,gasoline,peugeot,no,2016-03-21,0,51427,2016-03-22 16:15:05
2016-04-04 08:40:24,21425,other,2011,manual,186,vectra,150000,9,gasoline,opel,no,2016-04-04,0,31385,2016-04-29 23:02:03
2016-03-13 00:31:58,4300,small,1995,manual,156,v40,125000,3,,volvo,no,2016-03-13,0,36100,2016-03-15 09:42:10
2016-03-05 19:20:26,18416,sedan,2009,auto,159,corolla,150000,9,petrol,toyota,no,2016-03-05,0,38562,2016-03-21 15:43:04
2016-03-27 15:37:39,27390,coupe,2014,manual,252,andere,125000,1,petrol,sonstige_autos,no,2016-03-27,0,31263,2016-04-01 06:56:43
2016-03-22 14:39:33,20000,small,2004,auto,80,fabia,50000,4,electric,skoda,no,2016-03-22,0,67337,2016-03-29 09:07:12
2016-04-05 19:13:25,7866,wagon,1998,manual,197,insignia,125000,4,hybrid,opel,yes,2016-04-05,0,80960,2016-04-16 11:23:34
2016-03-02 06:17:01,31180,other,2012,manual,255,a1,90000,4,gasoline,audi,no,2016-03-02,0,58889,2016-03-15 22:03:21
2016-03-07 21:48:36,2198,small,1998,manual,53,c4,70000,10,petrol,citroen,yes,2016-03-07,0,46056,2016-03-26 06:35:49
2016-03-29 18:51:21,20002,coupe,2008,auto,104,tucson,125000,8,other,hyundai,,2016-03-29,0,13834,2016-04-23 18:42:41
2016-04-02 16:11:14,15900,wagon,2012,manual,42,focus,80000,2,petrol,ford,no,2016-04-02,0,43602,2016-04-04 12:08:41
2016-03-23 14:41:54,3770,small,2013,manual,117,fiesta,150000,7,lpg,ford,yes,2016-03-23,0,80102,2016-04-11 11:57:19
2016-04-06 06:41:11,14118,wagon,2012,manual,73,altea,150000,12,petrol,seat,,2016-04-06,0,18277,2016-04-17 16:54:23
2016-03-02 09:42:42,7658,wagon,2003,auto,200,andere,150000,4,petrol,sonstige_autos,,2016-03-02,0,47926,2016-03-30 00:08:24
2016-03-02 03:13:32,14009,small,2016,manual,194,octavia,100000,6,petrol,skoda,no,2016-03-02,0,12322,2016-03-03 01:56:42
2016-04-04 16:18:57,0,coupe,2016,manual,208,scenic,40000,5,petrol,renault,,2016-04-04,0,12089,2016-04-26 04:44:10
2016-03-31 16:57:08,3695,sedan,1999,manual,98,a4,90000,1,petrol,audi,yes,2016-03-31,0,95485,2016-04-11 01:11:19
2016-04-09 05:34:12,7553,,1997,manual,111,leon,125000,11,other,seat,no,2016-04-09,0,91554,2016-04-27 18:06:02
2016-03-27 00:37:52,11189,small,2006,manual,126,clubman,30000,3,gasoline,mini,no,2016-03-27,0,51824,2016-04-15 11:10:43
2016-03-01 05:13:25,20969,wagon,2005,manual,135,6_reihe,100000,9,gasoline,mazda,no,2016-03-01,0,29245,2016-03-24 15:12:47
2016-03-01 05:01:18,24322,other,2014,manual,259,note,125000,4,gasoline,nissan,no,2016-03-01,0,47930,2016-03-28 00:40:27
2016-03-26 17:36:48,10893,other,1998,manual,55,c4,30000,6,,citroen,,2016-03-26,0,23902,2016-04-23 17:53:18
2016-03-20 15:34:51,14278,sedan,2005,manual,103,s60,150000,0,gasoline,volvo,no,2016-03-20,0,80284,2016-04-11 09:07:44
2016-04-02 13:43:03,25428,wagon,2009,manual,219,focus,100000,3,gasoline,ford,no,2016-04-02,0,66242,2016-04-02 16:35:29
2016-03-16 17:39:33,5907,,1996,manual,250,panda,125000,0,,fiat,no,2016-03-16,0,15708,2016-03-26 02:17:33
2016-03-01 08:51:46,20438,,1000,auto,87,a1,60000,0,petrol,audi,,2016-03-01,0,39243,2016-03-15 09:43:28
2016-03-24 20:43:54,5808,sedan,1998,manual,108,c4,150000,10,other,citroen,no,2016-03-24,0,58175,2016-04-10 10:22:22
2016-03-04 00:13:40,28066,wagon,2005,manual,225,zafira,125000,6,electric,opel,no,2016-03-04,0,24533,2016-03-13 11:46:31
2016-03-14 21:18:59,15275,small,2012,manual,168,3_reihe,90000,6,gasoline,mazda,,2016-03-14,0,79913,2016-04-12 23:56:35
2016-04-07 23:06:53,17385,sedan,2007,manual,232,corolla,100000,7,other,toyota,no,2016-04-07,0,63240,2016-04-22 17:40:14
2016-03-14 03:49:44,27998,,2008,manual,228,andere,20000,8,other,sonstige_autos,no,2016-03-14,0,57834,2016-04-12 09:42:52
2016-03-01 05:48:12,23195,other,2010,auto,202,forfour,150000,7,petrol,smart,no,2016-03-01,0,60767,2016-03-19 07:39:52
2016-03-30 20:22:46,7993,small,2010,manual,172,fabia,150000,3,,skoda,no,2016-03-30,0,35110,2016-04-12 16:17:55
2016-04-03 00:36:43,12129,other,2001,manual,180,andere,90000,11,other,sonstige_autos,no,2016-04-03,0,13474,2016-04-09 14:28:49
2016-03-19 11:22:23,15805,convertible,2004,,142,c3,150000,0,petrol,citroen,no,2016-03-19,0,50285,2016-04-15 08:24:48
2016-03-19 17:36:39,3108,small,1996,manual,40,polo,150000,4,gasoline,volkswagen,no,2016-03-19,0,23771,2016-03-25 00:58:33
2016-04-06 02:21:07,20103,,2014,manual,158,a_klasse,20000,1,other,mercedes_benz,no,2016-04-06,0,4345,2016-04-06 20:17:12
2016-03-09 14:43:55,6387,other,2010,manual,162,,150000,8,petrol,hyundai,yes,2016-03-09,0,20083,2016-03-13 13:24:33
2016-04-09 03:30:49,9183,sedan,2014,auto,54,c_klasse,80000,4,petrol,mercedes_benz,yes,2016-04-09,0,17543,2016-04-15 08:10:43
2016-03-18 14:06:51,14697,,2013,manual,93,tucson,125000,3,other,hyundai,no,2016-03-18,0,79320,2016-04-02 23:18:09
2016-04-09 11:01:03,16259,,2006,manual,221,scenic,5000,8,,renault,no,2016-04-09,0,46388,2016-04-15 02:03:05
2016-03-14 20:49:42,15538,wagon,2000,manual,157,2_reihe,150000,5,petrol,peugeot,no,2016-03-14,0,11717,2016-03-23 05:58:34
2016-04-09 14:14:23,12338,,1999,manual,212,6_reihe,150000,2,gasoline,mazda,,2016-04-09,0,23504,2016-05-02 05:54:16
2016-03-14 13:22:23,10632,wagon,1996,manual,59,5er,5000,8,other,bmw,,2016-03-14,0,25037,2016-03-31 18:59:17
2016-03-29 12:39:33,9208,sedan,1996,manual,59,3_reihe,150000,7,hybrid,mazda,no,2016-03-29,0,67516,2016-04-21 16:39:39
2016-04-07 17:28:02,8145,small,2014,manual,151,a1,150000,11,other,audi,no,2016-04-07,0,98997,2016-04-13 22:33:53
2016-04-08 15:07:28,14712,suv,2009,,180,c3,70000,12,gasoline,citroen,yes,2016-04-08,0,40386,2016-04-28 20:07:05
2016-03-15 22:12:53,21887,,2010,auto,164,megane,90000,6,lpg,renault,no,2016-03-15,0,56987,2016-03-26 05:38:03
2016-03-04 16:04:32,1784,wagon,1996,manual,45,i30,125000,3,other,hyundai,yes,2016-03-04,0,81482,2016-03-21 22:03:23
2016-03-04 08:35:04,20828,wagon,2002,auto,181,fabia,125000,0,petrol,skoda,no,2016-03-04,0,93285,2016-03-31 17:22:06
2016-03-03 15:23:24,13333,small,2011,auto,48,punto,150000,1,gasoline,fiat,no,2016-03-03,0,60293,2016-03-20 01:20:53
2016-03-23 13:17:44,21885,sedan,2013,manual,158,c3,40000,9,gasoline,citroen,no,2016-03-23,0,73121,2016-04-18 13:15:03
2016-03-10 15:27:27,4660,sedan,2010,manual,144,touran,150000,12,cng,volkswagen,yes,2016-03-10,0,73574,2016-03-30 20:21:03
2016-03-08 05:01:12,3547,small,1999,manual,50,andere,90000,6,other,sonstige_autos,no,2016-03-08,0,23783,2016-03-08 22:41:10
2016-03-15 20:13:50,8116,wagon,1995,manual,146,twingo,150000,8,petrol,renault,,2016-03-15,0,66542,2016-04-06 11:56:02
2016-04-05 20:47:44,8520,,1995,manual,42,golf,90000,7,other,volkswagen,no,2016-04-05,0,66789,2016-04-06 10:54:39
2016-03-10 23:03:31,21112,other,2013,,134,i20,60000,7,gasoline,hyundai,no,2016-03-10,0,37419,2016-04-01 20:06:30
2016-03-16 21:35:44,16732,wagon,2007,manual,47,tucson,100000,8,gasoline,hyundai,no,2016-03-16,0,86581,2016-03-29 07:45:26
2016-03-06 07:48:13,6413,,1998,manual,0,i30,125000,0,petrol,hyundai,no,2016-03-06,0,26246,2016-04-03 13:42:46
2016-03-18 20:40:29,11960,suv,1998,manual,172,octavia,125000,5,other,skoda,no,2016-03-18,0,91460,2016-04-16 18:14:43
2016-03-05 18:43:23,13930,bus,1999,manual,225,c_klasse,90000,7,petrol,mercedes_benz,no,2016-03-05,0,41820,2016-04-01 01:27:28
2016-03-30 23:18:09,28612,wagon,2013,manual,67,andere,40000,2,gasoline,sonstige_autos,,2016-03-30,0,84677,2016-04-11 07:05:55
2016-03-18 21:04:22,9971,suv,2009,manual,40,yaris,50000,5,gasoline,toyota,,2016-03-18,0,17335,2016-04-11 02:22:05
2016-04-08 04:31:59,48425,suv,2009,auto,228,vectra,100000,4,gasoline,opel,no,2016-04-08,0,81201,2016-05-04 01:51:09
2016-03-16 13:09:09,19959,,2005,manual,200,2_reihe,70000,5,cng,mazda,,2016-03-16,0,45956,2016-03-24 01:31:30
2016-03-18 22:13:06,15289,sedan,2009,manual,141,fiesta,5000,0,lpg,ford,no,2016-03-18,0,8252,2016-03-30 21:23:31
2016-04-03 21:42:30,15994,sedan,2011,auto,114,3_reihe,150000,4,petrol,peugeot,no,2016-04-03,0,47916,2016-04-14 23:56:02
2016-03-07 18:34:15,13938,bus,2008,,119,panda,150000,9,petrol,fiat,no,2016-03-07,0,18555,2016-03-16 23:12:26
2016-03-03 11:50:34,9077,,1998,,186,tucson,150000,8,gasoline,hyundai,,2016-03-03,0,89280,2016-03-31 22:37:51
2016-03-07 02:35:24,19678,suv,2007,manual,180,500,150000,9,gasoline,fiat,no,2016-03-07,0,39687,2016-03-29 19:38:58
2016-03-17 21:59:04,35717,coupe,2000,manual,254,s60,125000,8,electric,volvo,no,2016-03-17,0,62843,2016-04-14 04:22:32
2016-04-01 08:34:42,6729,small,2004,manual,133,note,150000,10,petrol,nissan,no,2016-04-01,0,21756,2016-04-30 22:31:09
2016-03-22 21:10:28,14905,suv,2013,manual,89,5_reihe,60000,3,other,peugeot,no,2016-03-22,0,21317,2016-04-17 07:29:19
2016-03-26 05:26:15,38918,sedan,2013,manual,156,panda,70000,10,hybrid,fiat,no,2016-03-26,0,22064,2016-04-04 08:26:07
2016-03-13 22:44:05,16508,wagon,2016,auto,79,octavia,90000,2,electric,skoda,,2016-03-13,0,85494,2016-04-07 02:51:44
2016-03-02 20:31:34,14613,wagon,2007,manual,91,ibiza,150000,10,gasoline,seat,no,2016-03-02,0,38827,2016-03-28 14:21:33
2016-03-14 15:54:37,13312,sedan,2016,manual,121,corolla,125000,7,petrol,toyota,no,2016-03-14,0,26730,2016-03-19 19:14:06
2016-03-11 15:26:29,8792,other,1996,manual,179,500,150000,8,petrol,fiat,no,2016-03-11,0,97031,2016-03-17 17:10:10
2016-03-30 21:01:07,23110,wagon,2016,manual,87,avensis,125000,5,petrol,toyota,no,2016-03-30,0,55827,2016-04-01 21:25:40
2016-03-16 01:11:14,23743,suv,2016,manual,65,andere,60000,10,other,sonstige_autos,no,2016-03-16,0,77112,2016-03-23 01:08:14
2016-03-30 14:14:17,17165,sedan,1997,auto,230,punto,80000,12,petrol,fiat,no,2016-03-30,0,62581,2016-04-02 09:48:34
2016-03-14 12:32:45,14696,small,2004,manual,237,andere,125000,3,gasoline,sonstige_autos,,2016-03-14,0,4720,2016-04-10 13:42:01
2016-04-09 14:43:14,6956,wagon,1995,manual,112,panda,125000,2,,fiat,no,2016-04-09,0,21135,2016-05-01 19:41:40
2016-03-26 05:10:15,0,sedan,2002,auto,74,andere,150000,10,cng,sonstige_autos,,2016-03-26,0,19734,2016-04-14 23:52:46
2016-03-29 05:10:05,14809,small,2013,manual,210,mondeo,150000,8,petrol,ford,no,2016-03-29,0,36113,2016-04-03 15:21:52
2016-04-03 06:31:31,21964,sedan,1998,auto,159,leon,90000,6,gasoline,seat,no,2016-04-03,0,50637,2016-04-03 22:21:58
2016-03-12 08:38:08,38691,,2009,auto,224,s_klasse,150000,4,gasoline,mercedes_benz,,2016-03-12,0,89299,2016-03-18 17:46:57
2016-04-02 17:46:48,27016,suv,1999,manual,158,7er,40000,8,gasoline,bmw,,2016-04-02,0,1136,2016-04-10 12:36:56
2016-03-19 07:37:08,19458,sedan,1998,auto,0,a4,150000,7,petrol,audi,no,2016-03-19,0,84251,2016-04-11 15:20:49
2016-03-06 04:30:53,24539,convertible,2016,manual,0,focus,150000,1,petrol,ford,,2016-03-06,0,87912,2016-03-19 02:20:51
2016-03-21 02:35:29,0,suv,2013,,97,v40,150000,6,lpg,volvo,no,2016-03-21,0,6170,2016-03-28 01:31:47
2016-04-05 08:23:12,9165,wagon,2016,manual,87,5er,60000,3,other,bmw,yes,2016-04-05,0,78348,2016-04-21 15:50:48
2016-04-08 20:30:15,8763,sedan,2002,manual,100,a1,90000,4,petrol,audi,no,2016-04-08,0,58034,2016-04-12 07:24:47
2016-04-02 09:50:34,19496,,2004,manual,163,corolla,150000,1,hybrid,toyota,no,2016-04-02,0,98400,2016-04-02 20:04:57
2016-03-23 03:45:24,23098,coupe,1000,auto,208,megane,125000,5,gasoline,renault,no,2016-03-23,0,16859,2016-03-23 18:21:24
2016-03-23 01:28:46,8485,small,2001,manual,106,qashqai,70000,5,gasoline,nissan,no,2016-03-23,0,76157,2016-03-30 16:26:42
2016-03-30 03:38:36,16625,sedan,2006,manual,215,tucson,80000,11,petrol,hyundai,no,2016-03-30,0,40828,2016-04-13 21:34:59
2016-04-07 07:00:33,11610,small,2011,manual,140,megane,60000,5,cng,renault,no,2016-04-07,0,37969,2016-05-05 11:53:15
2016-03-05 16:32:28,7625,small,1996,manual,207,,150000,2,gasoline,opel,no,2016-03-05,0,10480,2016-03-09 09:01:06
2016-03-16 06:38:59,19943,suv,2005,manual,182,x_reihe,125000,2,gasoline,bmw,no,2016-03-16,0,5259,2016-03-31 01:07:32
2016-03-10 13:25:51,4149,wagon,2001,manual,142,s60,150000,1,petrol,volvo,yes,2016-03-10,0,95230,2016-03-12 19:10:36
2016-03-19 21:15:53,31103,convertible,2011,manual,139,ibiza,150000,7,,seat,,2016-03-19,0,76867,2016-04-06 12:24:00
2016-03-01 14:47:05,28118,sedan,2015,auto,0,punto,90000,3,petrol,fiat,no,2016-03-01,0,48230,2016-03-19 00:09:43
2016-03-20 01:27:18,12147,sedan,1995,manual,134,golf,80000,4,gasoline,volkswagen,,2016-03-20,0,54988,2016-04-14 14:51:52
2016-04-05 11:27:06,23755,sedan,2010,manual,131,insignia,30000,10,gasoline,opel,,2016-04-05,0,59792,2016-04-16 18:42:27
2016-04-05 04:51:20,9534,wagon,2001,manual,42,twingo,70000,8,petrol,renault,no,2016-04-05,0,37437,2016-05-01 11:34:27
2016-04-08 01:46:08,6515,other,1995,manual,76,vectra,125000,6,petrol,opel,,2016-04-08,0,14205,2016-05-06 05:22:28
2016-04-07 14:16:18,22504,suv,2000,auto,201,3_reihe,150000,9,petrol,mazda,no,2016-04-07,0,3573,2016-04-19 08:14:14
2016-03-01 02:27:46,21716,convertible,2015,manual,137,note,60000,0,lpg,nissan,no,2016-03-01,0,80258,2016-03-04 22:18:37
2016-04-02 12:36:31,23508,small,2014,manual,222,panda,150000,2,,fiat,,2016-04-02,0,52230,2016-04-26 03:14:58
2016-03-03 06:09:51,30421,sedan,2000,auto,234,2_reihe,20000,3,petrol,mazda,no,2016-03-03,0,63121,2016-03-18 19:13:53
2016-03-09 14:48:39,37211,sedan,2012,auto,237,andere,125000,10,electric,sonstige_autos,no,2016-03-09,0,47785,2016-04-06 23:08:16
2016-03-01 13:36:47,28228,other,2004,manual,137,,10000,4,hybrid,smart,no,2016-03-01,0,56980,2016-03-03 16:50:51
2016-03-27 06:04:58,7770,small,2014,manual,90,v70,150000,10,,volvo,no,2016-03-27,0,13348,2016-04-02 02:15:55
2016-03-14 09:46:08,13053,small,2009,manual,106,clio,150000,12,electric,renault,no,2016-03-14,0,29787,2016-03-15 06:10:41
2016-03-09 18:20:06,5501,small,2008,manual,198,avensis,50000,1,petrol,toyota,,2016-03-09,0,96050,2016-03-12 00:59:30
2016-03-16 17:54:25,23242,sedan,2004,auto,47,leon,5000,11,gasoline,seat,no,2016-03-16,0,11973,2016-03-30 15:02:54
2016-03-02 12:34:28,7129,coupe,2007,manual,149,ibiza,100000,3,other,seat,yes,2016-03-02,0,59725,2016-03-02 13:28:56
2016-03-26 18:57:03,15820,sedan,2000,manual,237,i20,60000,10,other,hyundai,,2016-03-26,0,79345,2016-04-10 16:36:15
2016-04-02 03:16:38,11595,,2014,manual,193,twingo,150000,12,other,renault,,2016-04-02,0,11760,2016-04-04 01:40:47
2016-03-06 08:15:43,12703,,2003,auto,88,octavia,150000,6,petrol,skoda,no,2016-03-06,0,49953,2016-03-12 21:17:41
2016-03-19 16:24:53,6461,small,1999,manual,198,fortwo,50000,12,other,smart,no,2016-03-19,0,22949,2016-04-11 16:07:53
2016-04-09 18:07:13,11782,suv,2014,manual,125,altea,150000,2,gasoline,seat,yes,2016-04-09,0,91229,2016-04-19 06:38:25
2016-03-18 20:04:42,16918,wagon,1999,manual,174,clubman,100000,10,gasoline,mini,no,2016-03-18,0,15038,2016-03-19 00:16:00
2016-03-05 22:11:23,60974,suv,2016,manual,207,altea,150000,9,hybrid,seat,,2016-03-05,0,61938,2016-03-26 08:51:49
2016-03-14 11:11:36,18865,small,2013,manual,259,ibiza,150000,10,gasoline,seat,no,2016-03-14,0,1219,2016-03-15 01:33:21
2016-03-01 09:16:36,14968,,2008,manual,44,berlingo,150000,11,other,citroen,no,2016-03-01,0,95190,2016-03-21 12:06:26
2016-03-14 05:57:30,9373,sedan,2009,auto,95,3_reihe,30000,2,petrol,peugeot,,2016-03-14,0,1998,2016-04-08 11:51:51
2016-03-04 19:38:46,14084,wagon,2007,manual,51,7er,90000,6,petrol,bmw,,2016-03-04,0,67978,2016-03-28 00:41:35
2016-03-20 01:55:27,22299,coupe,1995,auto,122,e_klasse,30000,1,petrol,mercedes_benz,no,2016-03-20,0,71127,2016-03-27 15:20:10
2016-03-07 20:37:53,15551,other,2002,manual,102,punto,125000,5,gasoline,fiat,,2016-03-07,0,71482,2016-03-14 17:35:41
2016-04-04 10:59:48,15720,sedan,2002,manual,175,insignia,125000,0,gasoline,opel,,2016-04-04,0,30672,2016-04-29 09:08:05
2016-04-05 20:00:22,19341,coupe,1997,manual,151,3_reihe,100000,5,gasoline,peugeot,,2016-04-05,0,51198,2016-05-01 11:25:44
2016-03-01 06:53:25,37859,coupe,1998,auto,247,6_reihe,150000,9,gasoline,mazda,no,2016-03-01,0,81699,2016-03-24 07:02:47
2016-03-18 22:51:47,6732,,1998,manual,125,avensis,125000,12,gasoline,toyota,no,2016-03-18,0,79551,2016-03-25 08:53:12
